ISO-10303-21;
HEADER;
/* Generated by software containing ST-Developer
 * from STEP Tools, Inc. (www.steptools.com) 
 */
/* OPTION: using custom renumber hook */

FILE_DESCRIPTION(
/* description */ ('STEP AP242 Edition 2',
'CAx-IF Rec.Pracs.---Representation and Presentation of Product Manufa
cturing Information (PMI)---4.0---2014-10-13',
'CAx-IF Rec.Pracs.---3D Tessellated Geometry---0.4---2014-09-14','2;1',
'CAx-IF Rec.Pracs.---User Defined Attributes---1.5---2016-08-15'),
/* implementation_level */ '2;1');

FILE_NAME(
/* name */ 'slipcase-cap',
/* time_stamp */ '2026-05-30T19:33:09Z',
/* author */ (''),
/* organization */ (''),
/* preprocessor_version */ 'ST-DEVELOPER v20',
/* originating_system */ 'ONSHAPE BY PTC INC, 1.215',
/* authorisation */ '  ');

FILE_SCHEMA (('AP242_MANAGED_MODEL_BASED_3D_ENGINEERING_MIM_LF { 1 0 10303 442 3 1 4 }'));
ENDSEC;

DATA;
#10=SHAPE_REPRESENTATION_RELATIONSHIP('','',#31,#11);
#11=TESSELLATED_SHAPE_REPRESENTATION('',(#29),#37);
#12=STYLED_ITEM('',(#14),#27);
#13=STYLED_ITEM('',(#15),#29);
#14=PRESENTATION_STYLE_ASSIGNMENT((#16));
#15=PRESENTATION_STYLE_ASSIGNMENT((#17));
#16=SURFACE_STYLE_USAGE(.BOTH.,#18);
#17=SURFACE_STYLE_USAGE(.BOTH.,#19);
#18=SURFACE_SIDE_STYLE('',(#20));
#19=SURFACE_SIDE_STYLE('',(#21));
#20=SURFACE_STYLE_FILL_AREA(#22);
#21=SURFACE_STYLE_FILL_AREA(#23);
#22=FILL_AREA_STYLE('',(#24));
#23=FILL_AREA_STYLE('',(#25));
#24=FILL_AREA_STYLE_COLOUR('',#26);
#25=FILL_AREA_STYLE_COLOUR('',#26);
#26=COLOUR_RGB('',0.231372549019608,0.380392156862745,0.705882352941177);
#27=COMPLEX_TRIANGULATED_FACE('ConvergentBody',#28,5429,((-1.,0.,0.),(0.,
1.,0.),(-0.707096665860936,0.,-0.707116896367459),(-0.707096665860936,0.,
-0.707116896367459),(-1.,0.,0.),(0.,-1.,0.),(-1.,0.,0.),(0.,0.,1.),(0.,
1.,0.),(0.,1.,0.),(-0.707096665860936,0.,-0.707116896367459),(-1.19999519508414E-5,
0.,-0.999999999928001),(0.,1.,0.),(0.319458721784246,-1.3849469843632E-5,
-0.947600192530673),(0.,1.,0.),(0.364517734204292,0.,-0.931196446218825),
(-1.19999519508414E-5,0.,-0.999999999928001),(-1.,0.,0.),(0.,-1.,0.),(0.,
0.,1.),(0.,-1.,0.),(0.320097167749475,-3.74534874397204E-5,-0.947384716889607),
(-0.707096665860936,0.,-0.707116896367459),(-1.19999519508414E-5,0.,-0.999999999928001),
(0.,-1.,0.),(-1.19999519508414E-5,0.,-0.999999999928001),(0.,-1.,0.),(0.3652224916128,
-2.64844419093034E-5,-0.930920260236457),(-1.,0.,0.),(-0.707479250280524,
0.0408873124808708,-0.705550379562367),(-1.,0.,0.),(-0.705843773634691,
0.0246984858381676,-0.707936827703179),(-5.39551731636246E-6,-0.999999999985246,
0.),(-1.,0.,0.),(-1.90943869609103E-6,-0.99999999999776,0.),(0.,0.,0.999999999999972),
(-0.706835090615383,0.0212412827463272,-0.70705937698473),(-6.10573160829336E-5,
0.0287503101054,-0.999586622529957),(-1.37491580511214E-6,-0.999999999998534,
1.02027859062658E-6),(-0.999999999948205,0.,1.01774903097082E-5),(0.,0.,
1.),(-1.36522459473056E-6,0.999999999998746,0.),(-0.999999999949295,0.,
1.00641843600235E-5),(-3.17884007739636E-6,0.999999999994948,0.),(-0.705841551346426,
-0.0246983830582925,-0.707939046999935),(-0.999999999948276,0.,1.01560451091847E-5),
(-0.707692487666943,-0.0407232947366836,-0.705345983305756),(-0.70706203663016,
-0.0204370652718235,-0.706856140045119),(-1.08489663489829E-6,0.999999999999054,
0.),(1.74074836452001E-5,-0.0273274482644197,-0.999626535396262),(-1.,0.,
0.),(0.,-0.0226690477826529,0.999743024118012),(-1.,0.,0.),(-0.709795940417136,
0.0853404337964732,-0.699218659166632),(-0.708247428666493,0.0483083829983058,
-0.704309505770999),(-2.08788210320793E-5,0.0680063805519532,-0.99768488600775),
(-1.,0.,0.),(0.,-0.00284219498516407,0.999995960955669),(-0.707531035034906,
0.0285285726050645,-0.706106192443851),(-2.92999284888233E-5,0.0399335608519037,
-0.999202336796307),(-0.999999999946394,1.21406730955159E-6,1.02829569990676E-5),
(-0.710104205731726,-0.0853327548325444,-0.698906530198998),(-0.999999999947039,
0.,1.02872746752835E-5),(0.,0.0226690700540699,0.99974302361301),(-0.708552835520466,
-0.0476064734954634,-0.704050071342396),(6.37753094769583E-5,-0.0670339657263692,
-0.997750691992597),(-0.999999999947877,0.,1.02100847556785E-5),(0.,0.00284212461022607,
0.999995961155694),(-0.707820890420821,-0.0272060594495962,-0.705867846989153),
(5.41477395003444E-5,-0.0380849903906206,-0.999274502113893),(-1.,0.,0.),
(0.,-0.0720001440407418,0.997404621634626),(-1.,0.,0.),(-0.710145457843407,
0.139056016771314,-0.690186100196225),(-0.712435286049203,0.0770909667614122,
-0.697490463042887),(0.000105762254199886,0.104395095551378,-0.994535898215426),
(-0.999999999948367,-2.42563147929369E-6,9.86822883665784E-6),(-0.710274001552079,
-0.139142984555357,-0.690036283515747),(-0.9999999999446,0.,1.04925842338323E-5),
(0.,0.0720001157878903,0.997404623674129),(-0.712581939289292,-0.0776976478509522,
-0.697273300304222),(0.000180542910839949,-0.105508665583044,-0.994418367132839),
(-1.,0.,0.),(0.,-0.240084835192164,0.970751910588256),(-1.,0.,0.),(-0.709487683175626,
0.183386841214303,-0.680438457093309),(-0.709628274498032,0.140792920405262,
-0.69036589255025),(9.86275148486948E-5,0.198286667313981,-0.980144064838495),
(-1.,0.,0.),(0.,-0.147792722207133,0.989018357394141),(-0.714099818721226,
0.0998456332911979,-0.692886930469172),(0.000228515391866051,0.148149032747781,
-0.988965020552604),(-0.999999999956903,-3.72542523949155E-6,8.50386564042492E-6),
(-0.709564527769177,-0.183333994252438,-0.680372565204647),(-0.999999999959176,
1.41475341245474E-6,8.92454492657835E-6),(0.,0.24008470783851,0.970751942085153),
(-0.709698446981276,-0.140903159526359,-0.690271261163214),(0.000135062626011978,
-0.198427172102359,-0.980115625387917),(-0.999999999943058,1.55064573004214E-6,
1.05584094785158E-5),(0.,0.147792926779789,0.98901832682406),(-0.714075875966671,
-0.1009572130723,-0.692750521104896),(0.000295003934377399,-0.149642683886303,
-0.988740097362286),(-1.,0.,0.),(-0.708687680773944,0.220347389708255,-0.670230407373469),
(-0.709267216541367,0.18568271267834,-0.680045546821736),(-0.000223308557733591,
0.262420020244812,-0.96495372070789),(-0.709744626955907,0.165958406762508,
-0.684631559111958),(-0.000114049239488488,0.236882750215755,-0.971538238899011),
(-0.999999999966175,2.52405186705646E-6,7.82805774381918E-6),(-0.708815005464912,
-0.220297513919756,-0.670112149858926),(-0.709399633820352,-0.185238083723468,
-0.680028684596472),(-0.000195347000998935,-0.261795652550704,-0.96512330722302),
(-0.709841692230814,-0.16545400647655,-0.684653009714959),(-9.60445550132698E-5,
-0.236203786747645,-0.971703536013694),(-1.,0.,0.),(0.,-0.338064290641324,
0.941123018203879),(-1.,0.,0.),(-0.707925112627635,0.256936218039034,-0.657894987646925),
(-0.708615817773105,0.221445395485465,-0.669944445174404),(-0.000374055887915373,
0.312811386240316,-0.949815190824302),(-0.709097875384183,0.201917553195717,
-0.675580864765345),(-0.000298802155469876,0.287695739442588,-0.957721813588818),
(-0.99999999996522,3.01230449239366E-6,7.777286770144E-6),(-0.708036436292995,
-0.256915382300743,-0.657783316312278),(-0.999999999965702,2.8637330330355E-6,
7.77142976599824E-6),(0.,0.338063695765825,0.941123231891101),(-0.708744932808653,
-0.221404854162339,-0.669821252851394),(-0.000341094061676641,-0.312819928344552,
-0.949812389940956),(-0.709252872476692,-0.201600147726257,-0.675512948299522),
(-0.000268354626606514,-0.287332060464153,-0.95783099501698),(-1.,0.,0.),
(-0.707273578079581,0.292815748605144,-0.64344620841164),(-0.708072519396174,
0.256502253043985,-0.657905693438896),(-0.000461719117358214,0.36212894027683,
-0.932127897570627),(-0.708502387399477,0.237299887936026,-0.664615024081453),
(-0.000418739444949274,0.337609724305177,-0.941286087601352),(-0.9999999999644,
3.44870579595269E-6,7.70107469339988E-6),(-0.707327165283517,-0.292822590114475,
-0.643384186913724),(-0.708145018759595,-0.256745173179972,-0.657732885337779),
(-0.000439975186357589,-0.362541635369847,-0.931967472096099),(-0.708612887687633,
-0.237446663471547,-0.664444773784265),(-0.000391341649649403,-0.337881224124737,
-0.941188676746423),(-1.,0.,0.),(0.,-0.43340133082539,0.901201024432829),
(-1.,0.,0.),(-0.706785825344514,0.327619980112489,-0.626991982184116),(-0.707655673990896,
0.290778677236094,-0.643949693635549),(-0.00049166519301675,0.410347079434265,
-0.911929291483231),(-0.70805264072383,0.2718774702952,-0.651723943943978),
(-0.000477909114002785,0.386385685331315,-0.922337180088675),(-0.999999999963287,
3.94343185589817E-6,7.60764023410554E-6),(-0.706796619645294,-0.327625806004172,
-0.626976769663839),(-0.999999999963976,3.73756031088975E-6,7.62088351558107E-6),
(0.,0.433402249300017,0.901200582723783),(-0.707665732618655,-0.291060536948426,
-0.64381128811834),(-0.000485400506455862,-0.410778237058452,-0.911735161297127),
(-0.708091201836784,-0.272191701674175,-0.651550863264761),(-0.000463791231812387,
-0.386853802757517,-0.922140943776894),(-1.,0.,0.),(0.,-0.521627913597401,
0.853173088977859),(-1.,0.,0.),(-0.706494234522992,0.361056901553695,-0.608690241770161),
(-0.707443317543529,0.323913199819662,-0.628175287197445),(-0.000470621952544977,
0.456995062592708,-0.889469106422963),(-0.707744985405643,0.305588346504453,
-0.636955883962021),(-0.000482101365199132,0.433921756688506,-0.900950429630085),
(-0.999999999962336,4.38901952001645E-6,7.48767054201542E-6),(-0.706521163742735,
-0.361022163925752,-0.608679589224067),(-0.999999999962136,4.59791822149271E-6,
7.38829246840881E-6),(0.,0.521628455989162,0.853172757360643),(-0.707450220239161,
-0.323928979417783,-0.628159376414072),(-0.000470335870475258,-0.457014811570226,
-0.889458959587006),(-0.70773765807493,-0.305782468590634,-0.636870857588281),
(-0.000478755039351484,-0.43418081375984,-0.900825616729706),(-1.,0.,0.),
(-0.706155193153031,0.392661725584808,-0.589204219641854),(-0.707405060999853,
0.355828275879615,-0.610708046251509),(-0.000404955337129686,0.50204552153429,
-0.864841101196363),(-0.707659611838471,0.338016201011286,-0.620453802975308),
(-0.000438999313651122,0.479777069247547,-0.877390318560581),(-0.999999999961225,
4.85997236899895E-6,7.34370861868974E-6),(-0.706290641895206,-0.392519876596295,
-0.589136381195463),(-0.707474227022406,-0.355527877058872,-0.610802870599885),
(-0.000393669520553625,-0.501638122280713,-0.865077475893916),(-0.70768618251181,
-0.337842403610702,-0.620518152356887),(-0.000433290781645192,-0.479536887158887,
-0.877521615752605),(-1.,0.,0.),(0.,-0.601507878333464,0.798866867696223),
(-1.,0.,0.),(-0.706659805031872,0.429155835119771,-0.562545277408822),(-0.709503137773825,
0.410397570122616,-0.572869210140106),(-0.000144264213199529,0.575723269277428,
-0.817644602746417),(-0.706677642424798,0.376188496145596,-0.599240289921033),
(-0.000281040739552701,0.534443504103696,-0.845204153999178),(-0.999999999963183,
3.22629259761663E-6,7.95148964764107E-6),(-0.706883772255912,-0.429023454010152,
-0.562364835698723),(-0.999999999972144,3.74270317075519E-6,6.457873559174E-6),
(0.,0.601507838134692,0.798866897963941),(-0.709748585968018,-0.40991219624901,
-0.572912677537084),(-9.10950357400624E-5,-0.575115113857309,-0.818072489156425),
(-0.70679168281406,-0.375760863905253,-0.599374082073997),(-0.000249546519433698,
-0.533920062550461,-0.845534922124832),(-1.,0.,0.),(-0.707142495728315,
0.47518553379126,-0.523591634015142),(-0.999999999975804,2.55228443394848E-6,
6.4712599409373E-6),(-0.707438440989368,-0.474951917850414,-0.523403790529593),
(0.,-1.61595955295865E-5,0.999999999869335),(0.,-0.99999999999989,0.),(-1.,
0.,0.),(-1.,0.,0.),(0.,-0.00284552491162663,0.99999595148579),(0.,0.,1.),
(-1.,0.,0.),(0.,0.999999999999862,0.),(0.,0.00284548916997995,0.999995951587496),
(-1.,0.,0.),(-1.,0.,0.),(0.,-0.0226694170864383,0.999743015744026),(0.,
0.0226694847997676,0.999743014208608),(-1.,0.,0.),(-1.,0.,0.),(0.,-0.0720011040574087,
0.997404552332961),(0.,0.0720010363845202,0.99740455721816),(-1.,0.,0.),
(-1.,0.,0.),(0.,-0.147795647281079,0.989017920284949),(0.,0.14779601172476,
0.989017865823592),(-1.,0.,0.),(-1.,0.,0.),(0.,-0.338062037067395,0.941123827715483),
(0.,-0.240084335645722,0.970752034135161),(-1.,0.,0.),(-1.,0.,0.),(0.,0.338062408473381,
0.941123694302282),(0.,0.240083959127556,0.970752127254758),(-1.,0.,0.),
(-1.,0.,0.),(0.,-0.673610952353153,0.739086114650976),(-1.,0.,0.),(-0.70765731822835,
0.523234111543631,-0.474812788870526),(-0.707522074133674,0.474336315487816,
-0.523848808744496),(-1.,0.,0.),(0.000144261017234344,0.652810441190162,
-0.757521291490784),(-0.713442426249588,0.427707286259257,-0.555037279565835),
(-2.08276013503329E-6,0.615281112552085,-0.788307777795152),(-0.999999999980481,
4.60067697786377E-6,4.2274648431709E-6),(-0.707954866875763,-0.523029692899889,
-0.474594402423762),(-0.999999999981227,4.16357887481043E-6,4.49554541386895E-6),
(0.,0.673611246235868,0.739085846803036),(-0.707838704605143,-0.474055141392834,
-0.523675559083995),(0.000223975083048305,-0.652592670163924,-0.757708886501592),
(-1.,0.,0.),(-0.713793821558781,-0.427140729156884,-0.555021781374241),
(6.38712452722623E-5,-0.614816074806915,-0.788670520610148),(0.,-0.433398247341863,
0.901202507320636),(-1.,0.,0.),(-1.,0.,0.),(0.,0.433400765947187,0.901201296091163),
(0.,0.,1.),(1.,0.,0.),(0.,1.,0.),(0.,-1.,0.),(1.,0.,0.),(0.,0.,1.),(0.,
-0.601511131390087,0.798864418292502),(-1.,0.,0.),(-1.,0.,0.),(0.,-0.521629320432172,
0.85317222884097),(0.,0.601510470363389,0.798864916017229),(-1.,0.,0.),
(-1.,0.,0.),(0.,0.521628331928461,0.853172833211144),(-1.,0.,0.),(0.,-0.739086649254352,
0.673610365785723),(-1.,0.,0.),(-0.707862988705544,0.561695562067097,-0.42828505084229),
(-0.707927631986169,0.522511008819249,-0.47520596958913),(0.000267746158672261,
0.755800633077352,-0.654801749655472),(-1.,0.,0.),(-0.999999999979701,5.05031407930326E-6,
3.88496219983843E-6),(-0.70802195577364,-0.561617357897185,-0.42812481059973),
(-0.999999999980336,4.66675295909827E-6,4.18925127507683E-6),(0.,0.739085532089288,
0.673611591539437),(-0.708145360184249,-0.522536919505079,-0.474852942081718),
(-1.,0.,0.),(0.000334096336199382,-0.756328863378124,-0.654191515384289),
(0.,-0.673611903753235,0.739085247533694),(-1.,0.,0.),(-1.,0.,0.),(0.,0.673611751731855,
0.739085386087928),(-1.,0.,0.),(0.,-0.798866696721458,0.601508105406191),
(-1.,0.,0.),(-0.707212412083563,0.588108534955637,-0.392401523069525),(-0.706609058293487,
0.577493427900968,-0.408907054804366),(0.000132036748537357,0.817206511724324,
-0.57634494858692),(-0.707878585989495,0.556073681866733,-0.435534117874466),
(0.000199846697183933,0.787203687139747,-0.616693047645978),(-0.99999999997917,
5.35465157007041E-6,3.60374654363549E-6),(-0.707263836313992,-0.588085563277149,
-0.392343263109503),(-0.999999999979659,5.11034692800795E-6,3.81671805128666E-6),
(0.,0.798865992678855,0.601509040448459),(-0.706681959466879,-0.577647211144314,
-0.408563713050057),(0.000154437964691282,-0.817522835074707,-0.575896162758816),
(-0.707977915009059,-0.556316147333461,-0.435062772569063),(0.000243454722704442,
-0.787654518328399,-0.616117115885166),(0.,-0.739084115220335,0.673613146122441),
(-1.,0.,0.),(-1.,0.,0.),(0.,0.739085369576103,0.673611769848594),(-1.,0.,
0.),(0.,-0.853173031388239,0.521628007790804),(-1.,0.,0.),(-0.707278523500045,
0.607630818681195,-0.361305796223113),(-0.708489702733416,0.610325627718089,
-0.354323255335063),(-0.000166490856423063,0.865715315934722,-0.500536676015693),
(-0.707863812250549,0.598483266057216,-0.375162103037615),(-2.08230731770025E-5,
0.845509878944182,-0.533959777674494),(-0.999999999978694,5.60247466947269E-6,
3.35009858460361E-6),(-0.707341271676485,-0.607549666227352,-0.361319427169543),
(-0.999999999978941,5.55841068253657E-6,3.34984604748563E-6),(0.,0.853173817886515,
0.521626721394665),(-0.708486417399485,-0.610101853009849,-0.354714991668511),
(-0.000163373492847753,-0.865379167601255,-0.501117620515245),(-0.707865004597279,
-0.598455555931381,-0.375204054937252),(-8.39809027753057E-6,-0.84549400172419,
-0.533984918305646),(0.,-0.798866070467447,0.60150893713718),(-1.,0.,0.),
(-1.,0.,0.),(0.,0.798866155197083,0.601508824607445),(-1.,0.,0.),(-0.70714517504013,
0.626377862647122,-0.328019015612032),(-0.708154618378744,0.628288947000464,
-0.322133567865726),(-0.000308123615229537,0.890658536640817,-0.454672713244018),
(-0.708620968068364,0.620391486804457,-0.336111182072852),(-0.0002392057419863,
0.878489774019493,-0.477761090634004),(-0.999999999977931,2.53907758080883E-6,
6.13924096214245E-6),(-0.707344359420584,-0.626169744903106,-0.327986901817532),
(-0.708234834053982,-0.627836011155041,-0.322839531237201),(-0.000277466015031434,
-0.890079910814624,-0.455804426675346),(-0.70863254967219,-0.620014548407126,
-0.33678163445859),(-0.000222121936395236,-0.877978098131553,-0.478700751893233),
(-1.,0.,0.),(0.,-0.901201024658233,0.433401330356693),(-1.,0.,0.),(-0.707320943398036,
0.643511375411318,-0.292558016035703),(-0.707917375688863,0.644400601695201,
-0.289138122240316),(-0.000395200413414494,0.913001010993854,-0.407957102819443),
(-0.708224526422272,0.637332416023113,-0.303686370553718),(-0.000353216134528997,
0.902099608632678,-0.431527717931457),(-0.999999999979881,0.,6.34186914356303E-6),
(-0.70766332823558,-0.643177630427534,-0.292463928695771),(-0.999999999989398,
3.61174260764533E-6,2.85643715975917E-6),(0.,0.901200509025867,0.4334024025447),
(-0.708155577114191,-0.643874852287744,-0.289725479020233),(-0.000327047699489431,
-0.91252974322641,-0.409010220858776),(-0.708378207197935,-0.636801337462761,
-0.304441081611333),(-0.000303573168181669,-0.901543920529699,-0.432687493694089),
(-1.,0.,0.),(0.,-0.941122295512874,0.338066302503782),(-1.,0.,0.),(-0.707836085188474,
0.658397982400999,-0.255890940197868),(-0.708035122594897,0.658474427507759,
-0.255142496441416),(-0.000412124174365996,0.932916455631543,-0.360092650529756),
(-0.70811416345154,0.652323574741642,-0.270274463010495),(-0.000405228312629192,
0.923274607846708,-0.38414038357809),(-0.99999999999433,3.132597559338E-6,
1.23523757605041E-6),(-0.708255602562945,-0.658001918258774,-0.255748855336586),
(-0.99999999999428,3.19046602475977E-6,1.12285841575506E-6),(0.,0.941122472846516,
0.338065808834993),(-0.708414442237264,-0.658008637666255,-0.255291227397781),
(-0.000314945523850938,-0.932742224295604,-0.360543816789869),(-0.708436078466439,
-0.651790959746738,-0.270715473365522),(-0.000322402212130172,-0.922937288475673,
-0.384950201452065),(0.,-0.853173793649143,0.521626761037362),(-1.,0.,0.),
(-1.,0.,0.),(0.,0.853172049028785,0.521629614531254),(-1.,0.,0.),(-0.708577352524832,
0.670741058623831,-0.219145083825948),(-0.708469756211032,0.670394011380157,
-0.220550388890843),(-0.000355178503035069,0.950245690630797,-0.311501205913928),
(-0.708359863337125,0.665166414536547,-0.236177782582536),(-0.000384749585471347,
0.941887071671021,-0.335929451204781),(-0.999999999994182,3.24129534230828E-6,
1.06281354917589E-6),(-0.708961064249957,-0.670389126121358,-0.218980887192948),
(-0.708902406630191,-0.670089907110692,-0.220083834622872),(-0.00025187104951991,
-0.950406087475087,-0.31101158411106),(-0.708793560941744,-0.664759169303654,
-0.236023165799965),(-0.000284511566215118,-0.941884594057554,-0.335936497764391),
(0.,-0.901201274016353,0.43340081184892),(-1.,0.,0.),(-1.,0.,0.),(0.,0.901201084069409,
0.433401206818949),(-1.,0.,0.),(0.,-0.970751781203428,0.240085358342343),
(-1.,0.,0.),(-0.70936056622236,0.680680832292273,-0.182978664435479),(-0.709130001415938,
0.680257147304365,-0.185431536242243),(-0.00015615545352955,0.965060138329703,
-0.262028443155565),(-0.708929532963902,0.675914299190093,-0.201392098757497),
(-0.000292741241015869,0.957972695760121,-0.286859248553452),(-0.999999999994076,
3.32073178690864E-6,0.),(-0.709598305801125,-0.680471627139482,-0.182834922983329),
(-0.999999999993997,3.37253015232005E-6,0.),(0.,0.97075202396512,0.240084376767053),
(-0.709494596021166,-0.680159007648925,-0.184393987241427),(-9.97898486881524E-5,
-0.96544470631376,-0.260607960532146),(-0.709364286808281,-0.675721063025925,
-0.20050773946183),(-0.000202366212258113,-0.958285750345098,-0.28581179075302),
(-1.,0.,0.),(-0.709946069963401,0.69020574265226,-0.13997360663126),(-0.709499328717145,
0.690353116153827,-0.141503630930873),(5.64214956085778E-5,0.97994280576953,
-0.199278935758791),(-0.70962375558279,0.684716633753909,-0.166124221512975),
(-6.84631326007632E-5,0.97148403991299,-0.237104946188677),(-0.999999999993975,
3.40197881560485E-6,0.),(-0.710084086658491,-0.690067180506242,-0.139956694239837),
(-0.70969370300872,-0.690266727686932,-0.140949255259278),(8.98791393974238E-5,
-0.980110298979951,-0.198453505273077),(-0.709909295983612,-0.684711625234089,
-0.164920531606419),(-3.49128235444507E-5,-0.971876645426286,-0.235490519673389),
(0.,-0.941122821731499,0.338064837592052),(-1.,0.,0.),(-1.,0.,0.),(0.,0.941122711928924,
0.338065143266126),(-1.,0.,0.),(-0.709662921921922,0.699268047633326,-0.0860391469525133),
(-0.712209497655743,0.697601210798134,-0.0781676540643975),(0.000133501482761137,
0.994390795431145,-0.10576827567456),(-0.713975427634795,0.692847749943242,
-0.101000416495675),(0.00019993331959149,0.988723633370616,-0.149751583768168),
(-0.999999999989223,3.36085607048537E-6,3.20285178634116E-6),(-0.70991014510223,
-0.699007809232938,-0.0861142758913949),(-0.712231543229356,-0.697478359661078,
-0.0790579953807451),(0.0001964870179729,-0.994228980447588,-0.107278589807104),
(-0.713883543912829,-0.692812769753235,-0.101885974487716),(0.000233910281389894,
-0.98856648547979,-0.150785440517696),(-1.,0.,0.),(0.,-0.989018393091301,
0.14779248332409),(0.,-0.989018343684975,0.147792813947869),(-1.,0.,0.),
(-1.,0.,0.),(0.,-0.970751981741954,0.240084547491231),(-0.999999999996118,
2.44026233397281E-6,1.34504766720356E-6),(0.,0.989018120390204,0.147794308211878),
(0.,0.989018432184281,0.147792221715983),(-1.,0.,0.),(-1.,0.,0.),(0.,0.970752044291968,
0.240084294577888),(-1.,0.,0.),(-0.7077967593864,0.705250085899112,-0.040571711097828),
(-0.710322656015234,0.703128133119455,-0.0324430696360977),(5.05796247574442E-5,
0.99913192317651,-0.0416581028289931),(-0.712126233783166,0.700542245908753,
-0.0460085737110344),(6.40356444245678E-5,0.997593799850579,-0.0693296934878485),
(-0.999999999998041,1.01136328496581E-6,1.70140670456705E-6),(-0.708039505730734,
-0.70501712906533,-0.0403844778232693),(-0.710720155884712,-0.702757635123955,
-0.0317579327758799),(0.000144224236473702,-0.999174061391855,-0.0406346433610017),
(-0.712485899915546,-0.700170422065135,-0.046100135430008),(0.000158679769774092,
-0.997571194990564,-0.0696540432841354),(-1.,0.,0.),(0.,-0.99740517835076,
0.0719924315402707),(0.,-0.997404514808979,0.0720016238613036),(-1.,0.,
0.),(-1.,0.,0.),(0.,0.997405340388775,0.0719901865807976),(0.,0.997404538085142,
0.0720013014268804),(-1.,0.,0.),(-1.,0.,0.),(2.39627496648786E-6,-0.999691707684453,
0.0248292082273997),(-1.67482065587046E-5,-0.999742753215854,0.0226809856902676),
(-1.,0.,0.),(-1.,0.,0.),(2.34357765848504E-6,0.999691612239377,0.0248330508142404),
(-1.67231962537274E-5,0.999742775385817,0.0226800084699964),(-1.,0.,0.),
(-1.,0.,0.),(3.17891231551282E-6,0.,0.999999999994947),(-0.706562342872297,
0.707240114928813,-0.0241055070531544),(-0.707105029557066,0.706759631088595,
-0.0222103813252726),(0.,1.33757344480935E-6,0.999999999999029),(2.33824028365685E-5,
0.99952822656545,-0.0307135760241291),(-1.,0.,0.),(-0.706561710792522,-0.707240684152001,
-0.0241073333687908),(0.,0.,1.),(-0.707364509372545,-0.706527954568893,
-0.0213002416144632),(0.000112357894292481,-0.999576419481021,-0.0291027317138026),
(0.,0.,1.),(-1.,0.,0.),(4.66817957259485E-6,-0.999949800516691,0.0100198016366139),
(0.,1.15331026341841E-6,0.999999999998859),(0.,-0.999973635621315,0.00726140911076962),
(-1.,0.,0.),(0.,0.,0.999999999999974),(-1.,0.,0.),(0.,0.,1.),(4.5015905254232E-6,
0.999949676509344,0.010032169685228),(0.,0.999973633360549,0.0072617204363244),
(0.,0.,1.),(-1.,0.,0.),(0.,0.,1.),(-1.,0.,0.),(-0.707321664354961,0.706891832697286,
0.),(-1.,0.,0.),(-0.707321655674766,0.706891841382759,0.),(0.,0.,-1.),(0.,
0.,-1.),(-1.,0.,0.),(0.,-1.,0.),(0.,0.,-1.),(-0.707321655582489,0.706891841475092,
0.),(2.93122654896838E-5,0.999999999570396,0.),(-0.707321664262684,0.706891832789619,
0.),(0.,0.,1.),(2.93122654896838E-5,0.999999999570396,0.),(-1.,0.,0.),(0.,
-1.,0.),(0.,0.,1.),(0.,-1.,0.),(0.,0.,1.),(1.,0.,0.),(0.,0.,-1.),(2.93122654896838E-5,
0.999999999570396,0.),(0.365181399717039,0.930936380737454,-1.78928308869846E-5),
(0.,0.,-1.),(0.320199344552217,0.947350188241372,-2.42356634166084E-5),
(0.,0.,-1.),(0.228236601452182,0.973605696793232,-3.04848016363867E-5),
(0.,0.,-1.),(0.136256710782386,0.990673562954375,-2.07376349482637E-5),
(0.,0.,-1.),(0.0461045425378839,0.998936619995538,-1.97297239477101E-5),
(0.,0.,-1.),(-0.0447606598383206,0.998997738991935,-2.86328612471281E-5),
(0.,0.,-1.),(-0.137161440176267,0.990548705828026,-2.66682551295684E-5),
(0.,0.,-1.),(1.,0.,0.),(0.,-1.,0.),(-1.,0.,0.),(-0.707322471420931,-0.706891025139651,
0.),(0.,0.,1.),(-1.,0.,0.),(0.,1.,0.),(0.,0.,-1.),(0.,0.,-1.),(-1.,0.,0.),
(-0.707322471420931,-0.706891025139651,0.),(0.,0.,-1.),(2.99997599945315E-5,
-0.999999999550007,0.),(-0.707322471420931,-0.706891025139651,0.),(-1.,
0.,0.),(0.,0.,1.),(0.,1.,0.),(0.,0.,1.),(0.,1.,0.),(1.,0.,0.),(0.,0.,-1.),
(0.364473246611867,-0.931213859702188,-1.66101452694133E-6),(2.99997599945315E-5,
-0.999999999550007,0.),(0.,0.,-1.),(0.319552182749062,-0.947568679568006,
-1.43363674408416E-6),(0.,0.,-1.),(0.228909197101793,-0.973447779452217,
-1.27185236202503E-5),(0.,0.,-1.),(0.137496142622752,-0.990502301946059,
-2.45646305713548E-5),(0.,0.,-1.),(0.0452320409221053,-0.998976507114054,
-2.66125032205878E-5),(0.,0.,-1.),(-0.0456436080850971,-0.998957787223605,
-1.96543420970783E-5),(0.,0.,-1.),(-0.135919894021818,-0.990719830214271,
-2.07196686530878E-5),(0.,0.,-1.),(0.,1.,0.),(1.,0.,0.),(-0.707322471420931,
-0.706891025139651,0.),(2.99997599945315E-5,-0.999999999550007,0.),(0.,
0.,1.),(0.,0.,1.),(0.364472300960596,0.93121422982562,1.66314663637318E-6),
(2.93122654896838E-5,0.999999999570396,0.),(0.,0.,1.),(0.319550162235027,
0.947569360951292,1.38887032293996E-6),(0.,0.,1.),(0.228906212434205,0.973448481302418,
1.26111738480712E-5),(0.,0.,1.),(0.137495273736795,0.990502422562736,2.44416486233002E-5),
(0.,0.,1.),(0.0452306445383245,0.99897657034206,2.65002440551984E-5),(0.,
0.,1.),(-0.0456437924779002,0.99895777880103,1.95229762679396E-5),(0.,0.,
1.),(-0.135919413380806,0.990719896158331,2.05485846457763E-5),(0.,0.,1.),
(2.99997599945315E-5,-0.999999999550007,0.),(0.365178341579728,-0.930937580358787,
1.77990618821566E-5),(0.,0.,1.),(0.320197282078365,-0.947350885346537,2.4140432051211E-5),
(0.,0.,1.),(0.228235712890844,-0.973605905095858,3.03921589920749E-5),(0.,
0.,1.),(0.13625522105653,-0.990673767851688,2.06246522077703E-5),(0.,0.,
1.),(0.0461025714190092,-0.998936710970827,1.95791360934319E-5),(0.,0.,
1.),(-0.0447591703501242,-0.998997805785187,2.65697308607985E-5),(0.,0.,
1.),(-0.137161724143693,-0.990548666559799,2.4627892943336E-5),(-1.,0.,
0.),(-0.707207576863145,0.706576776657935,0.0246313197990326),(1.27274230917463E-5,
0.,-0.999999999919006),(-1.,0.,0.),(3.90329676741022E-6,4.61346110868511E-6,
-0.99999999998174),(4.66817958311408E-6,-0.999949802769969,-0.0100195767629633),
(-1.,0.,0.),(2.39627453932095E-6,-0.999691711850261,-0.0248290405000574),
(1.56890019753438E-6,5.34816605684891E-6,-0.999999999984468),(-0.707301926368085,
0.706493712593939,0.0243026546128058),(-8.29533830356329E-5,0.999474667239676,
0.0324096076013804),(-1.,0.,0.),(-0.70801230976731,0.704988446648111,0.041350445108158),
(0.,-0.999973636749276,-0.0072612537769114),(0.,0.,-0.999999999999591),
(-1.,0.,0.),(-1.,0.,0.),(2.30842875699837E-6,0.999691704139728,-0.0248293509556225),
(-1.,0.,0.),(4.50159116846858E-6,0.999949819350639,-0.0100179219581304),
(0.,-1.15331077711679E-6,-0.999999999998859),(-1.,0.,0.),(3.17891231551282E-6,
0.,-0.999999999994947),(-0.70656174916912,-0.707240645856738,0.0241073320634408),
(0.,-1.33757414149988E-6,-0.999999999999029),(2.33506635367814E-5,-0.999528264442396,
0.0307123433739409),(-0.707105019625028,-0.706759647589194,0.0222101724596493),
(0.,0.999973681168572,-0.00725513405514061),(-1.,0.,0.),(0.,0.,-0.999999999999974),
(-1.,0.,0.),(-0.707796632231469,-0.705250221635785,0.0405715699039057),
(-1.,0.,0.),(0.,-0.997405159667223,-0.0719926903872466),(-1.67479411571767E-5,
-0.999742756190718,-0.0226808545626593),(-1.,0.,0.),(-1.,0.,0.),(0.,0.997405070320916,
-0.0719939282031697),(-1.67250174797073E-5,0.999742772216997,-0.0226801481509163),
(-1.,0.,0.),(-1.,0.,0.),(0.,-0.989018455485722,-0.147792065783777),(-1.,
0.,0.),(-0.709280099048095,0.699705020491837,0.0856424275277271),(-0.710100823995804,
0.703242594839254,0.0347371928087698),(-1.48191495483048E-6,0.999047771981002,
0.0436296836752224),(-1.,0.,0.),(0.,0.98901816689808,-0.147793996987568),
(-1.,0.,0.),(-0.709662445153595,-0.699268376546341,0.0860404062104839),
(-0.710289148583156,-0.70315599202221,0.0325726309695485),(5.03728351563091E-5,
-0.999122063643579,0.0418939065160336),(0.,-0.997404526537014,-0.0720014613981837),
(-1.,0.,0.),(-1.,0.,0.),(0.,0.997404554359918,-0.0720010759787218),(-1.,
0.,0.),(0.,-0.970751981359701,-0.240084549036825),(0.,-0.989018376374256,
-0.147792595193502),(-1.,0.,0.),(-1.,0.,0.),(0.,0.97075218564938,-0.240083723015435),
(0.,0.989018487221541,-0.147791853408816),(-1.,0.,0.),(-1.,0.,0.),(-0.709696686989708,
0.690707163406995,0.138759601087982),(-0.711513424642862,0.698237996381212,
0.0788184430354832),(0.000119451245951338,0.994334822347819,0.106293211438605),
(-0.711582602193102,0.700941267417113,0.0482860216603549),(6.88721758816704E-5,
0.997478355100291,0.0709713066178194),(-1.,0.,0.),(-0.709946128193967,-0.690205848456582,
0.139972789565422),(-0.712221784103089,-0.69759431704855,0.0781172136636981),
(0.00013345641018141,-0.994400476887626,0.105677214928521),(-0.712071817893532,
-0.700584026818403,0.0462141485771579),(6.37514066102085E-5,-0.997577371100452,
0.0695656855358318),(-1.,0.,0.),(-0.709755640335736,0.680290459199933,0.182898392921188),
(-1.,0.,0.),(-0.709657694226753,0.669400691324065,0.219746834970681),(-1.,
0.,0.),(0.,-0.941122331634455,-0.338066201947084),(0.,-0.941122856540237,
-0.338064740689627),(-1.,0.,0.),(-1.,0.,0.),(0.,-0.970752007879769,-0.240084441806206),
(-1.,0.,0.),(-0.709360681972906,-0.680680792554432,0.18297836352532),(-1.,
0.,0.),(0.,0.941122472846516,-0.338065808834993),(-1.,0.,0.),(-0.708577278376656,
-0.670740914307986,0.219145765283334),(0.,0.941122711928924,-0.338065143266126),
(-1.,0.,0.),(-1.,0.,0.),(0.,0.970752044291968,-0.240084294577888),(-0.709499287486611,
-0.690352497687891,0.141506854929655),(5.63996138120041E-5,-0.979941705989835,
0.199284343792521),(-0.713996576032653,-0.692837526656411,0.100921014017272),
(0.000200009679458652,-0.988737184102844,0.149662088614679),(-0.709640005645129,
0.6909785925083,0.137694034305156),(5.6489356199801E-5,0.98051852343212,
0.19642663265313),(-0.713256769439351,0.693753481069706,0.099854335672545),
(0.00016838612639224,0.98889538844121,0.148613197145546),(-1.,0.,0.),(-0.709343927847875,
0.656635474886423,0.256244112412423),(-1.,0.,0.),(-0.708915316622371,0.641982365886594,
0.292057726740545),(-1.,0.,0.),(0.,-0.901201066834998,-0.433401242655649),
(0.,-0.90120136025774,-0.433400632520995),(-1.,0.,0.),(-1.,0.,0.),(-0.707836473013715,
-0.658397613775454,0.255890815869371),(-1.,0.,0.),(0.,0.901200509025867,
-0.4334024025447),(-1.,0.,0.),(-0.707321106348708,-0.643511816927452,0.292556650904351),
(0.,0.901201084069409,-0.433401206818949),(-1.,0.,0.),(-0.709129435339665,
-0.680256505154058,0.185436056716153),(-0.000156168381355346,-0.965058306201579,
0.262035190848054),(-0.709623173762364,-0.684716302193477,0.166128073394963),
(-6.85469995133811E-5,-0.971482845676671,0.237109839224917),(-0.710074201561477,
0.680359434858476,0.181399194253685),(0.999690323667778,0.0232674102027536,
0.00882521316857343),(0.999690323667778,0.0232674102027536,0.00882521316857343),
(-0.71018315402711,0.685331720106543,0.161122069102631),(-0.000112073263448373,
0.972129530915721,0.234444369864502),(-0.708469885876578,-0.670394244848205,
0.22054926270662),(-0.000355327138281041,-0.950246221610287,0.311499585967621),
(-0.70892895245138,-0.675913461782277,0.201396952702089),(-0.000292793437890425,
-0.957970925839174,0.286865159123304),(-0.709951656072921,0.669521171568602,
0.218426296174989),(0.999743370981944,0.0211155238970165,0.00820529269522181),
(0.999743370981944,0.0211155238970165,0.00820529269522181),(-0.710256425385775,
0.6755315308094,0.197972121978146),(-0.000213282151129848,0.96174307200265,
0.273952948452156),(0.999690323667778,0.0232674102027536,0.00882521316857343),
(-1.,0.,0.),(-0.708453709206844,0.625507905795081,0.326853486594401),(-1.,
0.,0.),(0.,-0.85317307536907,-0.521627935855897),(0.,-0.853172802278553,
-0.521628382521657),(-1.,0.,0.),(-1.,0.,0.),(0.,0.853173817886515,-0.521626721394665),
(-1.,0.,0.),(-0.707144953663533,-0.62637889809259,0.328017515587984),(0.,
0.853172049028785,-0.521629614531254),(-1.,0.,0.),(-0.709693986398147,0.656913213318265,
0.254557411674023),(-0.000215763969489125,0.932862259597843,0.360233199558169),
(-0.7100447811893,0.663889081804635,0.234707681524141),(-0.000225144898671222,
0.946086351506208,0.32391444056023),(0.999743370981944,0.0211155238970165,
0.00820529269522181),(-0.708035587814447,-0.65847412365623,0.255141989612471),
(-0.000412088853673011,-0.932916594548865,0.360092290667441),(-0.708360203366783,
-0.665167074467545,0.236174904108074),(-0.000384803007517801,-0.941888513148205,
0.335925409467801),(-1.,0.,0.),(-0.707987077131922,0.60735311038096,0.360383820287164),
(-1.,0.,0.),(-0.70699137259509,0.588253594696822,0.392582357477226),(-1.,
0.,0.),(0.,-0.798865332396631,-0.601509917370295),(0.,-0.798866172104161,
-0.601508802153089),(-1.,0.,0.),(-1.,0.,0.),(-0.707278354247462,-0.607630276419382,
0.361307039498966),(-1.,0.,0.),(0.,0.798866271889705,-0.601508669627497),
(-1.,0.,0.),(-0.707212420755082,-0.588108383017345,0.392401735157301),(0.,
0.798866157013455,-0.601508822195114),(-1.,0.,0.),(-0.709348489831782,0.642535290271765,
0.289781160065228),(0.999839188399706,0.016675990564449,0.00659611089286096),
(0.999839188399706,0.016675990564449,0.00659611089286096),(-0.709762620244628,
0.650508195501371,0.270325933807746),(-0.000248152210199195,0.922441616897845,
0.386136506737411),(-0.707919823067461,-0.64440589789165,0.289120325938165),
(-0.000395388744046033,-0.913013164080446,0.407929903149492),(-0.708114343963035,
-0.652321670895896,0.270278585080999),(-0.000405315687459887,-0.923272088011979,
0.384146439808044),(-0.709019145319742,0.626456800660355,0.323795812938423),
(0.999907050952789,0.0127737405364503,0.00476665580924373),(0.999907050952789,
0.0127737405364503,0.00476665580924373),(-0.709417530189601,0.635360155970211,
0.305031539459768),(-0.00024916122590636,0.905848065244999,0.423602668323248),
(0.999839188399706,0.016675990564449,0.00659611089286096),(-0.708151429758668,
-0.628282013004916,0.322154100804639),(-0.000308259750157748,-0.890642873298696,
0.454703394773086),(-0.708227774091848,-0.63734027052934,0.303662311732117),
(-0.000353359244454386,-0.902113247421455,0.431499205056),(-1.,0.,0.),(-0.706978668141515,
0.562345598609137,0.428892283117546),(-1.,0.,0.),(0.,-0.739085143146446,
-0.673612018286637),(-1.,0.,0.),(0.,0.739085844769052,-0.673611248467554),
(-1.,0.,0.),(-0.707863130091723,-0.561695709308522,0.42828462405408),(-0.708487995247356,
-0.610322077897958,0.354332784004954),(-0.000166382554640431,-0.865706843521089,
0.500551329433455),(-0.708616973876593,-0.620384802648295,0.336131939834667),
(-0.000239226426612421,-0.878477287805783,0.477784049105987),(-0.708631073693571,
0.608689391980784,0.356846221061622),(0.99995866134772,0.00873530856485216,
0.00252388192109548),(0.99995866134772,0.00873530856485216,0.00252388192109548),
(-0.7091029292933,0.618548115690904,0.33848377249566),(-0.00019675229203307,
0.882382407119087,0.470532941349765),(0.999907050952789,0.0127737405364503,
0.00476665580924373),(-1.,0.,0.),(-0.706907787626522,0.52374014319365,0.475371057386198),
(-1.,0.,0.),(0.,-0.673613076911404,-0.739084178300382),(0.,-0.739085688279342,
-0.673611420167927),(-1.,0.,0.),(-1.,0.,0.),(0.,0.673611602435805,-0.739085522158205),
(-1.,0.,0.),(-0.707657721520566,-0.52323284598382,0.47481358242577),(0.,
0.739087046768475,-0.673609929632168),(-1.,0.,0.),(-0.706609273802463,-0.577483544989971,
0.408920639540452),(0.000132238442433001,-0.817192746677864,0.576364465672619),
(-0.707861289765614,-0.598475981752397,0.37517848248116),(-2.06719630473417E-5,
-0.84549786786656,0.533978796400916),(-0.706008555795296,0.576597750315519,
0.41120184031072),(1.14192553422048E-5,0.815913834252192,0.578173516295486),
(-0.707620506282034,0.596946323577861,0.37805860108723),(-7.64943333317418E-5,
0.850499315049568,0.525976148935322),(0.99995866134772,0.00873530856485216,
0.00252388192109548),(-1.,0.,0.),(-0.70712450839321,0.475248854840138,0.523558454809775),
(-1.,0.,0.),(0.,-0.60151005817175,-0.798865226379405),(0.,-0.673612032478396,
-0.739085130211889),(-1.,0.,0.),(-1.,0.,0.),(0.,0.60150979080841,-0.798865427692063),
(-1.,0.,0.),(-0.707142387234538,-0.475185473468876,0.523591835288137),(0.,
0.673611943268979,-0.73908521151853),(-1.,0.,0.),(-0.707927781439469,-0.52251059979311,
0.475206196687329),(0.00026801211917315,-0.75582892544952,0.654769091835685),
(-1.,0.,0.),(-0.707878110140622,-0.556063969466916,0.435547291398348),(0.000200068327739551,
-0.787189247464498,0.616711479258285),(-0.706984463819582,0.523523442694509,
0.475495712774602),(-0.99993611180421,0.00861756010413417,0.00731505076744195),
(0.000121524132312837,0.755763967070434,0.654844112220493),(-0.707018705250365,
0.555915984233989,0.437129235923716),(6.67750445626451E-5,0.786402267225236,
0.617714715418131),(-1.,0.,0.),(-0.707123197084619,0.392653241448082,0.588047800884539),
(-1.,0.,0.),(0.,-0.521627807653363,-0.853173153751773),(0.,-0.601508803000463,
-0.798866171466128),(-1.,0.,0.),(-1.,0.,0.),(-0.707234337973595,0.428767792928145,
0.562119000691649),(-1.,0.,0.),(0.,0.521628719729069,-0.85317259611043),
(-1.,0.,0.),(-0.70615488375105,-0.392662462639316,0.589204099263209),(0.,
0.601508670224943,-0.798866271439858),(-1.,0.,0.),(-1.,0.,0.),(-0.70665916865418,
-0.42915816880353,0.56254429648356),(-0.707522395887593,-0.474334890772337,
0.523849664229609),(-1.,0.,0.),(0.000144164244935486,-0.652900787028089,
0.757443424629703),(-0.706961239411863,0.475998022124017,0.523098163735322),
(9.61509011809361E-5,0.65422710278362,0.756298148046361),(-0.999876072596684,
0.0117613224955996,0.0104647380180031),(-1.,0.,0.),(-0.708475183562343,
0.326983336591201,0.625415711241723),(-1.,0.,0.),(0.,-0.433401330705342,
-0.901201024490562),(0.,-0.433400959739243,-0.901201202893728),(-1.,0.,
0.),(-1.,0.,0.),(-0.707965093278939,0.360782508011563,0.607142000368472),
(0.,-0.521629476997392,-0.853172133117009),(-1.,0.,0.),(-1.,0.,0.),(0.,
0.433400715505308,-0.901201320349391),(-1.,0.,0.),(-0.706785563468952,-0.327621374940338,
0.626991548550758),(0.,0.433401051219519,-0.901201158899507),(-1.,0.,0.),
(-1.,0.,0.),(-0.706494098849978,-0.361056418893341,0.608690685542397),(0.,
0.521629780501922,-0.853171947554253),(-1.,0.,0.),(-1.,0.,0.),(-0.708954928878142,
0.291656881485925,0.642120839329556),(-1.,0.,0.),(0.,-0.338064290116305,
-0.941123018392473),(-1.,0.,0.),(0.,0.338063687365526,-0.941123234908598),
(-1.,0.,0.),(-0.707273212130163,-0.292814736282873,0.643447071342059),(-1.,
0.,0.),(0.,1.,0.),(0.,0.,-1.),(0.,0.,-1.),(-1.,0.,0.),(0.,-1.,0.),(-1.,
0.,0.),(0.,-1.,0.),(-0.707096665860936,0.,0.707116896367459),(0.,0.,-1.),
(1.,0.,0.),(0.,-1.,0.),(-1.,0.,0.),(-0.707096665860936,0.,0.707116896367459),
(0.,1.,0.),(0.,1.,0.),(0.320097167749475,3.74534874397204E-5,0.947384716889607),
(0.,1.,0.),(1.,0.,0.),(0.,0.,-1.),(0.,-1.,0.),(0.319458721784246,1.3849469843632E-5,
0.947600192530673),(-1.,0.,0.),(-0.709526157804436,0.21933519934436,0.66967507174737),
(-1.,0.,0.),(0.,-0.240084774935349,-0.970751925490876),(0.,-0.338065013698056,
-0.941122758471674),(-1.,0.,0.),(-1.,0.,0.),(-0.709301464945084,0.255620899634213,
0.656924187023856),(-1.,0.,0.),(0.,0.240084729834628,-0.970751936645111),
(-1.,0.,0.),(-0.708688107474046,-0.220345071793786,0.67023071823145),(0.,
0.338064294068314,-0.941123016972857),(-1.,0.,0.),(-1.,0.,0.),(-0.707924709338403,
-0.256932220034963,0.657896982981411),(-0.709926009323321,0.411827037098141,
0.57131738359797),(0.999998617424788,-0.00154877097026006,0.00060535691484972),
(0.999998617424788,-0.00154877097026006,0.00060535691484972),(-0.713170478318179,
0.429904178923152,0.55368787759877),(-4.03926551998904E-5,0.59790273190415,
0.80156866302893),(-0.709502008653418,-0.410401294284306,0.572867940599343),
(-0.000144246642085062,-0.57572820722928,0.817641125796315),(-0.713441358654555,
-0.427710243703562,0.555036372855133),(-2.14712779153721E-6,-0.61528335250718,
0.788306029485323),(-1.,0.,0.),(-0.709445408874307,0.139589803171248,0.690798015832255),
(-1.,0.,0.),(0.,-0.147792615996485,-0.98901837326559),(0.,-0.147792156449074,
-0.989018441937324),(-1.,0.,0.),(-1.,0.,0.),(-0.709604872091723,0.183221622655141,
0.680360759079554),(0.,-0.240087509073497,-0.970751249284224),(-1.,0.,0.),
(-1.,0.,0.),(0.,0.147792904369806,-0.989018330172872),(-1.,0.,0.),(-0.7101454948916,
-0.139059141959976,0.690185432418361),(0.,0.147792521447254,-0.989018387394421),
(-1.,0.,0.),(-1.,0.,0.),(-0.709488190029829,-0.183390250883748,0.680437009640858),
(0.,0.24008725706745,-0.970751311610664),(-1.,0.,0.),(-1.,0.,0.),(0.,-0.0720001670466339,
-0.997404619973888),(0.,-0.0720011423794791,-0.997404549566548),(-1.,0.,
0.),(-1.,0.,0.),(0.,0.0720001387937824,-0.997404622013391),(0.,0.0720010747282726,
-0.997404554450186),(-1.,0.,0.),(-1.,0.,0.),(-0.708895603268157,0.0861637408107001,
0.70003059464325),(-1.,0.,0.),(0.,-0.0226690247228239,-0.99974302464089),
(0.,-0.022669390269587,-0.999743016352105),(-1.,0.,0.),(-1.,0.,0.),(0.,
0.0226690469942409,-0.999743024135889),(-1.,0.,0.),(-0.709795841382911,
-0.0853406875237833,0.699218728731213),(0.,0.0226694579986622,-0.999743014816331),
(-1.,0.,0.),(-1.,0.,0.),(-0.707740705985775,0.0411559900017296,0.705272484631107),
(-1.,0.,0.),(0.,-0.00285475183529443,-0.999995925187677),(0.,-0.00284200005779521,
-0.99999596150968),(-1.,0.,0.),(-1.,0.,0.),(0.,0.00285475687699018,-0.999995925173285),
(-1.,0.,0.),(-0.707478779752387,-0.0408868327783339,0.705550879175578),
(0.,0.00284199758619001,-0.999995961516704),(-1.,0.,0.),(-1.,0.,0.),(0.,
-2.52646474520216E-5,-0.999999999680849),(3.77751437023026E-6,-0.999999999974492,
6.06183856231565E-6),(0.,-1.68197524278338E-5,-0.999999999858547),(-1.,
0.,0.),(-1.80342290269422E-6,-0.999999999998133,0.),(-1.,0.,0.),(1.60872011052505E-5,
-0.999999999870403,0.),(-0.706998892672498,0.0243323345227456,0.706795941737454),
(1.85809809871204E-6,-0.999999999978925,6.22067148552536E-6),(-0.000250530997696738,
0.0313542941556972,0.999508301852575),(-0.707035084500444,0.0242064283389259,
0.706764061135343),(-1.,0.,0.),(-2.20812762212238E-6,0.999999999995877,
-1.83574370240475E-6),(0.,2.52646474520227E-5,-0.999999999680849),(0.,1.68196462709526E-5,
-0.999999999858549),(0.,0.999999999999906,0.),(-1.,0.,0.),(-1.,0.,0.),(-0.705842625311041,
-0.0246984897360927,0.7079379724939),(-6.35782470610057E-6,0.999999999979789,
0.),(-1.5638028824066E-6,0.999999999996936,-1.91906368859488E-6),(-0.706834692207835,
-0.021238682949173,0.707059853363236),(-6.10627551955706E-5,-0.028745489256009,
0.999586761176223),(-0.708652151635749,0.356920860715429,0.608621086693667),
(-0.00025285611112179,0.503394541565045,0.864056636793159),(-0.707722567484904,
0.377649661034367,0.597084165753207),(-0.000205745761080063,0.536593104936944,
0.843841097246876),(0.999998617424788,-0.00154877097026006,0.00060535691484972),
(-0.707405459714258,-0.355825454603823,0.6107092282113),(-0.000404785274719156,
-0.502041304078835,0.864843549520781),(-0.706677935908924,-0.376185054328892,
0.599242104494561),(-0.000280950895795195,-0.534439682855504,0.845206570286757),
(-0.707444523463551,-0.323904211941838,0.628178563553204),(-0.000470717068233332,
-0.456981115303735,0.88947627212939),(-0.707661526845174,-0.338005016088276,
0.620457712114469),(-0.000438960116168453,-0.479764389731212,0.877397251910362),
(-0.708991743009646,0.324218038466225,0.626269408383691),(0.999675232583669,
0.010899803880308,0.0230352693528363),(0.999675232583669,0.010899803880308,
0.0230352693528363),(-0.709068037370119,0.3389459430972,0.618334994997079),
(-0.000310244405481728,0.470493746871912,0.882403273964256),(-0.707654890992549,
-0.290783084804139,0.643948563820211),(-0.000491373661697709,-0.41035375496803,
0.911926287775258),(-0.707743879418534,-0.305594961117998,0.636953939374656),
(-0.000481999413071018,-0.433929553200438,0.900946674634983),(-0.709421773217052,
0.289128655455839,0.642748293097595),(-0.000290597686046242,0.409677487305487,
0.912230383153317),(-0.709476701605174,0.304855310287915,0.635378666362589),
(-0.000325536869145376,0.435153712974278,0.90035611849448),(0.999675232583669,
0.010899803880308,0.0230352693528363),(-0.708074778278385,-0.256478453939429,
0.657912540563604),(-0.000461983212775547,-0.362091989074972,0.932142252029829),
(-0.70805641028316,-0.271846861487762,0.651732616765633),(-0.000477894215100472,
-0.386348437621963,0.922352783030543),(-0.709720342498668,0.253410581278813,
0.657328010006806),(0.999847310601283,0.0081060584993266,0.0154805458232939),
(0.999847310601283,0.0081060584993266,0.0154805458232939),(-0.709832436497616,
0.269296758555774,0.650858792617271),(-0.000312932071956343,0.373991566452283,
0.927432051579028),(-0.709869325374247,0.217564645250688,0.669888920664951),
(0.999949516120662,0.0055918936443195,0.0083484091612922),(0.999949516120662,
0.0055918936443195,0.0083484091612922),(-0.710015935356322,0.23353462988526,
0.664333461587207),(-0.000306297324899881,0.325211945920489,0.945641103385718),
(0.999847310601283,0.0081060584993266,0.0154805458232939),(-0.708615264540276,
-0.221450379511006,0.669943382887649),(-0.00037432378446351,-0.312819383427716,
0.949812556894047),(-0.708501060803206,-0.237303262785774,0.664615233283106),
(-0.000419007437213087,-0.337613443244872,0.941284753607063),(-0.70990697150419,
0.181742883428579,0.680442221009848),(-0.000146292586279544,0.259613404086777,
0.965712617198799),(-0.710093199405307,0.197727289863709,0.675774790149416),
(-0.000216286663775198,0.286150783551316,0.958184576317657),(0.999949516120662,
0.0055918936443195,0.0083484091612922),(-0.709268363867375,-0.185681929366169,
0.680044564071909),(-0.000223342803193392,-0.262418995836472,0.964953999288137),
(-0.709098879000025,-0.201918380320726,0.675579564144418),(-0.000298951628355247,
-0.287697925868855,0.957721156745888),(-0.709507802528549,0.138078528323585,
0.691037624277508),(-2.33635912044096E-5,0.196232346182913,0.980557426041786),
(-0.710051630290134,0.161887385922622,0.685287645154546),(-0.000101692118306614,
0.234114263195704,0.972209083184808),(-0.709629534588721,-0.140785786261182,
0.690366052197106),(9.87590658557279E-5,-0.198275129163194,0.980146398963933),
(-0.709746747165416,-0.165949490669663,0.68463152237871),(-0.000113928220896582,
-0.236871983093801,0.971540864115128),(-0.711247955633415,0.0788373275802116,
0.698506278702846),(-2.54482137525896E-5,0.105482300476001,0.994421180204182),
(-0.71320462146004,0.0994741089255623,0.693861707821887),(2.92681541559289E-5,
0.147608003578444,0.989045942523885),(-0.712435584600784,-0.0770895668222767,
0.697490312822833),(0.000105746371159651,-0.104392522060395,0.994536168349636),
(-0.714100395845496,-0.0998433797846447,0.692886660404488),(0.000228496277582032,
-0.148146496675943,0.988965400462572),(-0.708247682649802,-0.0483181706910878,
0.704308578963974),(-2.0902308404437E-5,-0.06802081293952,0.997683902130399),
(-0.707685543919505,0.0512428196943949,0.704666832167601),(-7.89275208308576E-5,
0.0703529806072885,0.997522156089837),(-0.70753142691017,-0.0285374707504307,
0.706105440212457),(-2.93176656083796E-5,-0.0399455696886102,0.999201856785068),
(-0.707413826141454,0.0324805650744189,0.706052895664592),(-0.000156567621483218,
0.0427816236853806,0.999084434951032),(-0.707096665860936,0.,0.707116896367459),
(-1.19999519508414E-5,0.,0.999999999928001),(0.,1.,0.),(-1.19999519508414E-5,
0.,0.999999999928001),(0.,1.,0.),(0.3652224916128,2.64844419093034E-5,0.930920260236457),
(-0.707096665860936,0.,0.707116896367459),(0.,-1.,0.),(-1.19999519508414E-5,
0.,0.999999999928001),(0.,-1.,0.),(-1.19999519508414E-5,0.,0.999999999928001),
(0.364517734204292,0.,0.931196446218825),(-0.000264053857207996,0.407769975589968,
0.913084649571395),(-0.713252219572738,0.285884082287974,0.639954344284752),
(-0.000231325278560118,0.467689308314038,0.883892899268544),(-0.713140781178588,
0.319950911150449,0.623748058653485),(-1.,0.,0.),(-0.000272039651890547,
0.4322831868113,0.901737862349527),(-0.713325536595276,0.302903158490966,
0.631993952041678),(-0.000229312837145104,0.502848022013129,0.86437481116302),
(-1.,0.,0.),(-0.713047907315206,0.352953256298134,0.605794256115019),(-0.000236471161974038,
0.357746002488246,0.933818902028156),(-0.713166459241256,0.250749255832364,
0.654613177466514),(-0.000255005449659748,0.382763897725901,0.923846163368067),
(-0.713384766941145,0.268132785669202,0.647446510181035),(-0.000196396586719261,
0.933301844002758,0.35909278662963),(-0.713319145603771,0.654130789250242,
0.251572468823521),(-0.000196724288357162,0.912616765001212,0.408816097454928),
(-0.713560095610881,0.639365474613469,0.286432853953738),(-0.00020430979010529,
0.923288118426648,0.384108068946345),(-0.713578021445622,0.646871152001701,
0.269005799226975),(-0.000103892563174107,0.578760638898734,0.815497462943856),
(-0.71154608957814,0.410745547508772,0.570079167842307),(-0.00020323030690011,
0.536752166911196,0.843739930318329),(-0.715191925798973,0.373075487382035,
0.591028924830767),(-0.000163449327165786,0.951311754820448,0.308230300951671),
(-0.708463799055685,0.670551569729862,0.220090067382433),(-0.000185485184922212,
0.942658484710055,0.333758815313376),(-0.710666589584413,0.664194351273877,
0.231945817346064),(-0.000164582609613811,0.889524101251712,0.456888220689589),
(-0.713526331116758,0.623184035029257,0.320190307922824),(-0.00018746782880109,
0.901352234202016,0.433086728906401),(-0.713672794935784,0.631403161462848,
0.303316978527854),(-0.000102066932039539,0.0339802977636078,0.999422497718677),
(-1.41951950382266E-6,-0.999999999998983,0.),(-0.707000240857647,0.0241005262355621,
0.706802535410279),(-0.000180215591776328,0.30719932116385,0.951645177888698),
(-0.712692115966379,0.215315201586574,0.667614643192537),(-0.000212607636717709,
0.33255540723256,0.943083695076094),(-0.713095664256949,0.233001651593721,
0.661214642890294),(-9.29379189023095E-5,0.966739482833042,0.255763100728479),
(-0.71176932504245,0.679140546328752,0.179311311023315),(-0.000133004962953951,
0.959417644911377,0.281988944716609),(-0.712327299099907,0.673411989511478,
0.197752651914515),(-0.000110004811763072,0.864195341539961,0.503156436468393),
(-0.713346114884365,0.605586814561222,0.352706578346612),(-0.000140184460544896,
0.877135691854246,0.480242603715758),(-0.713537244722145,0.614546511291558,
0.336447894708387),(3.57848347581883E-5,0.999404724957704,0.0344991949422353),
(-0.707471727327952,0.706319029275823,0.0244373467148822),(0.,0.,-0.999999999999869),
(6.01167561687671E-5,0.655116524422981,0.755527852440881),(-0.713148368166534,
0.459113128164868,0.529749507341045),(-1.84263645110244E-5,0.618112869726688,
0.786089358749187),(-0.711163165936625,0.432682086874044,0.554105732792324),
(-1.15015709517582E-6,0.815467260664126,0.578803202119359),(-0.711438123768802,
0.570070958161614,0.41094391187731),(-5.90140062732731E-5,0.843929172885135,
0.536454609142991),(-0.715393989312331,0.590971331684252,0.372779190920215),
(-0.000105633797323423,0.256072537853454,0.966657563048462),(-0.7078361515546,
0.183277936003354,0.68218559111632),(-0.000143438599347027,0.28141929835941,
0.959584888343009),(-0.709991319964928,0.195356491521132,0.67657088822607),
(-2.94006888122283E-5,0.981281568892456,0.192578507854743),(-0.710577565823698,
0.690599260943437,0.13473004020057),(-4.25271757180944E-5,0.973313887488277,
0.229477830332031),(-0.711466530876226,0.683973293426119,0.161232469815407),
(8.62564517154112E-5,0.989172948600315,0.146754455868237),(-0.710478804190975,
0.696071042867293,0.103464834977891),(-0.000195403933082724,0.0460980013401205,
-0.998936902957213),(-0.707948790961964,0.032013017486356,-0.705537862971869),
(-0.000386826818276203,0.0346325940460434,-0.999400036919478),(-0.706993497219645,
0.0244928666217256,-0.706795793970073),(0.,-0.999999999999819,0.),(-0.000152300534477952,
-0.0460922867799778,-0.998937174152579),(-0.707948429273038,-0.0320272841315229,
-0.705537578418753),(-0.000386821114100652,-0.0346275755548879,-0.999400210816776),
(0.,0.999999999999969,0.),(-0.706993568483329,-0.0244893149769566,-0.70679584575404),
(0.000176055955827884,-0.0734995336679593,-0.997295235903036),(-0.708659572220571,
-0.0518232260125176,-0.703644771135132),(0.000100219606779327,0.0734745004355623,
-0.99729709101239),(-0.708660325162506,0.051807637789429,-0.70364516072183),
(0.000169737259157111,-0.146888653557025,-0.9891530188224),(-0.710125859189609,
-0.103559218839537,-0.69641708214515),(0.000297682525388467,-0.107033853531245,
-0.994255332187545),(-0.709421641342759,-0.0748287643472649,-0.700800678382097),
(0.000130686285518007,0.146762462920858,-0.989171755762617),(-0.710123737403116,
0.103481808522262,-0.696430752395091),(0.000229705469838486,0.10692842076645,
-0.994266694638712),(-0.709420125666992,0.0747584611262225,-0.700809715820684),
(4.60938991083081E-6,-0.192496748586786,-0.981297611207869),(-0.710227744214503,
-0.134743759704336,-0.690956344908069),(-3.87269013773764E-6,0.192538249148456,
-0.981289469320776),(1.,0.,0.),(-0.710652956724472,0.143544935128722,-0.688743222614682),
(-0.000106182301881801,-0.255235942981295,-0.966878793921848),(-0.707671768448398,
-0.182813203719564,-0.682480769463071),(-6.16583808283676E-6,-0.229123440563811,
-0.973397374634935),(-0.7112903394778,-0.160824532607945,-0.684252528440335),
(-0.000125044373284057,0.255466249244886,-0.966817966248381),(-0.707623827558006,
0.182967824618466,-0.682489043008416),(1.,0.,0.),(1.,0.,0.),(-1.53453267044442E-5,
0.229163432593585,-0.973387960130208),(-0.000269611619213916,-0.307518681827009,
-0.951542005187871),(-0.712388739518069,-0.215601941149398,-0.667845855553861),
(-0.000196329096984075,-0.28132462940217,-0.959612637654703),(-0.709687498081603,
-0.195403427847504,-0.676876026648986),(-0.000300314242480689,0.307524824667275,
-0.951540010732453),(-0.7123892576106,0.215605346010126,-0.667844203697892),
(-0.000224834075385383,0.281545885210176,-0.959547739287034),(-0.70964889468218,
0.195526395728547,-0.676880990167225),(-0.000386128041529301,-0.358755360609697,
-0.933431541217106),(-0.713015019328219,-0.251412458292308,-0.654523764295689),
(-0.000338561626056741,-0.333201384329465,-0.942855621427244),(-0.712807855253887,
-0.233552793815813,-0.661330517962979),(-0.000412584515982141,0.358739011624336,
-0.933437813307781),(-0.713015195058275,0.251403608079037,-0.654526972294383),
(-0.000371066859095586,0.333207276337566,-0.942853526962214),(-0.712808287511863,
0.233556805025079,-0.661328635461132),(-0.000449202900957732,-0.408478392992222,
-0.912767878858172),(-0.713300380646931,-0.286274981574819,-0.639725880274731),
(-0.000429492069338337,-0.38374843863822,-0.923437573081847),(-0.713309098919265,
-0.2688580132125,-0.647229092462949),(-0.000461806450051825,0.408505219056113,
-0.912755866997698),(-0.713301047947771,0.286296541308094,-0.639715487878506),
(-0.000450047999721464,0.383735843382591,-0.923442797340609),(-0.713309417825442,
0.268848849628881,-0.647232547462469),(-0.0004559509072238,-0.456513114569108,
-0.889716566292425),(-0.713309525127348,-0.320006946004545,-0.623526323318784),
(-0.000467462535071844,-0.432739044735034,-0.901519107196619),(-0.713446693042074,
-0.303172002165712,-0.631728227397006),(-0.000459000360323888,0.456448084914324,
-0.889749928405007),(-0.713308420242205,0.319963558695088,-0.623549852633088),
(-0.000472430985370556,0.432769873097431,-0.901504306006465),(-0.713447046439424,
0.30319366780761,-0.631717430286858),(-0.0004075953272082,0.502854724906765,
-0.864370846052197),(-0.713168093499917,0.352572973515478,-0.605874218596688),
(-0.00044444043633077,0.479797283050085,-0.877379262149759),(-0.713351293260931,
0.336225240733224,-0.614884151606498),(-0.000400687180496015,-0.502837128998624,
-0.864381085604148),(-0.713168116806724,-0.352563352824148,-0.605879789575248),
(-0.000443433751489179,-0.479857408827689,-0.877346380034525),(-0.713352305317866,
-0.336267324629217,-0.614859963637571),(-0.000178156572596356,-0.578485767892524,
-0.815692457122188),(-0.711351672633527,-0.41075235293899,-0.570316843865378),
(-0.000339379924506264,-0.536152521363769,-0.844121056873089),(-0.715211279396264,
-0.372702485479741,-0.591240799625315),(-0.000212738883973999,0.578489207996872,
-0.815690009117017),(-0.711354310762465,0.410744345417526,-0.570319320440038),
(-0.000352153937211916,0.536163258050555,-0.84411423202326),(-0.715211586672183,
0.372709831718713,-0.59123579697957),(0.000118267744327882,-0.655313351433432,
-0.755357132385618),(-0.712988706022817,-0.459353215875477,-0.529756291278137),
(-3.78742391343669E-5,-0.618231717397508,-0.785995891954449),(-0.710915871929994,
-0.432913717394468,-0.554242127891519),(5.02348201749684E-5,0.655202393330766,
-0.755453387873864),(-0.71298683705454,0.459272453439402,-0.529828824903586),
(-9.28175916190676E-5,0.618226088362303,-0.786000314919237),(-0.710916469677681,
0.432911057930435,-0.554243438447921),(-1.,0.,0.),(0.000245341891670955,
-0.68865863199543,-0.725085669687065),(-1.,0.,0.),(0.000294371314786918,
-0.723439505853911,-0.690387713328806),(-1.,0.,0.),(0.000221333246377825,
0.723065464305064,-0.690779476635559),(-1.,0.,0.),(0.000165335370289869,
0.688620896382455,-0.725121530317256),(0.000292372960476113,-0.69044130202539,
-0.723388362482792),(-0.713119885441012,-0.484130176870825,-0.507028599619017),
(0.000218645877406898,0.690326419724018,-0.723498021023555),(-0.713120780734021,
0.484050689725068,-0.507103226041786),(0.000276399189536461,-0.755034282072184,
-0.655685257192222),(-0.713259111099488,-0.529285040464369,-0.459476643992053),
(0.000340067681331775,-0.723349295459957,-0.690482209120232),(-0.713238802761588,
-0.506888432929502,-0.484101773181519),(0.000231536685997911,0.753483212109982,
-0.657467105990244),(-0.71327876329874,0.528187637901781,-0.460707309465302),
(0.000274433402539579,0.721724981566331,-0.692179872337665),(-0.713219385773055,
0.505765924936948,-0.485302933156373),(5.01283155051811E-5,-0.815215937238922,
-0.579157123032099),(-0.711565991954834,-0.569778656512742,-0.411127865360485),
(0.000188924633297261,-0.785782997092196,-0.618502260131917),(-0.711203561865091,
-0.553897009286016,-0.43288289027682),(3.67176199029328E-5,0.815205519281193,
-0.579171787974256),(-0.711564048060824,0.569774516659386,-0.411136967047304),
(0.000165246659534424,0.785777359643425,-0.618509429002783),(-0.711203169841991,
0.5538947656185,-0.432886405223277),(-0.00020576408383369,0.863814601417901,
-0.503809777632763),(-0.713233878282314,0.605437821756332,-0.353189012934035),
(-0.000113962164381056,0.843472571088191,-0.537172233864058),(-0.715381255974886,
0.590699668895142,-0.373233920975793),(-0.000190740073763905,-0.86373518353949,
-0.503945926002214),(-0.71323599602589,-0.605383640590771,-0.353277598607696),
(-0.00011130552851646,-0.843391706484894,-0.537299187644629),(-0.715381541603808,
-0.590642355766304,-0.373324064999015),(-0.000281641186447438,-0.88956107325415,
-0.456816174876905),(-0.713355996993061,-0.62335010245545,-0.320246578940067),
(-0.000252392895163552,-0.876975593635459,-0.480534852498298),(-0.713342156057152,
-0.614608032044199,-0.336749068801224),(-0.000327646724951604,0.889590482411731,
-0.456758871014113),(-0.713355844696027,0.623366563277626,-0.320214875709201),
(-0.000280046023713854,0.876999295164184,-0.48049157938069),(-0.713341698045408,
0.614625194769439,-0.336718713148412),(-0.000308774599073984,-0.9129232031173,
-0.408131265487338),(-0.713500278093744,-0.639602124138766,-0.286053274683806),
(-0.000310765143637032,-0.901561222056514,-0.432651437428549),(-0.713542384741144,
-0.631670573859043,-0.303066908946704),(-0.000388545907365308,0.912892389006798,
-0.408200116518282),(-0.713502422854061,0.63957630419252,-0.286105651284316),
(-0.000375425807733962,0.901526062360924,-0.432724644478991),(-0.713544399677473,
0.631643789081824,-0.303117985944865),(-0.00027964863199188,-0.933596715574346,
-0.358325403042313),(-0.713458682477504,-0.654175290892305,-0.251060544856082),
(-0.000305693925376275,-0.923603725601972,-0.383348489765359),(-0.713643271435842,
-0.647032058895281,-0.268445145040998),(-0.000379388922014689,0.933663545734356,
-0.358151140485126),(-0.713455610761202,0.654223611229864,-0.250943336199062),
(-0.000401537429088793,0.923674197819017,-0.383178568099899),(-0.713641688932372,
0.647083780259368,-0.26832465623382),(-0.000206411741587601,-0.951136391884382,
-0.308770985403991),(-0.708565660967929,-0.670284483040181,-0.220575193284828),
(-0.000248232773510323,-0.942586837605627,-0.33396106352854),(-0.710830707117118,
-0.664029668988139,-0.231914433623437),(-0.000299992671130005,0.951334019333889,
-0.30816147335841),(-0.708764189442063,0.670279755360513,-0.219950842959025),
(-0.00035273493176742,0.942803595152165,-0.333348551138624),(-0.710941937904276,
0.664031061446434,-0.231569234492054),(-0.000136606655777857,-0.96291683700281,
-0.269798343870242),(-0.712654949536524,-0.673021438448138,-0.197901658129217),
(-1.,0.,0.),(-0.000236324111126048,0.966485956816543,-0.256719378753),(-0.712118071769911,
0.678613199986672,-0.179922140556833),(-0.00023930418271609,0.959351858211134,
-0.282212605814042),(-0.712653287922989,0.673046540996453,-0.197822255737984),
(-8.83484139552451E-5,-0.972865751261926,-0.231370314033859),(-1.,0.,0.),
(-0.711610387598111,-0.683580548522449,-0.162259945594141),(-0.000149002905762607,
0.972898822368064,-0.231231181359624),(-0.711611166187478,0.683577651171146,
-0.162268736904668),(-2.60137237290279E-5,-0.980970554714062,-0.194156560814392),
(-0.710621747317744,-0.690338505165594,-0.135828864844002),(-5.94150096940637E-5,
0.980967262312621,-0.194173187491833),(-0.710622686212051,0.690335500489544,
-0.135839223365785),(0.000123444251990528,-0.989089157466766,-0.147318102564485),
(-0.710083327768292,-0.696438694832377,-0.103705409529512),(8.93140054350648E-5,
0.989089266225539,-0.147317397005357),(-0.71008417413487,0.696437729199414,
-0.103706099101079),(0.000196786599766979,-0.997361904508295,-0.0725892051934753),
(-0.708745481678007,-0.703599285264648,-0.0512629298429812),(0.000238342378176196,
-0.994312433919056,-0.106502239163665),(-0.709263512902071,-0.701000520585829,
-0.074454948822828),(0.000130169299902436,0.99736284564792,-0.0725764230107629),
(-0.70874680679307,0.703597686959852,-0.0512665462594605),(0.000201835258631632,
0.994312244161813,-0.106504086177143),(-0.709265119585822,0.70099872489001,
-0.0744565500240928),(6.04641951104452E-6,-0.998973815596578,-0.0452914530110827),
(-0.7082048822647,-0.705302284642558,-0.0315362016487504),(-4.29844072209999E-5,
0.998972150971065,-0.0453281340514363),(-0.708205807983112,0.705301175978069,
-0.0315402077187387),(-0.000160546958035439,0.99942061669985,-0.0340353513272122),
(0.,0.,0.999999999999992),(-0.707478307224383,0.706325598451495,-0.0240539763669093),
(-0.000160497740118442,-0.999420760756993,-0.0340311211744171),(-0.707479059090803,
-0.706324948034178,-0.0240509611555983),(0.,0.,1.),(2.93122654896838E-5,
0.999999999570396,0.),(0.36439962369914,0.931242672050591,0.),(2.99997599945315E-5,
-0.999999999550007,0.),(0.364400662578976,-0.931242265531373,0.),(-4.29681131366473E-5,
-0.998972043813921,0.0453304956070288),(-0.70820514330506,-0.705301739364818,
0.0315425339061621),(-0.000160488654039817,-0.999420714049239,0.0340324928957699),
(0.,0.,-0.999999999999992),(-0.707479042575744,-0.70632493154606,0.0240519311607566),
(0.000130126860047109,-0.99736250098405,0.0725811593861748),(-0.70874591946511,
-0.703598359617252,0.0512695814832541),(8.9235475403014E-5,-0.989093842813373,
0.147286666557787),(-0.710083023318817,-0.696442201833966,0.103683940410586),
(0.000201770004993976,-0.994315410670949,0.106474519914989),(-0.709263893387702,
-0.701002066855946,0.0744367637677151),(-5.94833626256946E-5,-0.980963186519293,
0.194193777335023),(-0.710622983439082,-0.690332455559682,0.135853142065532),
(-0.00014900147553244,-0.972893256707766,0.231254597470226),(-0.711611443013318,
-0.683573397366226,0.162285441693637),(-0.000236402661257674,-0.966504695662163,
0.256648821109257),(-0.712116077782062,-0.678627897237294,0.179874592023392),
(-0.000297436221671336,-0.950857453786904,0.30962883281371),(-0.708291643228124,
-0.670289855139857,0.221437255740298),(-0.000239427911228353,-0.959373938611538,
0.282137534878399),(-0.712651590883971,-0.673064020064278,0.197768892663782),
(-0.000378970365071969,-0.933597764112434,0.358322579843535),(-0.713458758933562,
-0.654175302331098,0.251060297779234),(-0.00035013604730546,-0.942287064396998,
0.334805862664971),(-0.710677830679998,-0.664026773866021,0.232390758355526),
(-0.000388213845915143,-0.912850017372766,0.408294862902475),(-0.71350403086893,
-0.639545610459753,0.286170246663504),(-0.000401051988921566,-0.923603696392111,
0.383348472239204),(-0.713643271435842,-0.647032058895281,0.268445145040998),
(-0.000327609292430519,-0.889568374977683,0.456801925249571),(-0.713356713021953,
-0.623350442318456,0.32024432242883),(-0.000375092823876849,-0.901481078495167,
0.432818350374107),(-0.713545435042011,-0.631610924800012,0.303184023002502),
(-0.000205720411491045,-0.863780944680984,0.503867479884482),(-0.713235393310365,
-0.605413230491972,0.353228104876557),(-0.000280192511291366,-0.876974467874162,
0.480536891600412),(-0.713342162065873,-0.614607238247794,0.336750504843876),
(3.64669763093333E-5,-0.815322908440682,0.579006522970154),(-0.711629463400952,
-0.569829947545047,0.410946879414459),(-0.000113743270103883,-0.843436792024868,
0.537228410381718),(-0.715382394730449,-0.590673554440575,0.373273065455124),
(0.000226144825205417,-0.760992579625509,0.64876054335435),(-0.71316847728345,
-0.53352041254602,0.454694064625799),(0.000164881170219121,-0.785901732086192,
0.618351389032258),(-0.711238529900662,-0.553926738253235,0.432787386868976),
(-1.,0.,0.),(0.000221409994787231,-0.723092584181032,0.690751088077327),
(-1.,0.,0.),(0.000165243601882187,-0.688706021661551,0.725040680528804),
(0.000218663548660578,-0.690428100766925,0.723400988289089),(-0.713120000194273,
-0.484123045489828,0.507035247442004),(0.000269250809733566,-0.729640672687728,
0.683830692689208),(-0.713299753321509,-0.511269912795582,0.479381412010805),
(5.0112406775399E-5,-0.655309374155473,0.75536059046836),(-0.712988224646075,
-0.459346054463223,0.529763148742065),(-0.000212970403100931,-0.57840468182686,
0.815749948626647),(-0.71138662066435,-0.410647544961703,0.570348726444342),
(-9.31888277875733E-5,-0.618142806930491,0.786065812483876),(-0.710934423858419,
-0.432858425856225,0.554261516017817),(-0.000407523257277651,-0.502799909454592,
0.864402733092191),(-0.713167617156973,-0.352536246871489,0.605896149913836),
(-0.000352227958365582,-0.53611218411952,0.84414667088964),(-0.715210575673847,
-0.372674138187479,0.591259519306458),(-0.000458614004425698,-0.456556089311751,
0.88969451329406),(-0.713310667219132,-0.320036667578668,0.623509762102036),
(-0.000443889133610296,-0.479904140990337,0.877320818414087),(-0.713353682049171,
-0.336299609997159,0.614840708332368),(-0.000461989761181684,-0.408424975491316,
0.912791775795761),(-0.71329911277143,-0.286241255866385,0.63974238499534),
(-0.000472591232628034,-0.432684159040359,0.901545448201622),(-0.713446262698283,
-0.303133221290509,0.631747323217037),(-0.000412669797406553,-0.358722852834046,
0.933444023259157),(-0.713014402138877,-0.251394214305594,0.654531444131),
(-0.000450131245775186,-0.38372898286678,0.92344564815147),(-0.713307379445367,
-0.268844665577137,0.647236531895026),(-0.000300069353936948,-0.307705384371652,
0.951481637440827),(-0.712394258146583,-0.21572690584544,0.667799612948475),
(-0.000370820133375041,-0.333382243915005,0.942791674727044),(-0.712812566498853,
-0.233680884586779,0.661280189647368),(-0.000125119949573952,-0.255421247523564,
0.966829856106287),(-0.707638462864328,-0.182920778911948,0.682486479365897),
(1.,0.,0.),(-0.000224945651580342,-0.281501509675684,0.959560758602479),
(-0.709656725336873,-0.195501666134239,0.676879923415433),(-4.23568492902182E-6,
-0.192017175802703,0.981391565165919),(1.,0.,0.),(-0.710655336474368,-0.143542875867835,
0.688741196334367),(-1.58269763210856E-5,-0.228643206255116,0.973510289613257),
(1.,0.,0.),(0.000130807427440626,-0.146758468841743,0.989172348336044),
(-0.710124272954538,-0.10347792081307,0.696430783972817),(0.000100217400330227,
-0.0734742071961608,0.99729711261658),(-0.708660287461549,-0.0518073786134048,
0.70364521777393),(0.00022970037758813,-0.106922091827571,0.994267375265302),
(-0.709419982471561,-0.0747541961128302,0.700810315729995),(-0.000195406236897541,
-0.0460951099398281,0.998937036382193),(-0.707948730782784,-0.0320110188628887,
0.705538014039219),(-0.000386830349451635,-0.0346277191833994,0.999400205836699),
(-0.706993566722583,-0.0244894166149552,0.70679584399368),(0.,0.999999999999992,
0.),(-0.999875209803554,0.0118000346718592,0.0105035233155761),(0.000116455704447265,
0.689675122113211,0.724118921432244),(-0.999936103077691,0.0086181072921737,
0.00731559898446094),(0.000121713276621459,0.72360964179906,0.690209440301504),
(0.000122562388929234,0.690119123292348,0.723695779070641),(-0.713187769413966,
0.483912733057801,0.507140682989307),(-2.4143906176712E-5,0.0727710877286339,
0.997348669326762),(-0.708311144650245,0.0514079903786997,0.704025951857943),
(-8.35451220676952E-5,0.0454798099620653,0.998965254603996),(-0.707746391759623,
0.0316141663824095,0.705758874853997),(0.00011772608170201,0.997309770214727,
0.0733021716923668),(-0.709088947887876,0.703225240719812,0.0516442135948223),
(5.68571915195023E-5,0.998937554159905,0.0460842669062455),(-0.708404340676308,
0.705084805048336,0.0319172022726894),(-5.22950905885755E-5,0.194107376381955,
0.980980287110469),(-0.71026423375039,0.135868611055577,0.690698515116979),
(-5.97536196265503E-5,0.23089372685543,0.972978973733922),(-0.711309517079336,
0.16207777644811,0.683936813816889),(2.19266574145517E-6,0.147239269910743,
0.989100903543892),(-0.709715898444996,0.103708722753358,0.696812632146748),
(9.60397618599513E-5,0.753573629135811,0.657363503890692),(-0.713121967616828,
0.528402603570618,0.460703535738653),(4.08139219901517E-5,0.785815249177612,
0.618461310426248),(-0.710994012896858,0.554063642114571,0.43301384979185),
(0.00012861503708068,0.721718396010002,0.692186781381242),(-0.713094292225938,
0.50584987188188,0.485399255780099),(0.000169948772925783,0.994279990817573,
0.106804826563319),(-0.709814528958903,0.700424815938521,0.0746217910287595),
(3.06491717767003E-5,0.106597686114203,0.994302233918705),(-0.708856572163059,
0.0745738110155847,0.701399391796036),(0.319529166572381,0.947576441081231,
-4.16988898270405E-6),(0.319529134141408,-0.94757645201728,4.14555216274179E-6),
(0.228593982485,-3.47629588537045E-6,-0.973521849348828),(0.,1.,0.),(0.227924092475473,
-4.82722632991575E-5,-0.973678902790351),(0.,-1.,0.),(0.228392895088422,
0.973569045023154,-6.76996147476502E-6),(0.228392942127649,-0.97356903398861,
6.69041600750026E-6),(0.228593982485,3.47629588537045E-6,0.973521849348828),
(0.,-1.,0.),(0.227924092475473,4.82722632991575E-5,0.973678902790351),(0.,
1.,0.),(0.135909053328648,-1.2272220067234E-5,-0.990721317562463),(0.,-1.,
0.),(0.135909053328648,1.2272220067234E-5,0.990721317562463),(0.,1.,0.),
(0.136861291961635,-0.990590221407997,-3.66698820706934E-6),(0.136860687817881,
0.990590304877591,3.54074275102348E-6),(0.137126902224026,3.07915086734337E-5,
-0.990553487570624),(0.,1.,0.),(0.137126902224026,-3.07915086734337E-5,
0.990553487570624),(0.,-1.,0.),(0.,-1.,0.),(0.0457829814469262,-7.72808054434201E-6,
-0.99895140950404),(0.0449192340052987,3.97916220434574E-5,-0.998990620993513),
(0.,1.,0.),(0.,1.,0.),(0.0457829814469262,7.72808054434201E-6,0.99895140950404),
(0.0449192340052987,-3.97916220434574E-5,0.998990620993513),(0.,-1.,0.),
(0.0456981145439966,-0.998955295439965,-6.29092142848562E-6),(0.0456993980024895,
0.998955236727261,6.11483308817772E-6),(-0.0452349813237614,0.998976374313917,
-5.22108528728105E-6),(-0.0452355302467483,-0.998976349453579,5.97471211878697E-6),
(-0.0458108112504252,7.78740663132315E-6,-0.998950133646287),(0.,1.,0.),
(-0.0458107726538012,-7.72798340830537E-6,0.998950135416748),(0.,-1.,0.),
(0.,-1.,0.),(-0.0449489194500397,-3.97971039398629E-5,-0.998989285756591),
(-0.044947186308242,3.97971036583558E-5,0.998989363736753),(0.,1.,0.),(-0.136522204136555,
-0.990637011102344,3.45131674957567E-6),(-0.136522164980504,0.990637016500963,
-2.66579694334115E-6),(-0.137154992617642,-3.07355371975757E-5,-0.990549598483277),
(0.,-1.,0.),(-0.135936972250821,1.23343499380659E-5,-0.990717487189534),
(0.,1.,0.),(0.,1.,0.),(-0.137153311893312,3.07968959988127E-5,0.990549831198939),
(-0.135935313055073,-1.22722302625461E-5,0.990717714848186),(0.,-1.,0.),
(0.,0.,-0.999999999999943),(1.,0.,0.),(4.81642863480032E-5,0.999999998793447,
-9.65956723496072E-6),(0.,0.,-1.),(-0.228190277540419,-0.973616555066412,
-3.06045640119683E-5),(-0.228353116018159,-0.973578376071974,-7.060813393741E-6),
(0.,0.,1.),(1.,0.,0.),(3.11969506426423E-5,-0.999999999225122,2.40105636856908E-5),
(0.,0.,1.),(-0.228189867502822,0.973616651174119,3.0422671158101E-5),(-0.228353224029789,
0.973578350738821,6.9194621481524E-6),(0.,0.,-1.),(-0.228887745669289,0.973452823571719,
-1.27545588687962E-5),(0.,0.,-0.999999999999942),(2.87146424765471E-5,-0.99999999926583,
-2.53733984900043E-5),(1.,0.,0.),(0.,0.,1.),(-0.228886416586408,-0.973453136078924,
1.26625830057859E-5),(0.,0.,1.),(2.57325924987646E-5,0.999999999328344,
2.60987820687836E-5),(1.,0.,0.),(-0.228618651103055,3.55132033906136E-6,
-0.973516056547198),(0.,-1.,0.),(-0.227949937102582,4.82722558513174E-5,
-0.973672852576633),(0.,1.,0.),(0.,1.,0.),(1.,0.,0.),(0.,0.,1.),(-0.228620209104305,
-3.550053390671E-6,0.97351569066785),(0.,1.,0.),(-0.227948268836035,-4.82722563326742E-5,
0.973673243138808),(0.,-1.,0.),(0.,-1.,0.),(1.,0.,0.),(0.,0.,-1.),(0.,-1.,
0.),(0.,0.,1.),(1.,0.,0.),(0.,1.,0.),(0.,0.,-1.),(1.,0.,0.),(0.,0.,-1.),
(-0.320035246615537,0.947405636949284,0.),(-0.320022776340693,0.947409849329128,
4.16573941400005E-6),(0.,0.,1.),(-0.32003237897848,-0.947406605637186,0.),
(-0.32002264867234,-0.947409892453491,-4.24319942732014E-6),(-0.32011763337713,
3.74761068012145E-5,-0.94737780182806),(0.,1.,0.),(-0.319479041188532,1.38666879550632E-5,
-0.94759334212993),(0.,-1.,0.),(0.,-1.,0.),(-0.320119204232388,-3.75342342452646E-5,
0.947377271034514),(-0.319480664567039,-1.39266604226048E-5,0.947592794808958),
(0.,1.,0.),(0.,0.,-1.),(-0.320690632041278,-0.947183993702591,-2.4383909511743E-5),
(0.,0.,1.),(-0.320686472040836,0.94718540215877,2.42349127435654E-5),(0.,
0.,-0.999999999999845),(-0.365253889413014,0.930907941887165,0.),(0.,0.999999999999871,
0.),(-0.365218957427268,0.930921647151672,0.),(0.,0.999999999999776,0.),
(0.,0.,1.),(-0.365251152643705,-0.93090901568971,0.),(0.,-1.,0.),(0.,-1.,
0.),(-0.365218043279535,-0.930922005789382,0.),(-0.365239934493055,2.65279649762849E-5,
-0.930913416783632),(0.,1.,0.),(-0.000516713309272996,0.,-0.999999866503669),
(0.,-1.,0.),(-1.,0.,0.),(0.,0.,1.),(-0.364534026130051,0.,-0.931190068564638),
(-0.000516713309272996,0.,-0.999999866503669),(0.,-1.,0.),(0.,-1.,0.),(0.,
0.,-0.999999999999845),(-0.365995922510046,-0.930616453959343,-1.8059838837161E-5),
(0.,0.,1.),(0.,0.999999999999871,0.),(-0.3659909111565,0.930618424827752,
1.79429198251344E-5),(-0.365242887126399,-2.66389412030671E-5,0.930912258321878),
(0.,-1.,0.),(-0.000516713309309903,0.,0.999999866503669),(0.,1.,0.),(-1.,
0.,0.),(0.,0.,-0.999999999999998),(-0.364534026129968,0.,0.93119006856467),
(-0.000516713309309903,0.,0.999999866503669),(0.,1.,0.),(0.,1.,0.),(1.12770110583157E-6,
1.49549898852796E-6,0.999999999998246),(-1.,0.,0.),(0.,-1.,0.),(0.,0.,-0.999999999999998),
(-1.,0.,0.),(-1.10655543581493E-5,-0.999999999921001,-5.96250655630811E-6),
(0.,0.,-1.),(-1.,0.,0.),(-1.,0.,0.),(0.,-1.00681808634083E-6,-0.999999999999304),
(2.75495783530288E-5,-0.999999999235791,-2.77387600509709E-5),(5.29134910146366E-6,
0.999999999985075,1.36066095981479E-6),(0.,0.,1.),(-1.,0.,0.),(0.,1.0068176039047E-6,
-0.999999999999304),(2.08278369987856E-5,0.999999999773818,-4.3086600849062E-6),
(-1.,0.,0.),(-1.,0.,0.),(6.28317955471138E-6,0.999999999980256,0.),(0.,
0.,-1.),(0.,0.,1.),(2.66128412103931E-5,-0.999999999385744,2.28094002282678E-5),
(-1.,0.,0.),(-1.,0.,0.),(-1.15098416673281E-5,-0.999999999919915,5.2624135968253E-6),
(0.,0.,1.),(4.32284690830951E-6,-0.999999999990657,0.),(-1.,0.,0.),(0.,
0.,1.),(4.32284690830951E-6,-0.999999999990657,0.),(0.,0.,-1.),(-1.,0.,
0.),(-1.,0.,0.),(0.,0.,1.),(2.92968843903595E-5,0.999999998813079,3.89298693544729E-5),
(0.,0.999999999999869,0.),(-0.70738878621836,0.706824663641922,0.),(0.,
-1.47496102981463E-6,-0.999999999998664),(0.,0.999999999999869,0.),(0.,
0.,1.),(-0.70738878621836,0.706824663641922,0.),(0.,-1.,0.),(0.,1.47496069615262E-6,
-0.999999999998664),(-0.707389838629262,-0.706823610389514,0.),(-0.707389838629262,
-0.706823610389514,0.),(0.,-1.,0.),(0.,0.,1.),(-0.000516713309272996,0.,
-0.999999866503669),(-0.70548050552415,0.,-0.708729325148459),(0.,-1.,0.),
(-0.000516713309272996,0.,-0.999999866503669),(0.,1.,0.),(-0.70548050552415,
0.,-0.708729325148459),(-0.000516713309309903,0.,0.999999866503669),(0.,
-1.,0.),(-0.706282440319471,1.51846593607063E-5,0.707930161997494),(-0.000516713309309903,
0.,0.999999866503669),(-0.705885299033327,0.,0.708326156942288),(0.,1.,
0.),(-0.70548050552415,0.,-0.708729325148459),(-1.,0.,0.),(0.,-1.,0.),(-0.70548050552415,
0.,-0.708729325148459),(0.,1.,0.),(-1.,0.,0.),(-1.,0.,0.),(-0.707374993447956,
0.0239164238510585,-0.70643373596869),(0.,-0.999999999999684,0.),(-0.70737378672067,
-0.0239147306572206,-0.706435001622975),(0.,1.,0.),(-1.,0.,0.),(-1.,0.,
0.),(-0.70835567679472,0.0436045780860165,-0.704507541423535),(-0.708354484765489,
-0.0436056665025729,-0.704508672594941),(-1.,0.,0.),(-1.,0.,0.),(-0.710009899754898,
0.0926603832939255,-0.698068761382332),(-0.710009764129926,-0.0926611546729289,
-0.698068796935407),(-1.,0.,0.),(-1.,0.,0.),(-0.710890914695026,0.146538018579246,
-0.687866786896225),(-0.710882573023376,-0.146537950837675,-0.687875422104875),
(-1.,0.,0.),(-1.,0.,0.),(-0.711684375926898,0.190113432591473,-0.676285614078719),
(-0.711683983206839,-0.190113999159836,-0.676285868084127),(-1.,0.,0.),
(-1.,0.,0.),(-0.712402963456849,0.226240614444909,-0.664302041268495),(-0.712402659312145,
-0.226241444226066,-0.664302084837529),(-1.,0.,0.),(-1.,0.,0.),(-0.712849108982368,
0.262024668595112,-0.650529953861209),(-0.712848966274799,-0.26202447511561,
-0.650530188170648),(-1.,0.,0.),(-1.,0.,0.),(-0.712979973709215,0.296850603893723,
-0.635247413263162),(-0.712980011549185,-0.296850010138917,-0.635247648253693),
(-1.,0.,0.),(-1.,0.,0.),(-0.712926037100756,0.330246955831024,-0.618606024694355),
(-0.712925867706721,-0.330247515761759,-0.618605920993169),(-1.,0.,0.),
(-1.,0.,0.),(-0.713010740566134,0.362211567458263,-0.60034861891801),(-0.713010501295809,
-0.362211244158468,-0.600349098147964),(-1.,0.,0.),(-1.,0.,0.),(-0.714687419357152,
0.391024891311245,-0.579932260688818),(-0.714687467042324,-0.391024706993927,
-0.579932326201033),(-1.,0.,0.),(-1.,0.,0.),(-0.712999521979013,0.426894332955634,
-0.556230986324982),(-0.71300024711706,-0.426892822304255,-0.556231216200708),
(-1.,0.,0.),(-1.,0.,0.),(-0.713051595944206,0.471945631382686,-0.518483116928815),
(-0.713051611730529,-0.471946966600856,-0.518481879842243),(-1.,0.,0.),
(-1.,0.,0.),(-0.7132915049658,0.518408326972834,-0.471665173050599),(-0.713291268963916,
-0.518408696655154,-0.471665123633442),(-1.,0.,0.),(-1.,0.,0.),(-0.713350124342805,
0.555926875158994,-0.426704710046726),(-0.713349355143625,-0.555928229260055,
-0.426704231790539),(-1.,0.,0.),(-1.,0.,0.),(-0.714957756338272,0.579627828749326,
-0.390982079884855),(-0.714957783927796,-0.579627332179915,-0.390982765593381),
(-1.,0.,0.),(-1.,0.,0.),(-0.713141399901132,0.600246085901875,-0.362124260588175),
(-0.713141930027137,-0.600243753221205,-0.362127083157407),(-1.,0.,0.),
(-1.,0.,0.),(-0.713042331783843,0.6184711684542,-0.330248462335794),(-0.713042040538036,
-0.618471727274527,-0.330248044638293),(-1.,0.,0.),(-1.,0.,0.),(-0.713138573595169,
0.635112444226015,-0.296758416965559),(-0.713137872563707,-0.635113679602331,
-0.296757457694491),(-1.,0.,0.),(-1.,0.,0.),(-0.713204744719825,0.650225174636642,
-0.261813319710586),(-0.71320384715331,-0.650226165933202,-0.261813302835295),
(-1.,0.,0.),(-1.,0.,0.),(-0.713009770841967,0.663751518892083,-0.225944656613824),
(-0.71300938681494,-0.663752194881594,-0.225943882642681),(-1.,0.,0.),(-1.,
0.,0.),(-0.712361375202708,0.675625263278374,-0.189925708473956),(-0.712361053076219,
-0.675625174111138,-0.18992723387507),(-1.,0.,0.),(-1.,0.,0.),(-0.71212046503241,
-0.67858966122053,-0.18000143045718),(-0.711200595363508,0.687501164292872,
-0.146751021292996),(-1.,0.,0.),(-1.,0.,0.),(-0.711200008062463,-0.687501458448536,
-0.146752489461298),(-0.709876644977073,0.698236020009904,-0.0924208270728198),
(-1.,0.,0.),(-1.,0.,0.),(-0.7098754291263,-0.698237313309756,-0.092420395069082),
(-0.708535730239941,0.704331662723716,-0.0435204303540132),(-1.,0.,0.),
(-1.,0.,0.),(-0.708534287104835,-0.70433305868659,-0.043521333137157),(-0.707710030033433,
0.706105279813611,-0.0237033164223732),(0.,0.,1.),(-1.,0.,0.),(-1.,0.,0.),
(-0.707709377930194,-0.706105964430322,-0.0237023919802071),(0.,0.,1.),
(-0.70738878621836,0.706824663641922,0.),(-1.,0.,0.),(1.31633985759901E-6,
-1.31529011374329E-6,-0.999999999998269),(-0.70738878621836,0.706824663641922,
0.),(-1.,0.,0.),(-1.,0.,0.),(-0.707389838629262,-0.706823610389514,0.),
(1.31634299295071E-6,1.3152893298429E-6,-0.999999999998269),(-1.,0.,0.),
(-0.707389838629262,-0.706823610389514,0.),(-0.70738878621836,0.706824663641922,
0.),(0.,0.,1.),(-1.,0.,0.),(-1.,0.,0.),(-0.707389838629262,-0.706823610389514,
0.),(0.,0.,1.),(-0.707838712107259,0.705970262572784,0.0238819179558973),
(-1.,0.,0.),(0.,0.,-1.),(0.,0.,-1.),(-0.707709712315324,-0.706105613423517,
0.0237028645180287),(-1.,0.,0.),(-1.,0.,0.),(-0.708795278392424,0.704071035274073,
0.043511269996425),(-0.708534495436049,-0.704332873834426,0.0435209330474658),
(-1.,0.,0.),(-1.,0.,0.),(-0.710348631948437,0.697752086494305,0.092449158361925),
(-0.709875813058174,-0.698236945235923,0.0924202269127384),(-1.,0.,0.),
(-1.,0.,0.),(-0.711327843554112,0.687413608951205,0.146544290961253),(-0.711200295290798,
-0.687501124731787,0.146752660864495),(-1.,0.,0.),(-1.,0.,0.),(-0.712162657699104,
0.675849831786023,0.1898719406699),(-0.712361092869298,-0.675625227493623,
0.189926894725971),(-1.,0.,0.),(-1.,0.,0.),(-0.713009346991369,-0.66375221032146,
0.225943962956123),(-0.712806737829875,0.66391920361175,0.226092559762303),
(-1.,0.,0.),(-1.,0.,0.),(-0.71320384715331,-0.650226165933202,0.261813302835295),
(-0.713203641758177,0.650194950331539,0.261891374325773),(-1.,0.,0.),(-1.,
0.,0.),(-0.71328976786969,0.634960121421937,0.296720999014634),(-0.71313815592786,
-0.635113397161803,0.296757381214696),(-1.,0.,0.),(-1.,0.,0.),(-0.713194750050384,
0.618358354262743,0.330130571462327),(-0.713042437341417,-0.618471157733485,
0.3302482545026),(-1.,0.,0.),(-1.,0.,0.),(-0.713214242935187,0.600183149205639,
0.362085115800125),(-0.713142452412863,-0.600244388116504,0.362125002038263),
(-1.,0.,0.),(-1.,0.,0.),(-0.714872506626691,0.579771082251972,0.390925557432165),
(-0.714958322526836,-0.579626927782012,0.390982380216294),(-1.,0.,0.),(-1.,
0.,0.),(-0.713349359960881,-0.555926641049463,0.426706292916875),(-0.713139969762523,
0.556072546899002,0.426866145427773),(-1.,0.,0.),(-1.,0.,0.),(-0.713291966305667,
-0.518408585335211,0.471664191405857),(-0.713233027251342,0.518391743894897,
0.471771818466825),(-1.,0.,0.),(-1.,0.,0.),(-0.713186054010746,0.471853856424248,
0.518381703517926),(-0.713051749007968,-0.471946080151039,0.518482497936766),
(-1.,0.,0.),(-1.,0.,0.),(-0.713211750818505,0.426732276062309,0.556083233932731),
(-0.712998995334312,-0.426892841487399,0.556232806061523),(-1.,0.,0.),(-1.,
0.,0.),(-0.714768678203552,0.391086194088034,0.579790760061665),(-0.714686753444711,
-0.391024267513098,0.579933501934923),(-1.,0.,0.),(-1.,0.,0.),(-0.713010134138457,
-0.362213307676472,0.600348289210462),(-0.712927657209284,0.362260205952271,
0.600417936748645),(-1.,0.,0.),(-1.,0.,0.),(-0.712926127372511,-0.330248646609094,
0.618605018022402),(-1.,0.,0.),(-0.713155986219764,0.336459449333764,0.614982583715129),
(-0.712770439743081,0.330363906325444,0.61872286980994),(-1.,0.,0.),(-1.,
0.,0.),(-0.712980488641955,-0.296847748940904,0.635248169430339),(-0.712836066290843,
0.296877119165726,0.63539650511382),(-1.,0.,0.),(-1.,0.,0.),(-0.712848601838448,
-0.262026822140758,0.650529642165356),(-0.712865068779748,0.261937959940299,
0.650547384020533),(-1.,0.,0.),(-1.,0.,0.),(-0.712624547142302,0.226089269081807,
0.664115876347105),(-0.712402585223893,-0.226242772387965,0.664301711956639),
(-1.,0.,0.),(-1.,0.,0.),(-0.71200264983658,0.190013888136745,0.675978512188697),
(-0.71168433152461,-0.190113687047858,0.67628558927382),(-1.,0.,0.),(-1.,
0.,0.),(-0.710875294220295,0.14685918019899,0.687814435192),(-0.71089183236063,
-0.146537529897855,0.687865942618459),(-1.,0.,0.),(-1.,0.,0.),(-0.710009867718938,
-0.0926603433881532,0.698068799263314),(-0.70952660627092,0.0926308433300111,
0.698563899623822),(-1.,0.,0.),(-1.,0.,0.),(-0.708355555627255,-0.0436030776600807,
0.704507756118108),(-0.708091749804611,0.0436125347637146,0.704772318319987),
(-1.,0.,0.),(-1.,0.,0.),(-0.707374927649286,-0.0239131785964814,0.706433911716149),
(0.,1.,0.),(-0.707244251853256,0.0237318785560579,0.7065708500644),(0.,
-0.999999999999684,0.),(-1.,0.,0.),(-1.,0.,0.),(-0.705892268544719,0.,0.708319211379107),
(0.,1.,0.),(0.,-1.,0.),(-1.,0.,0.),(-0.706289402036466,1.54509157356009E-5,
0.707923216409972),(-1.,0.,0.),(0.,0.00283906362371881,-0.999995969850749),
(-1.,0.,0.),(0.,-0.00283905755131637,-0.999995969867989),(-1.,0.,0.),(0.,
-0.601379384922509,-0.79896360079173),(0.,-0.00283908680428217,-0.999995969784938),
(0.704721345781323,-0.00190937128968421,-0.709481627035851),(-1.,0.,0.),
(0.,0.0719184783988141,-0.99741051351221),(-1.,0.,0.),(0.,0.0226470468304161,
-0.999743522744635),(0.,0.0226437555639658,-0.999743597295806),(0.704399504523836,
0.0158492013018319,-0.709626761646337),(-1.,0.,0.),(0.,0.798963852266647,
-0.601379050824923),(0.,0.0028390855634704,-0.99999596978846),(0.704721347634998,
0.00190937224371009,-0.709481625192047),(-1.,0.,0.),(0.,-0.0226436024244043,
-0.999743600764339),(-1.,0.,0.),(0.,-0.0719185489810302,-0.997410508422891),
(0.,-0.0226437299339445,-0.999743597876315),(0.704399500595703,-0.0158491835418488,
-0.709626765942197),(-1.,0.,0.),(-1.06310508555053E-6,-0.239836648423189,
-0.97081325808417),(0.,0.0564082171164223,-0.998407788952864),(0.707255941274044,
0.0435534038700442,-0.705614721036841),(0.,-0.0560768158514379,-0.998426457343731),
(0.707319188383623,-0.0433931182777991,-0.705561197225628),(-1.,0.,0.),
(-1.06195734341109E-6,0.239836975944311,-0.970813177170953),(-1.,0.,0.),
(0.,0.147621706761629,-0.989043897757961),(0.,0.124062291393817,-0.992274431724468),
(0.709182299813378,0.0931882142454405,-0.69883933944588),(-1.,0.,0.),(-1.09141418912349E-6,
0.433130939934365,-0.901331009602123),(0.,0.0886769105627561,-0.996060442710705),
(0.710166982117886,0.0588012452352112,-0.701573425286593),(-1.,0.,0.),(0.,
-0.14762528578068,-0.989043363557759),(0.,-0.124493224797801,-0.992220457851699),
(0.70910144594071,-0.0934039878357597,-0.69889257716846),(0.,-0.0883463958356116,
-0.996089812387829),(0.71029297142021,-0.0584827413895195,-0.701472496759934),
(0.,0.216769748134455,-0.976222759565523),(0.709845563372873,0.158326178043915,
-0.686332352075767),(0.,0.167403884798683,-0.985888401064902),(0.713670708683835,
0.111923795033937,-0.69148187515792),(0.,-0.216730724020209,-0.976231424031042),
(0.709852887247863,-0.15830606039279,-0.686329417778946),(0.,-0.167831957646277,
-0.9858156186593),(0.713513166551915,-0.112342809829069,-0.691576499193523),
(-1.,0.,0.),(-1.17777080603919E-6,0.337779278238824,-0.941225349845122),
(0.,0.31341435271046,-0.949616471800634),(0.710758651026425,0.226327681937731,
-0.666031471013037),(0.,0.265491483658585,-0.964113205025615),(0.714301413111395,
0.180576397032809,-0.676140263600471),(-1.,0.,0.),(-1.1447428383348E-6,
-0.337777943022008,-0.941225829015816),(-1.,0.,0.),(-1.04987902768354E-6,
-0.433130677430411,-0.901331135747329),(0.,-0.313502298888609,-0.949587441256232),
(0.710741611742918,-0.226374630216922,-0.666033698945654),(0.,-0.265452578864687,
-0.964123917540731),(0.714316064239513,-0.180536924907381,-0.676135326036407),
(0.,0.411243849032591,-0.911525368068744),(0.710640665808893,0.294534275849821,
-0.638936150525476),(0.,0.362483663045858,-0.931990125497506),(0.715509739975076,
0.247717338359589,-0.653208949936267),(0.,-0.411677649282804,-0.911329530455907),
(0.710551622745849,-0.294775541218415,-0.638923916998441),(0.,-0.362570466946967,
-0.931956359760401),(0.715475874185246,-0.247809391325951,-0.653211128984741),
(-1.,0.,0.),(0.,0.601379226135366,-0.798963720310676),(-1.,0.,0.),(0.,0.521416545485273,
-0.853302282953449),(0.,0.501578143572293,-0.865112342930427),(0.705921515839868,
0.355421913062999,-0.61265820584481),(-1.,0.,0.),(0.,0.67356936623145,-0.739124014543267),
(0.,0.45741260316454,-0.889254581358026),(0.715038911719194,0.314779684899084,
-0.624205979386824),(-1.,0.,0.),(0.,-0.521416741913973,-0.853302162924271),
(0.,-0.501286828102193,-0.865281177404918),(0.705919186512218,-0.355217125805455,
-0.612779646894738),(0.,-0.457835261557672,-0.889037048313742),(0.714861731004443,
-0.315252180729337,-0.624170463968562),(0.,0.582900725635267,-0.812543379798198),
(0.705769996186201,0.413034192230335,-0.575579246092113),(0.,0.543594831846498,
-0.839347757958391),(0.705887926514463,0.384881612084858,-0.594632979139294),
(0.,-0.580921279823674,-0.813959745102929),(0.705751399573674,-0.411643715437227,
-0.576597271534332),(0.,-0.543313024629125,-0.839530200331324),(0.705891509362579,
-0.384679815502369,-0.594759292953783),(0.,0.653228995260254,-0.757160405562308),
(0.710854674325778,0.464264979505681,-0.528340478095122),(0.,0.620776584898672,
-0.783987520080226),(0.705674965231005,0.439692726981171,-0.555601610226322),
(-1.,0.,0.),(0.,-0.673570115914656,-0.739123331350531),(-1.,0.,0.),(0.,
-0.739123328624915,-0.673570118905534),(0.,-0.655793555166289,-0.75494027114889),
(0.710216462752418,-0.465888878157724,-0.527769011258127),(-1.,0.,0.),(-1.00874868118811E-6,
-0.90133178891682,-0.433129318202991),(-1.,0.,0.),(0.,-0.997410636827499,
-0.0719167681647013),(-1.,0.,0.),(0.,-0.999995964903355,-0.00284080569717556),
(0.,-0.618866394869443,-0.785496266892019),(0.705697056296401,-0.438324879219942,
-0.556653361609734),(-1.,0.,0.),(0.,0.739123613733258,-0.673569806049738),
(0.,0.687626367215553,-0.726064721020062),(0.715884648680303,0.475532372622638,
-0.511251535324603),(0.,-0.690085085685415,-0.723728246315254),(0.71462451092504,
-0.478690914902654,-0.510065502043421),(0.,0.757109258930871,-0.653288274838258),
(0.705561164932418,0.536441915912064,-0.46304806812231),(0.,0.726010875123566,
-0.687683218642358),(0.705581692129053,0.514590913664999,-0.487186481037521),
(-1.,0.,0.),(0.,-0.798962718690026,-0.601380556838403),(0.,-0.754460839164901,
-0.656345063336804),(0.705595383317639,-0.534537207236587,-0.465193646904753),
(0.,-0.72322360546515,-0.690613941719966),(0.705549768818129,-0.512641921178549,
-0.489282928754981),(-1.,0.,0.),(-1.06392528861149E-6,0.901331294269547,
-0.43313034755054),(-1.,0.,0.),(0.,0.853302385814254,-0.521416377152727),
(0.,0.812493516838612,-0.582970226594141),(0.70577714543513,0.575538632934822,
-0.413078567564279),(-1.,0.,0.),(-1.01876085432689E-6,0.970813323297294,
-0.239836384452874),(-1.,0.,0.),(0.,0.999995965496388,-0.00284059693511369),
(0.,0.783933921884597,-0.620844268813553),(0.705678886413832,0.555561040566097,
-0.439737693943616),(-1.,0.,0.),(0.,-0.85330223718639,-0.521416620383479),
(0.,-0.812156061181844,-0.583440255969359),(0.705781603430691,-0.575296363312268,
-0.413408300132547),(0.,-0.783574419933457,-0.621297938533476),(0.705673744044768,
-0.555309961884229,-0.440062965037932),(0.,0.865223369313329,-0.501386598538583),
(0.705929849637732,0.612730011222522,-0.355281551361307),(0.,0.839468689745494,
-0.543408059322812),(0.70589822540884,0.594710530883364,-0.384742874945175),
(0.,-0.865280434120225,-0.501288111098511),(0.705928890501803,-0.612771200689849,
-0.355212411325975),(0.,-0.839530985529178,-0.54331181133526),(0.705899295708434,
-0.594753770009909,-0.384674066421609),(0.,0.,1.),(-1.,0.,0.),(-1.,0.,0.),
(-1.14975699163229E-6,0.941225513424368,-0.33777882242336),(0.,0.911885519963074,
-0.410444635099149),(0.710818632258848,0.638946242035152,-0.294082593539326),
(0.,0.88965484985346,-0.456633603814062),(0.715376864873245,0.6242597036211,
-0.313904067573237),(-1.,0.,0.),(-1.1307337814783E-6,-0.941225832024228,
-0.337777934639047),(-1.,0.,0.),(-1.04934454328047E-6,-0.970813255948653,
-0.239836657067417),(0.,-0.912137952749985,-0.409883343346696),(0.710934096348919,
-0.638961425662265,-0.293770330639754),(0.,-0.889935664924296,-0.456086079918859),
(0.715605075416585,-0.624304671216313,-0.313293877271032),(0.,0.9497086466847,
-0.313134933235362),(0.710830467234738,0.666007734027386,-0.22617193695627),
(0.,0.932097093798296,-0.362208514163833),(0.715634163415193,0.653185761318269,
-0.247418886433737),(0.,-0.949819407313475,-0.312798806728349),(0.710896300279996,
-0.66599858558336,-0.225991889786286),(0.,-0.932224860387325,-0.361879551336951),
(0.715763498636473,-0.653176256878358,-0.24706960855203),(-1.,0.,0.),(0.,
0.997410548649668,-0.0719179910889659),(-1.,0.,0.),(0.,0.98904370633989,
-0.147622989229262),(0.,0.976645699217236,-0.214856180270607),(0.710229507683889,
0.686164166054796,-0.157330173957275),(0.,0.964631508014127,-0.263602074624597),
(0.715032010542911,0.675880055079671,-0.17864874767113),(-1.,0.,0.),(0.,
-0.989043647588751,-0.147623382849122),(0.,-0.976231424030801,-0.216730724021293),
(0.709874136607109,-0.686308920153056,-0.158299640854483),(0.,-0.964123783651393,
-0.265453065150363),(0.714335148594237,-0.676116555070645,-0.180531713120584),
(0.,0.992291937084748,-0.123922199773078),(0.709232529581537,0.698798153545721,
-0.0931147656629512),(0.,0.985912393459349,-0.16726252546),(0.713745576498436,
0.69142764524816,-0.111781319617818),(0.,-0.992292017917587,-0.123921552512235),
(0.709233079379575,-0.698797642940877,-0.0931144099161917),(0.,-0.985912429365875,
-0.1672623138124),(0.71374642363789,-0.691426808582418,-0.111781085688296),
(-1.,0.,0.),(0.,0.999743552231548,-0.0226457451067698),(0.,0.998578882594456,
-0.0532936697592378),(0.707876178029366,0.705084119439571,-0.0420440375399737),
(0.,0.996331805859331,-0.0855741353043286),(0.711369186294451,0.700598599396349,
-0.0558165147124486),(-1.,0.,0.),(0.,-0.999743561036577,-0.022645356387037),
(0.,-0.998388868314042,-0.056742115105144),(0.707218889260782,-0.705642040417268,
-0.0437121661382767),(0.,-0.996030260430332,-0.0890152813121659),(0.710064631949981,
-0.701649870680006,-0.0591242541472541),(0.,0.999743612649299,-0.0226430776823357),
(0.704427483994603,0.709599026156634,-0.0158474562813524),(0.,-0.999743637390285,
-0.0226419852849015),(0.704427246983451,-0.709599271455965,-0.0158470078084443),
(-1.,0.,0.),(0.,-0.999999827738322,0.000586961093880451),(-1.,0.,0.),(0.,
1.,0.),(-2.28570007125598E-5,-0.999995993649697,0.00283057628638759),(-1.,
0.,0.),(-1.,0.,0.),(0.,0.999999826713218,0.000588704962847284),(-1.67210856071705E-5,
0.999995991813463,0.00283126781015008),(-1.,0.,0.),(-1.,0.,0.),(0.,-1.,
0.),(0.,1.,0.),(-1.,0.,0.),(0.,1.,0.),(-1.,0.,0.),(0.,0.99999596544096,
-0.00284061644769495),(0.704750303331138,0.709452860228063,-0.00191025361926673),
(0.,-0.9999959648202,-0.00284083496819672),(0.704749585321786,-0.709453573077316,
-0.0019104022091417),(-1.,0.,0.),(1.47418790627102E-5,0.999995937588978,
0.00285036633037558),(0.,0.999994282918013,0.00338143923345869),(0.704729102656556,
0.709472848792008,0.00227347659738921),(-1.,0.,0.),(0.,-0.999995964903853,
0.00284080552163172),(0.,-0.999995964819702,0.00284083514374264),(0.704749585321788,
-0.709453573077313,0.00191040220913747),(-1.,0.,0.),(0.,-0.999999827743151,
-0.000586952866577236),(-1.,0.,0.),(0.,0.999999826713218,-0.000588704962847284),
(-1.,0.,0.),(1.26459554964296E-5,0.997411023772307,0.0719114003309485),
(-1.,0.,0.),(2.64097427516055E-5,0.999743603779162,0.0226434539145343),
(1.53248177114465E-5,0.999734484482294,0.0230425758558522),(0.70417879130753,
0.709841923328226,0.0160210411131929),(-1.,0.,0.),(7.29769127504915E-6,
0.601375921270053,0.798966207835688),(-1.,0.,0.),(0.,-0.999743562599969,
0.0226452873665813),(-1.,0.,0.),(0.,-0.997410628941153,0.0719168775399988),
(0.,-0.99974363736656,0.0226419863324806),(0.704427269759614,-0.709599248416782,
0.015847027019417),(-1.,0.,0.),(0.,-0.601379402095002,0.798963587865982),
(-2.20262327683588E-5,-0.999995992303935,-0.00283105826730341),(-1.,0.,
0.),(-1.,0.,0.),(-1.67210856071705E-5,0.999995991813463,-0.00283126781015008),
(2.64180977602621E-5,0.998648509921696,0.0519726171484637),(0.707813184089386,
0.705184034985515,0.0414243072457787),(0.,-0.998388868382316,0.0567421139038516),
(0.707218903902963,-0.705642026904149,0.0437121473837238),(-1.,0.,0.),(2.00231987894041E-5,
0.970814400100351,0.239832024877552),(-1.,0.,0.),(1.45245734713289E-5,0.989042514085473,
0.147630976155152),(1.26570719637232E-5,0.992213652852328,0.124547448521589),
(0.709013104694033,0.698987721456224,0.0933626404166284),(-1.,0.,0.),(1.18848789554493E-5,
0.901328370020731,0.433136432610467),(2.28738849387054E-5,0.996463821141053,
0.0840229292143354),(0.711624925281335,0.70044069977445,0.054523314442651),
(-1.,0.,0.),(0.,-0.989043616627326,0.147623590283748),(-1.,0.,0.),(-1.02467626128347E-6,
-0.970813263944392,0.23983662470229),(0.,-0.992220248943964,0.124494889797042),
(0.709125454979633,-0.698868546977119,0.0934015157586748),(-1.,0.,0.),(-1.05104388003964E-6,
-0.901331135751972,0.433130677420748),(0.,-0.996030260428566,0.0890152813319347),
(0.7100646319424,-0.70164987068607,0.0591242541663269),(1.57011456211023E-5,
0.976542699992588,0.215323837149213),(0.709906008647209,0.686408513510129,
0.157723845589069),(2.79480216827261E-6,0.985669995272672,0.168685092439612),
(0.713271551332527,0.691724599076911,0.112963591885071),(0.,-0.97664770438025,
0.214847065441416),(0.710231169503978,-0.686163511365449,0.157325527285466),
(0.,-0.985815386424321,0.167833321748298),(0.713536555317434,-0.691552942897298,
0.112339269161845),(-1.,0.,0.),(7.04921966659229E-6,0.941226677260238,0.337775579288913),
(2.07536147166606E-5,0.9501287290767,0.311857976893941),(0.710874061313911,
0.66618845030378,0.225501702062125),(2.81467620873297E-5,0.964692004403336,
0.263380591251584),(0.714754566821192,0.676178715134015,0.178628817406273),
(-1.,0.,0.),(-1.14474283733421E-6,-0.94122582901582,0.337777943021999),
(0.,-0.949587441267215,0.313502298855341),(0.710758449096957,-0.666017791562526,
0.226368567516484),(0.,-0.964634574848138,0.263590851524768),(0.715035417033877,
-0.675879282693747,0.178638035178894),(7.96654338921558E-6,0.912152978477083,
0.409849903979396),(0.710873844567153,0.639042770793047,0.293739194196928),
(1.36476400256183E-5,0.932563200422875,0.361006754827091),(0.715916022033866,
0.653301015533508,0.246296635174118),(0.,-0.912524421937437,0.409022223562174),
(0.711110173397462,-0.638985348075738,0.293291742528084),(0.,-0.93195635977311,
0.362570466914299),(0.715492433260511,-0.653195455332049,0.247802895625757),
(-1.,0.,0.),(1.61225036736739E-5,0.798966525430262,0.601375499153366),(-1.,
0.,0.),(2.36298356671222E-5,0.853302160833816,0.521416744800136),(1.33313654431823E-5,
0.865034992739914,0.501711531816572),(0.705656042093735,0.612833032180895,
0.355647613410488),(-1.,0.,0.),(7.52309967815531E-6,0.739123682790768,0.673569730229332),
(2.5137954171024E-6,0.889688065097966,0.456568885072031),(0.715446103766989,
0.624304762197723,0.313656558200014),(-1.,0.,0.),(0.,-0.853302171989132,
0.521416727079223),(-1.,0.,0.),(0.,-0.798963590337091,0.601379398812019),
(0.,-0.865280008454276,0.501288845845754),(0.705928330275957,-0.612771403694555,
0.355213174485413),(-1.,0.,0.),(0.,-0.73912333135049,0.673570115914702),
(0.,-0.89036537733847,0.455246630780417),(0.715953311529793,-0.624373302476693,
0.312360104468977),(2.44359222622278E-5,0.813269158865344,0.581887682152957),
(0.705479233069795,0.576331911334271,0.412481005241502),(2.37838758541155E-5,
0.839455891243404,0.543427829698728),(0.70562099136113,0.594933572259352,
0.384906561582498),(0.,-0.813960306343091,0.580920493439386),(0.705757573611765,
-0.576592833714978,0.411639346270696),(0.,-0.839530735240741,0.543312198083331),
(0.705898678334643,-0.594754123731545,0.384674652439858),(1.61702595362521E-5,
0.757976129668899,0.652282290569565),(0.710886647727625,0.528704554008399,
0.463801324548949),(2.50646139420873E-5,0.784968357518076,0.619535856159382),
(0.705401803542413,0.556507866520522,0.438984384756324),(0.,-0.754939552033693,
0.655794383000622),(0.70558909652029,-0.534881259825683,0.46480755669306),
(0.,-0.78549557509433,0.618867272932755),(0.70570177827668,-0.55664973686809,
0.438321880108463),(-1.,0.,0.),(4.20840540153784E-6,0.67357179272532,0.739121803241582),
(4.44408458305197E-6,0.726791215236363,0.686858449344186),(0.716170270217393,
0.511662219967667,0.474659790496841),(-1.,0.,0.),(0.,-0.673570118905488,
0.739123328624957),(0.,-0.723728246603939,0.690085085382657),(0.705555160632895,
-0.512995616811669,0.488904297829652),(7.46075179626586E-6,0.659478524973528,
0.751723403282801),(0.705564702071498,0.467468799641378,0.532589309461434),
(1.16893849557388E-6,0.693865681816449,0.720104447699101),(0.705493508084693,
0.4916313170106,0.510467979588119),(0.,-0.656345063621667,0.754460838917084),
(0.710077756163155,-0.466239001534574,0.527646447586206),(0.,-0.690613941993033,
0.723223605204396),(0.71434975454702,-0.479374318961505,0.509808484137724),
(-1.,0.,0.),(0.,-0.00283905755131703,0.999995969867989),(-1.,0.,0.),(8.34128356448806E-6,
0.433133835124565,0.901329618286623),(-1.,0.,0.),(1.48187609396612E-5,0.521415704089017,
0.85330279696586),(1.55096759584501E-5,0.580832555291079,0.814023060160759),
(0.705576447587557,0.411692657495123,0.576776414544082),(-1.,0.,0.),(1.59553676128739E-5,
0.239833976538593,0.970813918031212),(-1.,0.,0.),(9.82513773049409E-6,0.00284542892083464,
0.999995951710667),(1.39880978129866E-5,0.618640888359891,0.785673883397952),
(0.70553592910031,0.438267155798017,0.55690300133621),(-1.,0.,0.),(0.,-0.521416720121561,
0.853302176240652),(-1.,0.,0.),(-1.05063288013963E-6,-0.433130677424143,
0.901331135750341),(0.,-0.583441388976426,0.812155247246028),(0.70577472468758,
-0.413413366082549,0.575301161772221),(-1.,0.,0.),(-1.04934454312787E-6,
-0.239836657067451,0.970813255948645),(0.,-0.62129793864161,0.783574419847717),
(0.705668249026579,-0.440066986931505,0.555313757554041),(9.63497392853374E-6,
0.500183935276499,0.865919182602211),(0.705708930913127,0.354540975986352,
0.613413075485105),(1.70868697395414E-5,0.541970267939075,0.84039766085948),
(0.705706088244122,0.383829006512912,0.595528513821539),(0.,-0.499389922158396,
0.866377345991127),(0.705899919864938,-0.353884147631898,0.613572581843027),
(0.,-0.541471142787421,0.840719335764605),(0.705910583449566,-0.383364693002843,
0.595585225079273),(-1.,0.,0.),(5.92612965502825E-6,0.337774814677558,0.941226951661724),
(6.86324129830458E-6,0.409262161748075,0.912416836163269),(0.710990713782179,
0.293418899758883,0.639059898741733),(1.93330837951104E-6,0.455881349973211,
0.89004055792018),(0.715705658315277,0.312948545159341,0.62436256993685),
(-1.,0.,0.),(-1.13073378283564E-6,-0.337777934639057,0.941225832024225),
(0.,-0.409883343353088,0.912137952747113),(0.710919920771781,-0.293777539899038,
0.638973883113163),(0.,-0.456086079925113,0.88993566492109),(0.715592306671035,
-0.313300246886762,0.62431611058335),(1.67983700665356E-5,0.312590525552889,
0.949887973948709),(0.710748101886712,0.225906808110403,0.666185597047704),
(1.20004282486231E-5,0.361667110920946,0.932307299517753),(0.715663303223282,
0.246986981531471,0.653317279255274),(0.,-0.312798806779426,0.949819407296654),
(0.710878403077535,-0.225998664072866,0.666015390118887),(0.,-0.361879551387111,
0.932224860367853),(0.71574654378506,-0.247076230945297,0.653192330911507),
(-1.,0.,0.),(1.24037748440618E-5,0.0719106878407913,0.997411075144251),
(-1.,0.,0.),(1.01339675086219E-5,0.147631929804379,0.989042371791794),(1.12463187423998E-5,
0.215828231765994,0.97643134640705),(0.709847670541311,0.157962685267367,
0.686413923729842),(2.17966571379827E-5,0.264024696843641,0.964515919506531),
(0.714577898962795,0.179230889333457,0.67620611844515),(-1.,0.,0.),(0.,
-0.147621846464881,0.989043876906263),(-1.,0.,0.),(0.,-0.0719186256459692,
0.997410502894914),(0.,-0.216730724020209,0.976231424031042),(0.709851803977939,
-0.158306320096444,0.68633047827325),(0.,-0.265453065149185,0.964123783651717),
(0.714314919009852,-0.180537451765212,0.676136395256218),(1.23408400680464E-5,
0.123848998052706,0.992301076049525),(0.709132931243408,0.0929978546711622,
0.698914790838407),(0.,0.167999214025823,0.985787129195047),(0.71351610446121,
0.112324120533784,0.691576503809096),(0.,-0.12449655476315,0.992220040037539),
(0.709100376653437,-0.0934065098670091,0.698893325010633),(0.,-0.167831957646277,
0.9858156186593),(0.713512088968305,-0.112342981696499,0.691577583037237),
(-1.,0.,0.),(2.22541833279753E-5,0.0226450677459004,0.999743567326909),
(2.24638959576097E-5,0.0557510872658289,0.998444698400493),(0.707126042994632,
0.0432522563759431,0.705763417610422),(2.48192721960307E-5,0.0875039640012137,
0.996164171042142),(0.710248756942602,0.0579036002928064,0.701565304397687),
(-1.,0.,0.),(0.,-0.0226470324573755,0.999743523070226),(0.,-0.0379713239694407,
0.999278829234363),(0.710742522127336,-0.034621637266211,0.702599750550112),
(0.,-0.0702813011540589,0.997527212013815),(0.716911133221582,-0.0414042289219767,
0.695933988888546),(1.01972294490989E-5,0.0230791813677849,0.999733640167925),
(0.704230461242822,0.0160821618326987,0.70978927966581),(0.,-0.0226437299339445,
0.999743597876315),(0.704398364054283,-0.0158492087549187,0.709627893546676),
(0.,0.00319934946000151,0.99999488206842),(0.704706106970087,0.00215136847281751,
0.709496070752163),(0.,-0.00283908680428369,0.999995969784938),(0.704720210505705,
-0.00190937416625241,0.709482754684769),(-1.,0.,0.),(0.,0.0245440356776809,
-0.999698749780479),(0.,0.,-1.),(-1.,0.,0.),(0.,1.,0.),(-1.,0.,0.),(0.,
0.290283712636567,-0.956940628345317),(-1.,0.,0.),(0.,0.0980265084358054,
-0.995183803949745),(0.,0.0245440356776809,-0.999698749780479),(-1.,0.,
0.),(-1.,0.,0.),(0.,0.290283712636978,0.956940628345193),(-1.,0.,0.),(0.,
0.0245440356772397,0.99969874978049),(0.,1.,0.),(-1.,0.,0.),(-1.,0.,0.),
(0.,0.195095529127884,-0.980784244629934),(0.,0.0980265084358054,-0.995183803949745),
(-1.,0.,0.),(-1.,0.,0.),(0.,0.195095529127884,-0.980784244629934),(-1.,
0.,0.),(0.,0.471403685406871,-0.881917550219304),(-1.,0.,0.),(0.,0.382689717867917,
-0.923876928945719),(0.,0.290283712636567,-0.956940628345317),(-1.,0.,0.),
(-1.,0.,0.),(0.,0.634393011615439,-0.773010677037189),(-1.,0.,0.),(0.,0.773009257790286,
-0.634394740970092),(-1.,0.,0.),(0.,0.956936067622251,-0.290298746955035),
(-1.,0.,0.),(0.,0.999698730272404,-0.024544830244757),(0.,0.382689717867917,
-0.923876928945719),(-1.,0.,0.),(-1.,0.,0.),(0.,0.555568929970707,-0.831470482970504),
(0.,0.471403685406871,-0.881917550219304),(-1.,0.,0.),(-1.,0.,0.),(0.,0.555568929970707,
-0.831470482970504),(-1.,0.,0.),(0.,0.707107575853101,-0.707105986519101),
(0.,0.634393011615439,-0.773010677037189),(-1.,0.,0.),(-1.,0.,0.),(0.,0.773009257790286,
-0.634394740970092),(0.,0.707107575853101,-0.707105986519101),(-1.,0.,0.),
(-1.,0.,0.),(0.,0.881924452405614,-0.471390772341862),(-1.,0.,0.),(0.,0.83146861569929,
-0.555571724538881),(0.,0.83146861569929,-0.555571724538881),(-1.,0.,0.),
(-1.,0.,0.),(0.,0.881924452405614,-0.471390772341862),(-1.,0.,0.),(0.,0.923882532179891,
-0.382676190444182),(0.,0.923882532179891,-0.382676190444182),(-1.,0.,0.),
(-1.,0.,0.),(0.,0.956936067622251,-0.290298746955035),(-1.,0.,0.),(0.,0.995185296463469,
-0.0980113549692948),(-1.,0.,0.),(0.,0.980784305254467,-0.195095224355987),
(-1.,0.,0.),(0.,0.980784305254467,-0.195095224355987),(0.,0.995185296463469,
-0.0980113549692948),(-1.,0.,0.),(-1.,0.,0.),(0.,0.999698730272404,-0.024544830244757),
(-1.,0.,0.),(0.,0.99969874978049,0.0245440356772397),(0.,1.,0.),(-1.,0.,
0.),(-1.,0.,0.),(0.,0.956934483545413,0.290303968628872),(-1.,0.,0.),(0.,
0.995185374363262,0.0980105639890586),(0.,0.99969874978049,0.0245440356772397),
(-1.,0.,0.),(-1.,0.,0.),(0.,0.980784305254468,0.195095224355983),(0.,0.995185374363262,
0.0980105639890586),(-1.,0.,0.),(-1.,0.,0.),(0.,0.980784305254468,0.195095224355983),
(-1.,0.,0.),(0.,0.881927716643114,0.471384665232825),(-1.,0.,0.),(0.,0.923883093976881,
0.382674834113383),(0.,0.956934483545413,0.290303968628872),(-1.,0.,0.),
(-1.,0.,0.),(0.,0.773010037234848,0.634393791216606),(-1.,0.,0.),(0.,0.634393791216583,
0.773010037234867),(0.,0.923883093976881,0.382674834113383),(-1.,0.,0.),
(-1.,0.,0.),(0.,0.831463255289024,0.555579746844843),(0.,0.881927716643114,
0.471384665232825),(-1.,0.,0.),(-1.,0.,0.),(0.,0.831463255289024,0.555579746844843),
(-1.,0.,0.),(0.,0.707106781186547,0.707106781186548),(0.,0.773010037234848,
0.634393791216606),(-1.,0.,0.),(-1.,0.,0.),(0.,0.634393791216583,0.773010037234867),
(0.,0.707106781186547,0.707106781186548),(-1.,0.,0.),(-1.,0.,0.),(0.,0.471391433501563,
0.881924099013822),(-1.,0.,0.),(0.,0.555568195857399,0.831470973487201),
(0.,0.555568195857399,0.831470973487201),(-1.,0.,0.),(-1.,0.,0.),(0.,0.471391433501563,
0.881924099013822),(-1.,0.,0.),(0.,0.382689717867917,0.923876928945719),
(0.,0.382689717867917,0.923876928945719),(-1.,0.,0.),(-1.,0.,0.),(0.,0.290283712636978,
0.956940628345193),(-1.,0.,0.),(0.,0.0980265084353661,0.995183803949789),
(-1.,0.,0.),(0.,0.195095529128305,0.980784244629851),(-1.,0.,0.),(0.,0.195095529128305,
0.980784244629851),(0.,0.0980265084353661,0.995183803949789),(-1.,0.,0.),
(-1.,0.,0.),(0.,0.0245440356772397,0.99969874978049),(0.,0.,1.),(0.,1.,
0.),(-1.,0.,0.),(-1.,0.,0.),(0.,0.,-1.),(-0.707107905102682,-0.707105657268626,
0.),(-0.707107905102682,-0.707105657268626,0.),(-1.,0.,0.),(0.,0.,1.),(0.,
0.,-1.),(-0.996262664068529,-0.0863753679186156,0.),(0.,-0.999999999999982,
0.),(0.,0.,-1.),(-5.70626911915555E-5,-0.999999998172776,-1.99573940041867E-5),
(-1.,0.,0.),(-1.,0.,0.),(-5.70672846198614E-5,-0.999999998172447,-1.99607350634761E-5),
(-0.707107905102682,-0.707105657268626,0.),(0.,-1.,0.),(0.,0.,1.),(-0.707107905102682,
-0.707105657268626,0.),(0.,0.,-1.),(0.,-0.999999999999975,0.),(0.,0.,1.),
(0.,-1.,0.),(-0.996262664068529,-0.0863753679186156,0.),(0.,-1.,0.),(-1.,
0.,0.),(0.,0.,-1.),(0.,0.,1.),(-1.,0.,0.),(0.,-1.,0.),(-1.,0.,0.),(0.,0.,
-1.),(-0.707107905102682,-0.707105657268626,0.),(-0.707107905102682,-0.707105657268626,
0.),(-1.,0.,0.),(0.,0.,1.),(0.,0.,-1.),(-0.996262664068529,-0.0863753679186156,
0.),(0.,-0.999999999999982,0.),(-0.707107905102682,-0.707105657268626,0.),
(0.,-0.999999999999999,0.),(0.,0.,1.),(-0.707107905102682,-0.707105657268626,
0.),(0.,0.,-1.),(0.,-0.999999999999975,0.),(0.,0.,1.),(0.,-1.,0.),(-0.996262664068529,
-0.0863753679186156,0.),(0.,0.,1.),(-1.,0.,0.),(-5.70626911946015E-5,-0.999999998226165,
1.70739604414072E-5),(-5.70672120009397E-5,-0.999999998225858,1.70767774000271E-5),
(-1.,0.,0.),(-1.,0.,0.),(-0.707107905102682,0.707105657268627,0.),(0.,0.,
-1.),(0.,0.,-1.),(-1.,0.,0.),(0.,-1.,0.),(-1.,0.,0.),(0.,0.,1.),(-0.707107905102682,
0.707105657268627,0.),(0.,0.,-1.),(-1.,0.,0.),(0.,-1.,0.),(-0.707107905102682,
0.707105657268627,0.),(0.,0.,1.),(0.,1.,0.),(0.,1.,0.),(-0.707107905102682,
0.707105657268627,0.),(0.,0.,-1.),(-1.,0.,0.),(0.,-1.,0.),(0.,0.,1.),(0.,
-1.,0.),(-1.,0.,0.),(0.,0.,1.),(-1.,0.,0.),(0.,-1.,0.),(-1.,0.,0.),(-0.707107952597385,
0.707105609773769,0.),(0.,0.,-1.),(0.,0.,-1.),(-1.,0.,0.),(0.,-1.,0.),(-1.,
0.,0.),(0.,0.,1.),(-0.70710846705874,0.707105095310328,0.),(0.,0.,-1.),
(-1.,0.,0.),(0.,-1.,0.),(-0.707108419564106,0.707105142805187,0.),(0.,0.,
1.),(0.,1.,0.),(0.,1.,0.),(-0.707107905102682,0.707105657268627,0.),(0.,
0.,-1.),(-1.,0.,0.),(0.,-1.,0.),(0.,0.,1.),(0.,-1.,0.),(-1.,0.,0.),(0.,
0.,1.),(-1.,0.,0.),(0.,-1.,0.),(0.,1.,0.),(-1.,0.,0.),(0.,0.,-1.),(0.,1.,
0.),(-1.,0.,0.),(0.,1.,0.),(-1.,0.,0.),(0.,0.,1.),(0.,1.,0.),(-1.,0.,0.),
(0.,0.,-1.),(0.,1.,0.),(-1.,0.,0.),(0.,1.,0.),(-1.,0.,0.),(0.,0.,1.),(-0.996262664068529,
-0.0863753679186156,0.),(0.,0.,-1.),(-0.669389275944303,-0.742911836795431,
0.),(0.,0.,-1.),(-0.669389275944303,-0.742911836795431,0.),(0.,-1.,0.),
(0.,0.,-1.),(-1.,0.,0.),(0.,-1.,0.),(-0.996262664068529,-0.0863753679186156,
0.),(-0.669389275944303,-0.742911836795431,0.),(0.,0.,1.),(-0.669389275944303,
-0.742911836795431,0.),(0.,0.,1.),(0.,-1.,0.),(0.,0.,1.),(0.,-1.,0.),(-1.,
0.,0.),(-0.996262664068529,-0.0863753679186156,0.),(0.,0.,-1.),(-0.669389275944303,
-0.742911836795431,0.),(0.,0.,-1.),(-0.669389275944303,-0.742911836795431,
0.),(0.,-1.,0.),(0.,0.,-1.),(-1.,0.,0.),(0.,-1.,0.),(-0.996262664068529,
-0.0863753679186156,0.),(-0.669389275944303,-0.742911836795431,0.),(0.,
0.,1.),(-0.669389275944303,-0.742911836795431,0.),(0.,0.,1.),(0.,-1.,0.),
(0.,0.,1.),(0.,-1.,0.),(-1.,0.,0.),(0.,-1.,0.),(-1.,0.,0.),(0.,-1.,0.),
(-1.,0.,0.),(-1.,0.,0.),(0.,-0.0245475168800578,0.999698664305863),(-1.,
0.,0.),(0.,0.024524623006813,0.999699226200748),(-1.,0.,0.),(0.,0.,1.),
(-1.,0.,0.),(0.,-0.0245475226717116,0.999698664163652),(-1.,0.,0.),(0.,
0.0245244063067453,0.999699231516811),(-1.,0.,0.),(0.,0.999699368347349,
-0.0245188279881284),(-1.,0.,0.),(0.,0.0979594001578913,0.995190411891466),
(-1.,0.,0.),(0.,0.1950162080352,0.98080001967963),(-1.,0.,0.),(0.,0.290218698113947,
0.956960347801853),(-1.,0.,0.),(0.,0.382623878666201,0.923904198212363),
(-1.,0.,0.),(0.,0.471353518374683,0.881944363730392),(-1.,0.,0.),(0.,0.55553257416102,
0.831494773913841),(-1.,0.,0.),(0.,0.634351490899715,0.773044750317409),
(-1.,0.,0.),(0.,0.707075683476285,0.707137877529228),(-1.,0.,0.),(0.,0.77298883196725,
0.634419628994806),(-1.,0.,0.),(0.,0.831452561860629,0.555595749961602),
(-1.,0.,0.),(0.,0.881910749820393,0.471416407596543),(-1.,0.,0.),(0.,0.923870893198665,
0.382704288844926),(-1.,0.,0.),(0.,0.956932867065132,0.290309297010113),
(-1.,0.,0.),(0.,0.980782303193042,0.195105288865655),(-1.,0.,0.),(0.,0.995184754622778,
0.0980168565421173),(-1.,0.,0.),(0.,0.999698880445069,0.0245387130240009),
(-1.,0.,0.),(0.,-0.0980273181350931,0.995183724193215),(-1.,0.,0.),(0.,
-0.195097681390553,0.980783816503934),(-1.,0.,0.),(0.,-0.29029333810061,
0.956937708450453),(-1.,0.,0.),(0.,-0.382699909362736,0.923872707343254),
(-1.,0.,0.),(0.,-0.471418907245679,0.881909413653857),(-1.,0.,0.),(0.,-0.555592038661339,
0.831455041824954),(-1.,0.,0.),(0.,-0.634418471148295,0.772989782251913),
(-1.,0.,0.),(0.,-0.707133466327434,0.707080095038564),(-1.,0.,0.),(0.,-0.773035573632312,
0.634362673790759),(-1.,0.,0.),(0.,-0.831493955105222,0.555533799712918),
(-1.,0.,0.),(0.,-0.881943428012799,0.471355269181358),(-1.,0.,0.),(0.,-0.923898463564351,
0.382637725562221),(-1.,0.,0.),(0.,-0.956956428862152,0.290231620019929),
(-1.,0.,0.),(0.,-0.980797053355604,0.195031126051614),(-1.,0.,0.),(0.,-0.995189249006944,
0.097971213430242),(-1.,0.,0.),(0.,-0.999699202975942,0.0245255697031926),
(-1.,0.,0.),(0.,0.995191899114827,-0.0979442899623255),(-1.,0.,0.),(0.,
0.980802059361355,-0.195005949531076),(0.,-0.0245436216005281,0.99969875994658),
(0.706996892528675,-0.0175523743383284,0.706998803471325),(0.,-0.0980247959467175,
0.995183972629964),(0.707106289754424,-0.0693136372635024,0.70370186491087),
(-1.,0.,0.),(0.,-0.0980273238778895,0.995183723627536),(-1.,0.,0.),(0.,
0.0979591844351821,0.995190433125637),(0.,0.0245244063067453,0.999699231516811),
(0.70699538895166,0.0175402033342892,0.707000609100221),(0.,-0.0245435034068372,
0.999698762848348),(0.706996883127828,-0.0175522996312405,0.706998814726865),
(0.,-0.0980250473954565,0.995183947862433),(0.707106308401277,-0.0693137680193078,
0.703701833294531),(0.,0.024524623006813,0.999699226200748),(0.706995381382902,
0.0175403659064207,0.7070006126356),(0.,-0.195096055567169,0.980784139911583),
(0.707105963210994,-0.137954609238753,0.693519778075028),(-1.,0.,0.),(0.,
0.19501620791252,0.980800019704023),(0.00218068825098957,0.0697697217630041,
0.997560740267912),(0.706944620362282,0.0481323049319553,0.705629212095677),
(-1.,0.,0.),(0.,-0.195097155168926,0.980783921179882),(0.,-0.195096385337098,
0.980784074314199),(0.707106018027534,-0.137954836994971,0.69351967687942),
(0.00221539176949721,0.0693200555529855,0.99759201176505),(0.706939503584202,
0.0477999848360917,0.7056569277785),(-1.,0.,0.),(0.,0.290220121852731,0.956959916021452),
(0.00125723242841313,0.179029230521242,0.983842951890998),(0.703538286987643,
0.129297511675051,0.698796130654094),(0.00240551329596479,0.115740314396243,
0.993276594473685),(0.707038033167078,0.0830569034832461,0.702281119238589),
(0.00125723240103446,0.179029868555127,0.983842835788229),(0.703538126082705,
0.129297961337287,0.698796209450264),(0.00244384100654243,0.115246935552387,
0.993333867079402),(0.707041149261497,0.0827224153388453,0.702317460448969),
(0.00156262978185056,-0.309624597902325,0.950857595311721),(0.703978702154304,
-0.218414084923634,0.675802688970762),(0.00172315639950804,-0.264600946145461,
0.964356453823455),(0.704615736883581,-0.189240750953987,0.6838893196376),
(-1.,0.,0.),(0.,-0.290293536317536,0.956937648320025),(0.00120520974870815,
-0.305209580586715,0.952284442479002),(0.703457547745747,-0.214827164919658,
0.677493001980185),(0.00132873419936592,-0.259663377205769,0.965698278451154),
(0.704160651931792,-0.186447945188501,0.68512403257073),(-1.,0.,0.),(0.,
0.382625253490708,0.923903628844031),(0.00151824952260625,0.271338489552944,
0.962482788939893),(0.703918637290645,0.19430432374611,0.683186930384685),
(0.0013861235352351,0.22544941035749,0.974253889923466),(0.70423121840673,
0.158056608808608,0.692153523023104),(0.00138136087719075,0.273046881684167,
0.961999736093872),(0.703720393477006,0.195803333320192,0.682963148687592),
(0.0013861235352351,0.22544941035749,0.974253889923466),(0.704231169439067,
0.158056567989887,0.692153582166374),(-0.00138671603596243,-0.366052872502704,
0.930593021439101),(0.699236434120454,-0.254787898589571,0.667945758225039),
(-0.00152633727263069,-0.318198935760387,0.948022735790385),(0.700713651522357,
-0.233614669716346,0.674110202165437),(-1.,0.,0.),(0.,-0.382699724507263,
0.923872783916739),(-0.000803353758338416,-0.373065991758741,0.927804462381921),
(0.700256776136907,-0.260624068606225,0.664616838740552),(-0.000884588087223816,
-0.326079095654266,0.945342076119122),(0.701511829031377,-0.23788636139555,
0.671782131937905),(-1.,0.,0.),(0.,0.471349513575297,0.881946504076256),
(0.0011591407930233,0.368713502576573,0.929542365581224),(0.703392396323628,
0.264201652812532,0.659876218275239),(0.00167415523003142,0.316317952553252,
0.948651753857433),(0.704562617077551,0.222944283976082,0.673711633311482),
(0.000962481010093026,0.371080895950976,0.928600044308919),(0.703098879642896,
0.266323531827418,0.659335833881244),(0.0015230898546909,0.318172315389844,
0.948031675587245),(0.704389030116746,0.224094188756984,0.673511610008721),
(0.00176529529156761,-0.491478848705828,0.870887722388671),(0.704268465689139,
-0.347862806659053,0.618867834015593),(0.00194688750361877,-0.45026047964745,
0.892895128274702),(0.704872153510409,-0.320452527878122,0.632823375502296),
(-1.,0.,0.),(0.,-0.471418074625856,0.881909858724831),(0.00143314759061834,
-0.487719301037359,0.872999329600896),(0.703792415586715,-0.34491351316554,
0.621056281023244),(0.00158026887632213,-0.446008261667573,0.895027448335831),
(0.704452103140609,-0.318127516601585,0.634462069442832),(-1.,0.,0.),(0.,
0.555530986565666,0.831495834604945),(0.00183166746005662,0.450276608946246,
0.892887238362261),(0.704364076504908,0.320602868800305,0.633312757053261),
(0.00127790293853561,0.412469668531131,0.910970438327116),(0.704104953081104,
0.290861264004202,0.647793130674087),(0.00131149886131982,0.456298031680425,
0.88982604269335),(0.703616275584899,0.326022218858256,0.631374413120118),
(0.00106096944006701,0.415029646464983,0.909807269095493),(0.703851981409077,
0.292472663010782,0.647342358924471),(0.00141341134821706,-0.570729260224164,
0.821137085870769),(0.703763465077071,-0.403964767717285,0.58440521187429),
(0.00155848943046848,-0.531349923130319,0.847151007967352),(0.704427475033056,
-0.378656547333923,0.600334199908439),(-1.,0.,0.),(0.,-0.555592038872661,
0.831455041683746),(0.00107584195107834,-0.567128526693856,0.82362860366439),
(0.70326640963437,-0.401179168972887,0.586917056714325),(0.00118603348880884,
-0.527252382794645,0.849707901670882),(0.703996094111896,-0.376473277505928,
0.602210404094066),(-1.,0.,0.),(0.,0.634355817372499,0.773041200044129),
(0.00183641856677493,0.535583355223985,0.844480371100398),(0.704369579426196,
0.38109355915022,0.598858242619388),(0.0020201371356556,0.491425742981845,
0.870917136230936),(0.704956682203589,0.347600929025774,0.618231081681378),
(0.00216308018516076,0.531992609828089,0.846746233633437),(0.704824041622903,
0.377840399111083,0.600382963740589),(0.00144600802351811,0.497902451090513,
0.867231836511354),(0.704298078701941,0.351757391116944,0.616628700379211),
(0.00134156110099649,-0.647761545681292,0.761841965338217),(0.707044036174536,
-0.458699971050829,0.538222135802672),(0.00147919662922307,-0.611014473701219,
0.79161804230636),(0.706935339369974,-0.431512211678913,0.560392395667386),
(-1.,0.,0.),(0.,-0.634418471148295,0.772989782251913),(0.00102006542531598,
-0.644578445297476,0.764537498965497),(0.707069696134554,-0.456300504667002,
0.540224299942929),(0.00112450267173797,-0.607367426657787,0.794420256872167),
(0.706884400299516,-0.429101230396624,0.562304702706012),(-1.,0.,0.),(0.,
0.707075466714746,0.707138094271637),(0.00204332894472478,0.613655381127791,
0.789571338144774),(0.704659418547466,0.435998496517239,0.559786043848053),
(0.00202538524131583,0.574367859460831,0.818594808090674),(0.704962956113074,
0.406486789524805,0.581201961842983),(0.00204312435319379,0.613655273831062,
0.789571422065288),(0.704659068489109,0.435998717368994,0.559786312487768),
(0.00238610116826745,0.570528134863338,0.821274591017265),(0.705370893484218,
0.403973409355144,0.582458056137313),(0.00115576657059481,-0.717638544159749,
0.696414807524876),(0.707059581058955,-0.507980714264284,0.491957663593407),
(0.00127419897973768,-0.683734138623621,0.729730089894596),(0.706905808958198,
-0.483088331919635,0.516633178206996),(-1.,0.,0.),(0.,-0.707133466327434,
0.707080095038564),(0.00115576659069542,-0.717638544341358,0.696414807337699),
(0.707059581057425,-0.507980714401337,0.491957663454089),(0.00127419900191325,
-0.683734138833495,0.729730089697912),(0.706905808961458,-0.483088332057901,
0.516633178073246),(-1.,0.,0.),(0.,0.772989006831301,0.63441941593709),
(0.00128251138206558,0.695230090831129,0.718786112809294),(0.707049020784738,
0.491077010532729,0.508846786305644),(0.0022538540219797,0.649584175870029,
0.760286339875512),(0.705221025463691,0.459992225130162,0.539509460587804),
(0.000751900359652983,0.700161132742131,0.713984469609182),(0.707085694868338,
0.494756260087485,0.505218827060912),(0.00225362966783842,0.649582023432312,
0.760288179565422),(0.70522075396815,0.459990713752236,0.539511104088046),
(0.00213169851776044,-0.790272359792736,0.612752032398954),(0.704780670022602,
-0.560279444250281,0.435167957819839),(0.00235145187309097,-0.761100918530144,
0.64862921803343),(0.705330528527413,-0.539909969658923,0.459353970473905),
(-1.,0.,0.),(0.,-0.773035573414957,0.634362674055629),(0.00213169842493835,
-0.790271272228643,0.61275343503888),(0.704780527637229,-0.560278864722083,
0.43516893456349),(0.00235145186009496,-0.76110091842071,0.648629218161888),
(0.705330528512751,-0.53990996960495,0.459353970559857),(-1.,0.,0.),(0.,
0.831452428425464,0.55559594964812),(0.0022977075083016,0.753739493179233,
0.657169306162513),(0.706928202043902,0.532278076392522,0.465760202837096),
(0.00141403339577213,0.72848978311174,0.685055206834724),(0.706925773462553,
0.515789445085751,0.48395991481992),(0.00161879692075442,0.759504291111517,
0.650500277693809),(0.707016317872059,0.536496036873257,0.460760163948583),
(0.000828743821215596,0.733671819402552,0.67950347651666),(0.706835982178014,
0.519311730452087,0.480310546327374),(0.00153640644996245,-0.842387380494406,
0.538870244714805),(0.70394278130669,-0.597443683553295,0.384090621635665),
(0.00169421526515482,-0.816119609188507,0.577880535346739),(0.704584700011663,
-0.580047785921763,0.408784743546938),(-1.,0.,0.),(0.,-0.831493954901891,
0.555533800017253),(0.00183659900017777,-0.844479890197669,0.535584112867293),
(0.704369764254385,-0.598857767821814,0.381093963641117),(0.00202559184223715,
-0.818594740038472,0.574367955720925),(0.704962947100407,-0.581201800420137,
0.406487035960435),(-1.,0.,0.),(0.,0.881907081480014,0.471423270146269),
(0.0029401400554429,0.809651685524816,0.586903317168406),(0.705857643854645,
0.573103020011835,0.416314682740451),(0.0025348174312337,0.783177358722207,
0.621793212801087),(0.707048309148333,0.554623786351385,0.438719892578096),
(0.00294040466932882,0.809647622472609,0.586908920910929),(0.705857269088953,
0.573100676511512,0.416318544213843),(0.00178516263662711,0.789182539628002,
0.614156113981337),(0.706974080886107,0.558729166799964,0.433600469467299),
(0.00192683796121899,-0.893439615600189,0.449179185372227),(0.704496892994185,
-0.633661729394674,0.319619993839702),(0.0021252213983397,-0.871586475385457,
0.490237186838334),(0.705076292369447,-0.618523794108213,0.346836759961418),
(-1.,0.,0.),(0.,-0.881944368922092,0.471353508660549),(0.00221377884350116,
-0.895107374879949,0.445845137484708),(0.704893429374081,-0.634711456040275,
0.316649049890382),(0.00244209920249675,-0.87359307977014,0.486650970541729),
(0.705433386520095,-0.619404148838349,0.34453191083647),(-1.,0.,0.),(0.,
0.923870956973866,0.382704134887763),(0.00298427798327917,0.862989952532859,
0.505212268172748),(0.705913812613742,0.610861124447501,0.358516911455883),
(0.00324468654927536,0.835320350503746,0.549753930448429),(0.706322825936762,
0.5917044611505,0.38857933065888),(0.00191140122319434,0.86995842366858,
0.493121372111819),(0.704472939198933,0.617910500494304,0.349148236878401),
(0.00324497722595393,0.835322336478223,0.549750911143733),(0.706322145361294,
0.591706425359098,0.388577576760391),(0.00162864448715791,-0.931766606281133,
0.363054181819292),(0.704075496896247,-0.661145184018441,0.259161610427788),
(0.00179601310812338,-0.913716018385943,0.406349371947165),(0.704701532393855,
-0.648863574668984,0.287004898406873),(-1.,0.,0.),(0.,-0.923898431996339,
0.382637801784801),(0.00190737897660062,-0.933074892810261,0.359677086165577),
(0.70447001294281,-0.661887814758531,0.256176738870909),(0.00210372767873782,
-0.915331180994242,0.402696415963118),(0.705052233589867,-0.649498298393126,
0.284698627138196),(-1.,0.,0.),(0.,0.956935317999003,0.290301217989432),
(0.00163876482464229,0.915533397786433,0.40223862567819),(0.704087664887883,
0.650707110239293,0.284325195571473),(0.003293475305237,0.884889848566027,
0.465788695574728),(0.706375860034329,0.626720188333815,0.329021199766199),
(0.00304006522235736,0.908050869390631,0.418848870838114),(0.705985993640259,
0.642743978584697,0.297428907096956),(0.00210819790408766,0.891953912432724,
0.452121414663754),(0.705055556200258,0.632101392699352,0.321472381424414),
(0.00175298574275739,-0.96330052749178,0.268419486578461),(0.704252278764377,
-0.683564638545764,0.191750131121156),(0.00193326823861781,-0.949704549157552,
0.313141392638163),(0.704858168503971,-0.674052015617955,0.22097249271029),
(-1.,0.,0.),(0.,-0.956955203668543,0.29023565971757),(0.00149186835218799,
-0.962384879277783,0.271685697942138),(0.703878249029149,-0.683142445396944,
0.194606808310351),(0.00164504843434497,-0.948526922645602,0.316692233615086),
(0.704527993622323,-0.673670721362387,0.223177206232145),(-1.,0.,0.),(0.,
0.980782286516467,0.195105372697756),(0.00210527421988442,0.948650961762314,
0.316317752533582),(0.704742674494283,0.673234446512172,0.223814974423282),
(0.00180721399945847,0.933383703732823,0.358875459712083),(0.704712563322612,
0.661723378776793,0.255934313986026),(0.0041469847176873,0.939903448987053,
0.341415156517682),(0.707340922267061,0.663545311552916,0.243672811783602),
(0.00335515083859584,0.925982164728036,0.377552345468056),(0.706443639087247,
0.65570893425508,0.266426684720646),(0.00201114602067868,-0.985545655718512,
0.169398098531395),(0.704615123287314,-0.699200168176832,0.12098203526265),
(0.00221830366401699,-0.976626700683932,0.214931074161162),(0.7051820492731,
-0.692623963719184,0.151625598976286),(-1.,0.,0.),(0.,-0.980797061692518,
0.195031084125891),(0.001759496021564,-0.984987575314664,0.172616281530711),
(0.704261963408255,-0.699071761353851,0.123748775242315),(0.00194045459103308,
-0.975845688012157,0.218452346803738),(0.704866201662502,-0.692469926174954,
0.153782440795853),(-1.,0.,0.),(0.,0.995183893918441,0.0980255950521456),
(0.000655848734402829,0.979089375729385,0.203429506700184),(0.702628407714336,
0.697325091384128,0.141601686426875),(0.00232230124066888,0.96226730116661,
0.272096027208184),(0.705297314953097,0.681992162175845,0.193500357236539),
(0.000656168428844811,0.979089419288758,0.20342929602148),(0.70262840751436,
0.697325091864636,0.141601685052871),(0.00457938567287825,0.95387378670026,
0.300172997241534),(0.707753681193247,0.674626901470745,0.209674201010495),
(0.0017905653265042,-0.997194210081959,0.074836496810244),(0.706996202181422,
-0.705311372347483,0.0518867819232981),(0.00197474607915652,-0.992613383026154,
0.121304460821919),(0.706995957994149,-0.701868059030284,0.0868213285604262),
(-1.,0.,0.),(0.,-0.995189463039565,0.0979690392676319),(0.00155193281210447,
-0.996958121584486,0.077923650525886),(0.707022713133262,-0.705112050248256,
0.0541837587140407),(0.00171133197318612,-0.992194364067572,0.124689274821147),
(0.70696551737385,-0.701612778462011,0.0891025608113586),(-1.,0.,0.),(0.,
0.999698772181483,0.0245431232493665),(0.,0.995184098989494,0.0980235130897276),
(0.707105439016685,0.703702793265617,0.0693128910318257),(0.000722725124710409,
0.987755610989064,0.156007469782751),(0.703451772337018,0.701547383441644,
0.113959961311383),(0.,0.995184959722061,0.098014774105663),(0.707105442673237,
0.703703334367439,0.0693073599413007),(0.000723077404992078,0.987756259413021,
0.156003362622295),(0.703451399517587,0.701548295577505,0.113956647410521),
(0.,-0.999699202975942,0.0245255697031926),(0.706995200468386,-0.707000779167405,
0.0175409455660072),(-1.,0.,0.),(0.,-0.999699202975942,0.0245255697031926),
(0.,-0.999699202975942,0.0245255697031926),(0.706994919444814,-0.707001060017708,
0.0175409524558469),(-1.,0.,0.),(0.,-1.,0.),(-1.,0.,0.),(0.,-1.,0.),(-1.,
0.,0.),(0.,1.,0.),(0.,0.999698759533819,0.0245436384128915),(0.706996159880494,
0.70699953110417,0.0175525762416199),(0.,0.999698867801943,0.0245392280953009),
(0.70699676152729,0.706999009008064,0.0175493718275136),(-1.,0.,0.),(0.,
-0.999698795053231,-0.0245421916119426),(0.,-0.999698795053231,-0.0245421916119426),
(0.706996497768881,-0.706999220497812,-0.0175514773743751),(-1.,0.,0.),
(0.,-0.999698740913412,-0.0245443968379511),(-1.,0.,0.),(0.,0.999699368347349,
-0.0245188279881284),(0.,0.999699368347349,-0.0245188279881284),(0.70699437078299,
0.707001714065741,-0.0175367040594417),(0.,-0.999698740913412,-0.0245443968379511),
(0.706996392145918,-0.706999291344693,-0.0175528781331483),(-1.,0.,0.),
(0.,-0.995184606051615,-0.0980183650031603),(0.,-0.99518446281488,-0.0980198192808303),
(0.707105433238943,-0.703703016439814,-0.0693106841509559),(-1.,0.,0.),
(0.,0.995191043172229,-0.0979529866301724),(-1.,0.,0.),(0.,-0.995184603981321,
-0.0980183860229352),(0.,-0.99518466439824,-0.0980177726055896),(0.707105433239075,
-0.703703169822388,-0.0693091268571672),(0.,0.999699368347349,-0.0245188279881284),
(0.706994932831129,0.707001152364721,-0.0175366902824911),(-1.,0.,0.),(0.,
0.980801190945263,-0.195010317266415),(0.00160522751882809,0.997012948142062,
-0.0772179025983459),(0.70701646905709,0.705158502338567,-0.0536581686388329),
(0.00194668621583483,0.997345578702158,-0.0727874100104871),(0.70697616524485,
0.705441638816519,-0.05036661592315),(-1.,0.,0.),(0.,-0.980784774352955,
-0.195092866085397),(-1.,0.,0.),(0.,-0.980784803095728,-0.195092721587625),
(-1.,0.,0.),(0.,0.95696354076569,-0.290208169501111),(0.00197447357291013,
0.985467720396402,-0.169851327668726),(0.704565075864665,0.699182930198952,
-0.121372500963877),(0.00177013475470171,0.992290648538711,-0.123919875103129),
(0.706972693793475,0.701671202400412,-0.0885840502142343),(-1.,0.,0.),(0.,
0.956961090592672,-0.290216248841581),(0.00161535706050683,0.984665561070663,
-0.174445187560341),(0.704057675208095,0.698996241635548,-0.125327746967501),
(0.00214709183746011,0.992885637414236,-0.11905251367849),(0.70701413064574,
0.702036418877118,-0.0852988020867831),(-1.,0.,0.),(0.,-0.956939282994083,
-0.290288147644317),(0.,-0.980784877798111,-0.195092346037828),(0.707105371968212,
-0.693521038180171,-0.137951304941975),(-1.,0.,0.),(0.,-0.956939234276592,
-0.290288308242152),(0.,-0.980784915203557,-0.195092157989842),(0.707105351919254,
-0.693521018170474,-0.137951508302505),(-1.,0.,0.),(0.,0.923908608431696,
-0.382613229339761),(0.00190919095017096,0.963847486182334,-0.266447702879781),
(0.704473799401013,0.68381579424544,-0.190033222090189),(0.00217778838907522,
0.976516368318003,-0.215432215893422),(0.705136896100799,0.692602765073431,
-0.151932115005251),(-1.,0.,0.),(0.,0.923908544690083,-0.382613383258666),
(0.00228373949672085,0.965130808378491,-0.261758108284332),(0.704989757380282,
0.684401618610309,-0.185967380022628),(0.00178132687867435,0.975395239542074,
-0.220456239542481),(0.70468517932446,0.692380983627741,-0.15500764997617),
(-1.,0.,0.),(0.,-0.923879206255761,-0.382684220014641),(0.,-0.956939451784793,
-0.290287591222587),(0.70710535047885,-0.67665970985129,-0.20526485424483),
(-1.,0.,0.),(0.,-0.923880002058332,-0.382682298776264),(0.,-0.956938811626519,
-0.29028970151009),(0.707105099894983,-0.676659562688763,-0.205266202586685),
(-1.,0.,0.),(0.,0.88195213157431,-0.471338983759594),(0.00168769385941398,
0.932051335690465,-0.362322314144544),(0.704160818342851,0.661307331257918,
-0.258515290718474),(0.00210570686614163,0.950409235736191,-0.310994936656439),
(0.705055541361864,0.674281948386658,-0.219637286622334),(-1.,0.,0.),(0.,
0.881955799048421,-0.471332121253001),(0.00208376635434799,0.933900658112887,
-0.357526528657799),(0.704716706537321,0.66235482832096,-0.254284181433102),
(0.00251933858644805,0.952059820935125,-0.305901536926612),(0.705521100187623,
0.674819790963442,-0.216467611697693),(-1.,0.,0.),(0.,-0.881921427426085,
-0.471396431728897),(0.,-0.881920578167085,-0.471398020578592),(0.707105442035799,
-0.62361315697569,-0.333329453079339),(0.,-0.923878664658527,-0.382685527540272),
(0.707105301594305,-0.653282271212015,-0.270600012153174),(-1.,0.,0.),(0.,
-0.881921427426085,-0.471396431728897),(0.,-0.881919728909079,-0.471399609419502),
(0.70710544203381,-0.623612511107116,-0.333330661411228),(0.,-0.923879460469267,
-0.382683606289865),(0.707105333463531,-0.653282791979346,-0.270598671635872),
(-1.,0.,0.),(0.,-0.831468615968605,-0.55557172413575),(-1.,0.,0.),(0.,0.831504094623924,
-0.555518623111453),(0.00174869038499427,0.892403911500676,-0.451234086500821),
(0.704246738553058,0.63300816908334,-0.32146102269348),(0.00186117881675753,
0.91406624693234,-0.405560639402345),(0.70477681434388,0.649002110899996,
-0.286506373420629),(-1.,0.,0.),(0.,0.831504228787759,-0.555518422294051),
(0.00133855159570125,0.889991270142519,-0.455975599511345),(0.703656993641088,
0.631479602358793,-0.325730482308251),(0.00229848307932618,0.916353270694655,
-0.400364084631405),(0.705273760376388,0.649902348762287,-0.283224045585489),
(-1.,0.,0.),(0.,-0.831468664245946,-0.555571651883932),(-1.,0.,0.),(0.,
-0.773010459320763,-0.634393276903716),(-1.,0.,0.),(0.,0.773044517419385,
-0.634351774717961),(0.00197936674391058,0.845480113935295,-0.534003238798468),
(0.704570745782247,0.599531468401113,-0.379660483306668),(0.00192852343070713,
0.870337871172289,-0.492451287743941),(0.704852910196358,0.617979139193803,
-0.34825875223605),(-1.,0.,0.),(0.,0.773042267229991,-0.634354516872004),
(0.00155104707312736,0.842499723586097,-0.538694542398869),(0.70396501058449,
0.597519186374194,-0.383932397418478),(0.0014758540572049,0.867437613922527,
-0.497543774764789),(0.704334572216082,0.61671930641732,-0.35152540089349),
(-1.,0.,0.),(0.,-0.773010404186657,-0.634393344084854),(0.,-0.831468594064343,
-0.555571756917719),(0.707105388700014,-0.587938312228596,-0.392849220802578),
(0.,-0.831468475615568,-0.555571934188031),(0.707105458553892,-0.587938296927803,
-0.392849117968878),(-1.,0.,0.),(0.,-0.707106781186548,-0.707106781186547),
(-1.,0.,0.),(0.,0.70713997489926,-0.707073585915548),(0.00144959144394603,
0.78481848187151,-0.619724010505921),(0.703817083347803,0.556427410407848,
-0.441622067082939),(0.00218321370776837,0.819777014776309,-0.572678687941458),
(0.705142468675175,0.581756271187666,-0.405380981059179),(-1.,0.,0.),(0.,
0.707142072851443,-0.707071487760158),(0.00101405271438283,0.78130429241294,
-0.624149480777008),(0.703174752822723,0.553927803663681,-0.445768163198127),
(0.00171036330344216,0.816247304774318,-0.577700105682898),(0.704603252903515,
0.580108239552526,-0.408666962698301),(-1.,0.,0.),(0.,-0.707107829987266,
-0.707105732384274),(0.,-0.773011474455838,-0.63439203995606),(0.707105494710351,
-0.546602654240549,-0.448583724323136),(0.,-0.773012599862591,-0.634390668636983),
(0.707105648070087,-0.546603247942284,-0.448582759149668),(-1.,0.,0.),(0.,
-0.634390668636998,-0.773012599862578),(-1.,0.,0.),(0.,0.634429722069368,
-0.772980548109059),(0.00224987260599784,0.727464537927534,-0.686141591897136),
(0.706934973733441,0.515375050818872,-0.484387757799414),(0.00159839508282071,
0.754732775303753,-0.656030397935533),(0.70447318467428,0.536789694859241,
-0.464299855231294),(-1.,0.,0.),(0.,0.634427947195857,-0.772982004846715),
(0.00224964154067547,0.72746689142473,-0.686139097409395),(0.706935346803425,
0.515376396636267,-0.484385781407897),(0.00111785878139643,0.750631804205873,
-0.660719793033613),(0.703916201206454,0.534797824498138,-0.467432635350949),
(-1.,0.,0.),(0.,-0.634391815191268,-0.773011658914876),(0.,-0.634391815191268,
-0.773011658914876),(0.707105443197702,-0.448583739548504,-0.546602708384126),
(0.,-0.707107829987266,-0.707105732384274),(0.707105382035319,-0.500001640439958,
-0.500000338253921),(0.,-0.634390668636998,-0.773012599862578),(0.707105621446249,
-0.448582789558445,-0.546603257428163),(0.,-0.707106781186548,-0.707106781186547),
(0.707105510259867,-0.500000886004635,-0.500000911353882),(-1.,0.,0.),(0.,
-0.55556872209889,-0.831470621865486),(-1.,0.,0.),(0.,0.555599961035512,
-0.831449747908637),(0.0017946198650349,0.652233714586881,-0.758015805175419),
(0.706996134536675,0.462062093782572,-0.535401799809699),(0.00248196620091579,
0.695083812830975,-0.718924427867165),(0.707043154522416,0.490647194255828,
-0.509269386878767),(-1.,0.,0.),(0.,0.555597474004073,-0.831451409813161),
(0.00134140664350193,0.64776131536078,-0.761842161441783),(0.707043147027224,
0.458700515874447,-0.53822283951757),(0.00248170939817038,0.695085835570136,
-0.718922473086096),(0.707042965594699,0.490648424285654,-0.50926846412188),
(-1.,0.,0.),(0.,-0.555568629594681,-0.831470683674589),(0.,-0.555568629594681,
-0.831470683674589),(0.707105608600367,-0.39284703116255,-0.587939510828006),
(0.,-0.555570517803522,-0.831469422015943),(0.70710550486593,-0.392848219728893,
-0.587938841414766),(-1.,0.,0.),(0.,-0.471399855273742,-0.881919597496201),
(-1.,0.,0.),(0.,0.471424789565947,-0.881906269272819),(0.00151795071800681,
0.571846161976638,-0.820359471730659),(0.703914812715129,0.404825922822286,
-0.58362651469181),(0.00197924907030879,0.616144228969054,-0.787630860036126),
(0.706996115895374,0.434927352128361,-0.557668979305348),(-1.,0.,0.),(0.,
0.471426791899867,-0.881905198918227),(0.00200772071146245,0.57705128188665,
-0.816705446982276),(0.704608122855436,0.408823244609132,-0.57999219639009),
(0.00147902200128568,0.611014522534443,-0.791618004940467),(0.706934724036109,
0.431512678336903,-0.5603928125757),(-1.,0.,0.),(0.,-0.471399953423356,
-0.881919545033705),(0.,-0.471399953423356,-0.881919545033705),(0.707105528986183,
-0.333330566807587,-0.623612463080159),(0.,-0.47140020898794,-0.88191940843033),
(0.707105480173689,-0.333331052828012,-0.623612258642264),(-1.,0.,0.),(0.,
-0.382685988020897,-0.923878473919843),(-1.,0.,0.),(0.,0.382710291752255,
-0.923868406531419),(0.00170549950992266,0.490805647297215,-0.871267414662447),
(0.704184162534503,0.347335872023392,-0.61925960407678),(0.00167385454937675,
0.532617128516063,-0.846354649436187),(0.70456010151151,0.379333657758268,
-0.599750814463661),(-1.,0.,0.),(0.,0.382708916921345,-0.923868976050658),
(0.00170549951854305,0.490805647394825,-0.871267414607443),(0.704184162546646,
0.347335872099793,-0.619259604020119),(0.00221454804292279,0.538542050049934,
-0.842595725187933),(0.705176399050949,0.382511555529048,-0.597001805783102),
(-1.,0.,0.),(0.,-0.38268595434364,-0.923878487869533),(0.,-0.382686608096607,
-0.923878217073827),(0.707105460400503,-0.270600808274287,-0.65328176955514),
(0.,-0.382685636123915,-0.923878619681403),(0.707105461979837,-0.270599929594289,
-0.653282131809715),(-1.,0.,0.),(0.,-0.290284157629934,-0.956940493358425),
(-1.,0.,0.),(0.,0.29030479197851,-0.956934233766518),(0.0020751116404941,
0.407429053902425,-0.913234504356824),(0.704701156009412,0.288448137893426,
-0.648223690144701),(0.00188087178817666,0.449502750400219,-0.89327696696151),
(0.704797717603969,0.320038099001616,-0.633115939183076),(-1.,0.,0.),(0.,
0.290304395026356,-0.95693435418966),(0.00207523700850447,0.407428976643149,
-0.913234538540278),(0.704701385642799,0.288448036808004,-0.648223485485312),
(0.00188087179769277,0.449502750510571,-0.89327696690596),(0.704797858735172,
0.320038132408066,-0.633115765186015),(-1.,0.,0.),(0.,-0.290284192531541,
-0.956940482771164),(0.,-0.290284400789573,-0.956940419596871),(0.707105538240629,
-0.205262568560597,-0.676660207000039),(0.,-0.290284574156519,-0.956940367006618),
(0.707105503070268,-0.205262780495502,-0.676660179463073),(-1.,0.,0.),(0.,
-0.195092856311478,-0.980784776297139),(0.,-0.195092355766471,-0.980784875862942),
(0.707105559947819,-0.137951260026246,-0.693520855452849),(-1.,0.,0.),(0.,
-0.195092856311478,-0.980784776297139),(-1.,0.,0.),(0.,0.195102131581349,
-0.980782931260742),(0.00168682452443456,0.311158248228457,-0.950356616845709),
(0.704156024153777,0.219656343178319,-0.6752150654047),(0.00228897995418991,
0.364704294965249,-0.931120581774815),(0.7052596134945,0.259191612957582,
-0.659870127635761),(0.,-0.195091855225692,-0.980784975427638),(0.707105578076625,
-0.137950894410718,-0.693520909695018),(-1.,0.,0.),(0.,0.195103183856004,
-0.980782721936541),(0.00279529431067022,0.324814341601271,-0.94577366733265),
(0.705668593376105,0.230605916817283,-0.669964735976043),(0.00228912016758422,
0.364702987169954,-0.931121093670512),(0.705259701385889,0.259190484620449,
-0.659870476899295),(-1.,0.,0.),(0.,-0.0980227345161515,-0.995184175677033),
(0.,-0.0980227345161515,-0.995184175677033),(0.707105264107874,-0.0693124549718479,
-0.703703011970753),(-1.,0.,0.),(0.,-0.0980227345161515,-0.995184175677033),
(-1.,0.,0.),(0.,0.0980254992695241,-0.99518390335302),(0.000197571134442542,
0.19760759302266,-0.980281184224933),(0.701910155998437,0.136729023662685,
-0.699018817339346),(0.00186027437329527,0.266325030955521,-0.963881485072619),
(0.704773016570372,0.190219461550421,-0.683455595896153),(0.,-0.0980227345161515,
-0.995184175677033),(0.707105285587259,-0.0693124338535396,-0.703702992467603),
(-1.,0.,0.),(0.,0.0980257110509892,-0.995183882492548),(0.000656168500953405,
0.203429296936825,-0.979089419098525),(0.702628185088252,0.141601767541191,
-0.697325299231858),(0.00308462357506742,0.281602420761092,-0.959526217317116),
(0.706146316428482,0.198936672829518,-0.679545127271182),(-1.,0.,0.),(0.,
-0.0245443968379456,-0.999698740913412),(0.,-0.0245443968379456,-0.999698740913412),
(0.706996153069384,-0.0175531249229479,-0.706999524293002),(-1.,0.,0.),
(0.,-0.0245443968379456,-0.999698740913412),(-1.,0.,0.),(0.,0.0245472386654315,
-0.999698671137406),(0.,0.0980240255497889,-0.995184048513145),(0.707105723397507,
0.0693135738208597,-0.703702440256298),(0.000217686510949816,0.149526631434571,
-0.988757674612143),(0.702850723127722,0.110265738913053,-0.702739160585773),
(0.,-0.0245443968379456,-0.999698740913412),(0.706996153069384,-0.0175531249229479,
-0.706999524293002),(-1.,0.,0.),(0.,0.0245474592402718,-0.999698665721247),
(0.,0.0980234285874391,-0.995184107312794),(0.707105649588763,0.0693132778992685,
-0.703702543569733),(0.000723174546379585,0.156004607158604,-0.987756062782641),
(0.703451549580939,0.113957828640081,-0.701547953231862),(0.,0.0245462381175815,
-0.999698695704998),(0.706996538596549,0.0175540419591218,-0.70699911599902),
(0.,0.,-1.),(-1.,0.,0.),(-1.,0.,0.),(-1.,0.,0.),(0.,0.0245465336310261,
-0.999698688449025),(0.70699656210085,0.0175542287457755,-0.706999087857064),
(-1.,0.,0.),(0.,0.0245224159751526,0.999699280341214),(-1.,0.,0.),(0.,-0.0245432244803024,
0.999698769696198),(-1.,0.,0.),(0.,-0.0980228162147473,0.995184167629932),
(-1.,0.,0.),(0.,0.0979615514295959,0.995190200133375),(-1.,0.,0.),(0.,0.19501839149015,
0.980799585532431),(-1.,0.,0.),(0.,0.290218639142945,0.956960365686067),
(-1.,0.,0.),(0.,0.382625800257272,0.923903402406052),(-1.,0.,0.),(0.,0.471348507238293,
0.881947041904574),(-1.,0.,0.),(0.,0.555527849014942,0.831497930826548),
(-1.,0.,0.),(0.,0.634354021052726,0.773042674096478),(-1.,0.,0.),(0.,0.707075899808074,
0.707137661216401),(-1.,0.,0.),(0.,0.772986115865686,0.634422938329691),
(-1.,0.,0.),(0.,0.831452461446916,0.555595900231333),(-1.,0.,0.),(0.,0.881911284673899,
0.471415407008333),(-1.,0.,0.),(0.,0.923870892989205,0.382704289350574),
(-1.,0.,0.),(0.,0.956933178666358,0.290308269891678),(-1.,0.,0.),(0.,0.980782449359759,
0.195104554093108),(-1.,0.,0.),(0.,0.995184723080432,0.0980171767973487),
(-1.,0.,0.),(0.,0.999698880390791,0.0245387152352779),(-1.,0.,0.),(0.,-0.0245432302709649,
0.999698769554035),(-1.,0.,0.),(0.,0.,1.),(-1.,0.,0.),(0.,-0.0980228104730323,
0.995184168195477),(-1.,0.,0.),(0.,-0.195099782527958,0.980783398542989),
(-1.,0.,0.),(0.,-0.290299366368782,0.95693587971498),(-1.,0.,0.),(0.,-0.38270190709843,
0.923871879809763),(-1.,0.,0.),(0.,-0.47141714619153,0.88191035501157),
(-1.,0.,0.),(0.,-0.555593513269681,0.83145405646533),(-1.,0.,0.),(0.,-0.634417312055917,
0.772990733556194),(-1.,0.,0.),(0.,-0.707131152443814,0.707082409089268),
(-1.,0.,0.),(0.,-0.773035573471038,0.634362673987288),(-1.,0.,0.),(0.,-0.831493955227049,
0.555533799530575),(-1.,0.,0.),(0.,-0.881943872886621,0.471354436785891),
(-1.,0.,0.),(0.,-0.923898824844329,0.38263685323197),(-1.,0.,0.),(0.,-0.956956584539036,
0.290231106719072),(-1.,0.,0.),(0.,-0.980797031622471,0.195031235345891),
(-1.,0.,0.),(0.,-0.99518918553471,0.0979718581775385),(-1.,0.,0.),(0.,-0.999699202975942,
0.0245255697031926),(0.,-0.0245416168797499,0.999698809162503),(0.70699645205576,
-0.0175511141017165,0.706999275229018),(0.,-0.0980203122929071,0.995184414255971),
(0.707105549898249,-0.0693107629621595,0.703702891453985),(0.,0.0245221992945182,
0.999699285656322),(-1.,0.,0.),(0.,0.0245221992945182,0.999699285656322),
(0.706996633348772,0.0175370594251993,0.706999442701491),(-1.,0.,0.),(0.,
0.0979613357263376,0.995190221366102),(0.,-0.0245414986956781,0.999698812063799),
(0.706996442655611,-0.0175510394007812,0.706999286483561),(0.,-0.0980205637397427,
0.995184389489777),(0.707105568545049,-0.0693108937180085,0.703702859838294),
(0.,0.0245224159751526,0.999699280341214),(0.706994924806767,0.0175389778078518,
0.707001103644775),(0.,-0.19509593394379,0.980784164104723),(0.707105561389999,
-0.137954073863001,0.693520294263936),(-1.,0.,0.),(0.,0.195018389518517,
0.980799585924455),(0.00178221657098671,0.0749346677619766,0.997186852736986),
(0.704295041473899,0.0543730751289237,0.707822056209259),(-1.,0.,0.),(0.,
-0.19509925629812,0.980783503221742),(0.,-0.195096263703365,0.980784098509446),
(0.707105616206452,-0.13795430161118,0.6935201930703),(0.00182120351013181,
0.0744299871139397,0.997224578636123),(0.706992135937099,0.0515849995536108,
0.705337584100091),(-1.,0.,0.),(0.,0.290220059305274,0.956959934990407),
(0.00173700984602219,0.268626817932879,0.963242760410921),(0.707002313273925,
0.188998173548417,0.681489119077246),(0.00196551694241705,0.121413235166769,
0.992600102291697),(0.704896077233002,0.0849631919471032,0.704203646905982),
(0.,0.169767020962648,0.985484225441213),(0.704439490046542,0.122364021002832,
0.699136647034745),(1.49984486889968E-6,0.217919404175782,0.975966768533347),
(0.70502300729156,0.15270426775604,0.69254889054756),(0.00188472438217639,
0.171007622994417,0.985267903004966),(0.70443933772224,0.122364464230218,
0.699136722939872),(0.00200855764932203,0.120859580356178,0.992667581586252),
(0.7069995539879,0.0865206948564172,0.701901560065564),(0.00156247418444931,
-0.309620742017581,0.950858851137699),(0.703977813589004,-0.218411838274247,
0.675804340675694),(0.0017229851472935,-0.264602912987937,0.964355914463369),
(0.704615520228733,-0.189242540305339,0.68388904772015),(-1.,0.,0.),(0.,
-0.290299564591528,0.956935819581422),(0.0012050537334002,-0.305205719177094,
0.952285680259392),(0.703456649118793,-0.214824911158921,0.677494649688189),
(0.00132856248135611,-0.259665346458134,0.965697749179582),(0.704160438053718,
-0.186449735480298,0.685123765183579),(-1.,0.,0.),(0.,0.382627175094524,
0.923902833029091),(0.00160109319244772,0.270308106246092,0.962772540218218),
(0.704036982688842,0.193401244086199,0.683321217138983),(0.00207870228182068,
0.216689423045239,0.976238379156006),(0.705024666487465,0.152702181466823,
0.692547661478625),(0.00201232838600456,-0.406678031493241,0.913569334662263),
(0.704613895558567,-0.287853844192533,0.648582625861472),(0.00221965126517403,
-0.363865341486644,0.931448917769015),(0.705181393096795,-0.258721776566792,
0.660138050077547),(-1.,0.,0.),(0.,-0.382701722262771,0.923871956375508),
(0.00273305736031934,-0.41521891962773,0.909717417212975),(0.705587152854238,
-0.29458822275885,0.644487818921997),(0.0030158319091572,-0.37346837074798,
0.927638011731271),(0.706070494875347,-0.264118399002388,0.657043322449059),
(-1.,0.,0.),(0.,0.471344502475237,0.881949182201768),(0.00183421940590073,
0.36055766926,0.932735119300741),(0.704367561914398,0.256954264472313,0.661695431216099),
(0.0019140476427226,0.313370042731486,0.949629165906402),(0.706988974266427,
0.222586100989982,0.671283857925828),(0.00164460288858763,0.362850495694982,
0.931845917013776),(0.704098808484205,0.258982618499068,0.661190495399389),
(0.00176559347790799,0.315194338715258,0.949025506254454),(0.704667368921349,
0.222246799889425,0.67383251562712),(0.00176543835959442,-0.491477115353528,
0.870888700300545),(0.704268061710066,-0.347861951292916,0.61886877453773),
(0.0019470450873186,-0.450258781751724,0.892895984127425),(0.704872176945736,
-0.320451430205227,0.63282390524316),(-1.,0.,0.),(0.,-0.471416313576276,
0.881910800077964),(0.00143329132628115,-0.48771756310414,0.873000300295328),
(0.703792007026921,-0.344912654468644,0.621057220900306),(0.00158042720585476,
-0.446006560155233,0.895028295948426),(0.704452124371974,-0.318126417492951,
0.634462596975514),(-1.,0.,0.),(0.,0.555526261459438,0.831498991477979),
(0.00206958317145668,0.447515053359592,0.894274003782989),(0.706960362320494,
0.315461745198359,0.633001527189376),(0.00202294430344872,0.403651291993097,
0.914910674420541),(0.704959434897923,0.285303230996062,0.649333705833609),
(0.00155409577923235,0.453494045920676,0.891257950932728),(0.703968483598431,
0.323490863928488,0.632283192133814),(0.00181362108541523,0.406132734662019,
0.91381229616071),(0.70472191074645,0.286867820946634,0.648902058726278),
(0.00193250786971085,-0.576250037036512,0.817271166889394),(0.70450342654365,
-0.408209525784772,0.580551380195437),(0.00213150521009698,-0.537630218464278,
0.843178038660633),(0.705082049167945,-0.382020780354866,0.597427340618247),
(-1.,0.,0.),(0.,-0.555593513481005,0.83145405632412),(0.00159104514751591,
-0.572621982080983,0.819817988466333),(0.704020111060896,-0.405423321773306,
0.583084567952284),(0.00175453716128565,-0.533501746891363,0.845797143328833),
(0.704652657131071,-0.379806739127236,0.599342534542358),(-1.,0.,0.),(0.,
0.63435834751685,0.773039123806609),(0.00183641876298931,0.535580153673292,
0.844482401567623),(0.704369649841495,0.38109148895258,0.598859477198178),
(0.00228284016760318,0.488445896109677,0.872591195929906),(0.707026576179155,
0.346442326758138,0.616515315954753),(0.00216308037765645,0.531989399686414,
0.846748250488047),(0.704824105264861,0.377838326446034,0.600384193417889),
(0.00171372883544697,0.494879210479171,0.868960085486664),(0.704607069323204,
0.349817357548809,0.617378890323709),(0.00174396890331176,-0.651728271914373,
0.758450537714866),(0.70700262755027,-0.461682450620566,0.535720635617112),
(0.00192333909377028,-0.615566020695618,0.788082974649048),(0.706990146890566,
-0.434540651097236,0.557977915999949),(-1.,0.,0.),(0.,-0.634417312055917,
0.772990733556194),(0.00142108808416868,-0.648543756319897,0.761176048392969),
(0.70703688828844,-0.459288708636104,0.537729226208489),(0.00156695602724211,
-0.611917544097061,0.79092001104728),(0.706947187490794,-0.43211132599722,
0.559915597249961),(-1.,0.,0.),(0.,0.707075683046614,0.707137877958863),
(0.00152296865691953,0.618980066695244,0.785405218724972),(0.707026466625144,
0.437019372402984,0.555992485233448),(0.00202538526377399,0.574367859222366,
0.818594808257937),(0.70496166549879,0.406488347860347,0.581202437392461),
(0.0015227606640778,0.618979958045816,0.785405304755169),(0.703922713588164,
0.440928106748199,0.55684397992088),(0.00238610119054792,0.570528134625914,
0.821274591182136),(0.705370400784471,0.403973852679303,0.582458345333463),
(0.00179866144698692,-0.723423014060239,0.690402714033628),(0.706995767980172,
-0.512339391219962,0.487509315052015),(0.00198371344276354,-0.690413457004665,
0.723412277520809),(0.706995968002794,-0.487517136545695,0.51233167265169),
(-1.,0.,0.),(0.,-0.707131152443814,0.707082409089268),(0.00179866146707842,
-0.723423014240388,0.69040271384481),(0.706995767977733,-0.512339391355452,
0.487509314913162),(0.00198371346494492,-0.690413457212832,0.723412277322077),
(0.706995968005169,-0.487517136684586,0.512331672516249),(-1.,0.,0.),(0.,
0.77298629073182,0.634422725271297),(0.00206158558521184,0.68792080811891,
0.725782826761492),(0.704684203374848,0.488607527035401,0.514473379329102),
(0.00167938101784141,0.655235625394536,0.755422699482368),(0.706961641695085,
0.464103534971727,0.533678879101035),(0.00153109736839411,0.692905183426732,
0.721027088618185),(0.707025636145696,0.489354568092581,0.510535852335268),
(0.0016791526719061,0.655233488448164,0.755424553520968),(0.704566173782407,
0.463767259243757,0.537127951251053),(0.00188121245073407,-0.788273867366857,
0.615321680965505),(0.704432463133503,-0.558871933666387,0.437535217603863),
(0.0020748506875266,-0.758769709042948,0.651355681355052),(0.705017763010167,
-0.538763847695145,0.46117618136333),(-1.,0.,0.),(0.,-0.773035573253682,
0.634362674252158),(0.00188121235653402,-0.788272775240555,0.61532308006008),
(0.704432318451963,-0.558871352132047,0.437536193344608),(0.00207485067449139,
-0.758769708932731,0.651355681483486),(0.705017762995288,-0.538763847641039,
0.461176181449285),(-1.,0.,0.),(0.,0.831452328019971,0.55559609990547),
(0.00174394569200047,0.75844842586936,0.651730729634344),(0.704238265679609,
0.539283883013177,0.461758983317928),(0.00227402234277959,0.720799722091564,
0.693139660858552),(0.705244228830323,0.510535609457524,0.491918661139581),
(0.00106866437385846,0.764129505187233,0.645061979393275),(0.707065781046172,
0.53992078379602,0.456665663805215),(0.00168835679937025,0.726048269696176,
0.687641665057104),(0.706961437661332,0.514128141498126,0.485672502597693),
(0.0017373615165255,-0.843790755294383,0.536669491265057),(0.70422975186246,
-0.598392538502931,0.38208222473148),(0.00191603297637632,-0.817777999929465,
0.575530600097855),(0.704838132901449,-0.580820464819662,0.407247828790615),
(-1.,0.,0.),(0.,-0.831493955023718,0.555533799834909),(0.00203610871603589,
-0.845865279071501,0.533392710788766),(0.704648167109682,-0.59979104378446,
0.37910640245835),(0.00224588535482864,-0.820231831185291,0.572026834256399),
(0.705212185268627,-0.581968430525325,0.404954959990045),(-1.,0.,0.),(0.,
0.881907616345642,0.47142226955411),(0.00176042410427078,0.818556417997493,
0.5744234426467),(0.704261641950915,0.581826656178786,0.406808655065762),
(0.00192330893287948,0.788083621049938,0.615565193229415),(0.704845744570072,
0.558277883413244,0.437628016988274),(0.00176069448095077,0.818552443822657,
0.574429104996344),(0.704261290586229,0.581824369765418,0.406812533397011),
(0.00117811050644052,0.793991417074752,0.607927826034689),(0.706892330087864,
0.56201208883009,0.42947135605508),(0.00177414268894637,-0.892546917907791,
0.450951052500184),(0.704282045819867,-0.633098520150232,0.321205640858576),
(0.00195663504715175,-0.87051303463686,0.49214147163861),(0.704884641769644,
-0.61805493415126,0.348059966339943),(-1.,0.,0.),(0.,-0.881944813791336,
0.471352676269651),(0.00206278391367391,-0.894230799740975,0.447601409422648),
(0.70468566207806,-0.634160348172384,0.318211832695592),(0.00227533942973877,
-0.872538967955812,0.488539222815411),(0.705245601557546,-0.618941309768621,
0.345746000042864),(-1.,0.,0.),(0.,0.923870956764401,0.382704135393424),
(0.00210898508346263,0.868683994623526,0.495362160107968),(0.706955946239677,
0.613796740586376,0.351378501507852),(0.00194150754488389,0.844498640875142,
0.535554176632477),(0.704866019364382,0.598393130550554,0.380906230003289),
(0.00106706049966018,0.87530997317934,0.483561073944826),(0.703252434316208,
0.623474775979085,0.341636089056992),(0.0019418046252848,0.844500573707762,
0.535551127719901),(0.704865826501348,0.598394376614875,0.380904629357883),
(0.00185842063261996,-0.932845646223666,0.360271490121414),(0.704401141262834,
-0.661757998140317,0.256700962376337),(0.00204967259685997,-0.915047782845855,
0.403340245885691),(0.704990596425206,-0.64938670198726,0.285105542271878),
(-1.,0.,0.),(0.,-0.923898793274021,0.382636929460299),(0.00213357509591467,
-0.934127664851502,0.356932701803001),(0.70478378724278,-0.662483410420538,
0.253762771417117),(0.00235350901168329,-0.916630879240808,0.399727772637273),
(0.705334296465301,-0.650011492389156,0.28282254151998),(-1.,0.,0.),(0.,
0.956935629581563,0.29030019090131),(0.00163876495498375,0.915532257982723,
0.402241219969411),(0.704087899470763,0.650706176923879,0.284326750644321),
(0.00232638312780973,0.890666993726636,0.454650298831419),(0.707030768148184,
0.630404214535257,0.320465316669331),(0.00304006530632163,0.908049682514443,
0.41885144393729),(0.705986207840841,0.642743029033654,0.297430450638721),
(0.00117634472714963,0.897353892810002,0.441310103296783),(0.703984468714767,
0.636256171922561,0.315569249925965),(0.00175298574362676,-0.963300527494804,
0.268419486567603),(0.704252434012477,-0.683564493671564,0.191750077389919),
(0.00193326823957757,-0.949704549161453,0.313141392626327),(0.704858185377836,
-0.674051963196051,0.220972598793185),(-1.,0.,0.),(0.,-0.956955359350092,
0.290235146409137),(0.00149186835307531,-0.962384879280909,0.271685697931061),
(0.703878406994976,-0.683142298804359,0.194606751554287),(0.00164504843532427,
-0.948526922649631,0.316692233603015),(0.7045280116569,-0.673670667063296,
0.223177313204702),(-1.,0.,0.),(0.,0.980782432672889,0.195104637977292),
(0.00178867841321528,0.949944726635484,0.312412895007503),(0.704300457196598,
0.674733696505144,0.2206701266442),(0.00180721400063227,0.933383703727392,
0.358875459726201),(0.704712451259066,0.661723513299676,0.255934274740161),
(0.00378224799574986,0.941518052556922,0.3369413173084),(0.706907599545759,
0.665279434758661,0.24017685024092),(0.0033551508398563,0.925982164721893,
0.377552345483112),(0.706443528933729,0.655709068590307,0.266426646182571),
(0.00205939967456279,-0.985651462832437,0.168780782938278),(0.704681990878779,
-0.69922416627864,0.120452716960066),(0.00227158999022891,-0.976775033141375,
0.214255395522687),(0.705242346200632,-0.692653147504212,0.151211277284258),
(-1.,0.,0.),(0.,-0.980797039964708,0.195031193393424),(0.00180942209520141,
-0.985099101220387,0.171978157817981),(0.704332505793227,-0.699097768105188,
0.123199155489709),(0.00199557293384792,-0.976001631184641,0.217754066812967),
(0.704929085543237,-0.692500720505588,0.153354936191886),(-1.,0.,0.),(0.,
0.995183862371491,0.0980259153252812),(0.00091407010018839,0.978402590463697,
0.20670639915053),(0.70707706121017,0.691744213084067,0.146737770104002),
(0.00197271593272722,0.963492668675734,0.267727446855866),(0.704900961522467,
0.683101654665546,0.191015087984943),(0.000914389389936828,0.978402634608839,
0.206706188786226),(0.703022172792841,0.696368570372529,0.144328232716098),
(0.00417586775652622,0.955436358125096,0.295167626444929),(0.707327299493754,
0.675970899739349,0.206764199261983),(0.00181398951799769,-0.997216854081268,
0.0745335855724628),(0.706993355305641,-0.705330742313438,0.0516617798884807),
(0.00200060438805814,-0.992653802379519,0.120972832502032),(0.706998674383787,
-0.701892968377177,0.0865975482461455),(-1.,0.,0.),(0.,-0.995189399570569,
0.0979696839964852),(0.00157689444989101,-0.996983244635771,0.0776010523087464),
(0.707020064191344,-0.705133134718538,0.0539434069453932),(0.00173888074804347,
-0.992238637760261,0.124336084985035),(0.70696879284806,-0.701639623947932,
0.0888648639517397),(-1.,0.,0.),(0.,0.999698772127185,0.0245431254610405),
(0.,0.995184108449806,0.0980234170438132),(0.707105416785351,0.703702819629983,
0.0693128501623422),(0.00100747199386293,0.987172436633814,0.159654518729161),
(0.706865854950298,0.6983665123068,0.112360480569549),(0.,0.995184969181521,
0.0980146780597457),(0.707105420443333,0.703703360730146,0.0693073190706065),
(0.00100782386486068,0.987173100176095,0.159650413653631),(0.703786220044298,
0.700870343007679,0.116041883680233),(0.,-0.999699202975942,0.0245255697031926),
(0.706995194266741,-0.707000785210185,0.0175409519671884),(-1.,0.,0.),(0.,
-0.999699202975942,0.0245255697031926),(0.,-0.999699202975942,0.0245255697031926),
(0.706994913243163,-0.707001066060489,0.017540958857033),(-1.,0.,0.),(0.,
-0.999698797582615,-0.0245420885801151),(0.,-0.999698795053231,-0.0245421916119426),
(0.706996503974221,-0.706999214451515,-0.0175514709688235),(-1.,0.,0.),
(0.,-1.,0.),(-1.,0.,0.),(0.,1.,0.),(0.,0.99969875842551,0.0245436835559353),
(0.706996159475088,0.706999530698763,0.0175526089002678),(-1.,0.,0.),(0.,
1.,0.),(0.,0.999698866694031,0.0245392732302622),(0.706996761122032,0.706999008602804,
0.0175494044801503),(-1.,0.,0.),(0.,-0.999698743443249,-0.0245442937969004),
(-1.,0.,0.),(0.,0.999699368347349,-0.0245188279881284),(0.,0.999699368347349,
-0.0245188279881284),(0.706994376983153,0.707001708024375,-0.017536697660026),
(0.,-0.999698740913412,-0.0245443968379511),(0.706996398351754,-0.706999285297929,
-0.0175528717270124),(-1.,0.,0.),(0.,0.999699368347349,-0.0245188279881284),
(0.,0.999699368347349,-0.0245188279881284),(0.706994939031278,0.70700114632336,
-0.0175366838830853),(-1.,0.,0.),(0.,-0.995184615636257,-0.0980182676898294),
(0.,-0.995184464373175,-0.098019803459593),(0.707105460780537,-0.703702990282412,
-0.0693106687454016),(-1.,0.,0.),(0.,0.995191074896742,-0.0979526643122472),
(-1.,0.,0.),(0.,-0.995184613567009,-0.0980182886990081),(0.,-0.995184665956415,
-0.0980177567852809),(0.707105460780036,-0.70370314366541,-0.0693091114534891),
(-1.,0.,0.),(0.,0.995191930832866,-0.0979439676812866),(-1.,0.,0.),(0.,
0.98080125409207,-0.195009999670315),(0.00162286644774236,0.99703059435118,
-0.0769893514209971),(0.707014566753837,0.705173337328277,-0.0534880053767619),
(-1.,0.,0.),(0.,0.980802122499466,-0.195005631971319),(0.00196274271374525,
0.997360722319065,-0.0725791789443244),(0.706974079526228,0.705454733169986,
-0.0502122527487599),(-1.,0.,0.),(0.,-0.980784772317071,-0.195092876320298),
(-1.,0.,0.),(0.,-0.980784801059678,-0.195092731823428),(-1.,0.,0.),(0.,
0.956963324892426,-0.290208881343811),(0.00197447357291013,0.985467720396402,
-0.169851327668726),(0.704565075864665,0.699182930198952,-0.121372500963877),
(0.00178960442806032,0.992321909489168,-0.123669014970456),(0.706975014086765,
0.701690178640961,-0.0884150589878977),(-1.,0.,0.),(0.,0.95696087470902,
-0.290216960696892),(0.00161535706130613,0.984665561072471,-0.174445187550129),
(0.707015152266212,0.696521279013104,-0.122424190207386),(0.00216482148366145,
0.992912983468812,-0.118823906714966),(0.707013514663215,0.70205548178216,
-0.0851468765321856),(-1.,0.,0.),(0.,-0.956939280038618,-0.290288157387047),
(0.,-0.980784879833824,-0.19509233580369),(0.707105426785134,-0.693520986871426,
-0.137951281907405),(-1.,0.,0.),(0.,-0.956939231321399,-0.290288317984035),
(0.,-0.980784917239638,-0.195092147753905),(0.707105406736365,-0.693520966862,
-0.137951485265645),(-1.,0.,0.),(0.,0.923908323877343,-0.382613916461689),
(0.00185296675838427,0.963652590655641,-0.267152112169947),(0.704394913571531,
0.683726399086598,-0.190646313697985),(0.00217778838991653,0.97651636832035,
-0.215432215882779),(0.705136896100799,0.692602765073431,-0.151932115005251),
(-1.,0.,0.),(0.,0.923908260129849,-0.382614070394472),(0.00222930074973317,
0.964945334564553,-0.262441482087475),(0.70693736301476,0.68280816448987,
-0.184424985508231),(0.00178132687955659,0.975395239544592,-0.220456239531333),
(0.706972166780861,0.689629444635015,-0.156848922500525),(-1.,0.,0.),(0.,
-0.923879220205517,-0.382684186337041),(0.,-0.956939660156727,-0.290286904319031),
(0.707105483588781,-0.676659754931751,-0.205264247092323),(-1.,0.,0.),(0.,
-0.923880016007856,-0.382682265099027),(0.,-0.956939019997516,-0.290289014615074),
(0.70710523300545,-0.676659607767405,-0.205265595442515),(-1.,0.,0.),(0.,
0.88195213140241,-0.471338984081246),(0.0018507988407498,0.932816384748164,
-0.360347286501531),(0.704391465256017,0.661741627204646,-0.256769707128837),
(0.00204362960528627,0.950158386148734,-0.311760909687649),(0.704985047600353,
0.674200343263893,-0.220113561151459),(-1.,0.,0.),(0.,0.881955798876529,
-0.471332121574646),(0.00224323087863942,0.934639155605192,-0.355590518328088),
(0.704935419367195,0.662771767717252,-0.252585903087534),(0.00245920880453184,
0.951820812844366,-0.306644896465513),(0.707042193794163,0.67272209586273,
-0.218028250308974),(-1.,0.,0.),(0.,-0.881921427426085,-0.471396431728897),
(0.,-0.881921087195789,-0.471397068254985),(0.707105442036353,-0.623613544096668,
-0.333328728827515),(0.,-0.923878949408338,-0.382684840097104),(0.707105407542146,
-0.65328233689181,-0.270599576736239),(-1.,0.,0.),(0.,-0.881921427426085,
-0.471396431728897),(0.,-0.88192023794157,-0.471398657092961),(0.707105442035159,
-0.623612898231053,-0.333329937155557),(0.,-0.923879745214762,-0.382682918853072),
(0.707105439409955,-0.653282857658247,-0.270598236222501),(-1.,0.,0.),(0.,
-0.831468651788215,-0.555571670528164),(-1.,0.,0.),(0.,0.831504094502111,
-0.555518623293784),(0.0018585849479354,0.893045930042024,-0.449961678920959),
(0.7044018424877,0.633413506278057,-0.32032073670693),(0.00204123999124033,
0.915010046857685,-0.403425888471223),(0.704981863723784,0.649372802354586,
-0.285158789769301),(-1.,0.,0.),(0.,0.831504228665948,-0.555518422476378),
(0.00145012735827794,0.890649598398873,-0.454688013920062),(0.707033414077249,
0.630247490565571,-0.320767598136207),(0.00247459879144448,0.917264637514929,
-0.398270587823689),(0.705470360018793,0.650263663019613,-0.28190200370212),
(-1.,0.,0.),(0.,-0.83146870006554,-0.555571598276334),(-1.,0.,0.),(0.,-0.773009477478715,
-0.634394473279881),(-1.,0.,0.),(0.,0.773045458043006,-0.634350628437518),
(0.00212122973309945,0.846461990757504,-0.532444925402865),(0.704766976807811,
0.600192008843211,-0.378249997913984),(0.00204984791379522,0.871111113774226,
-0.49108168931712),(0.704990954306826,0.618316538930307,-0.347379348883605),
(-1.,0.,0.),(0.,0.773043207857675,-0.634353370594902),(0.00169439268728721,
0.843499954718266,-0.537126573000913),(0.7041699459225,0.598195593442345,
-0.382500613392532),(0.00159897913468218,0.868230401028356,-0.496158658088184),
(0.706951893915411,0.613633920132411,-0.35167091399822),(-1.,0.,0.),(0.,
-0.773009422344494,-0.634394540460927),(0.,-0.831468524830591,-0.555571860532944),
(0.707105330757688,-0.587938225052996,-0.392849455562297),(0.,-0.831468406386059,
-0.555572037796883),(0.707105400611992,-0.58793820975528,-0.392849352723293),
(-1.,0.,0.),(0.,-0.707105732384295,-0.707107829987245),(-1.,0.,0.),(0.,
0.707139866334024,-0.70707369449096),(0.0016323594871615,0.786286407064904,
-0.617860033881032),(0.704080388240994,0.557467505806395,-0.439887243352667),
(0.00233987305345839,0.820938279656545,-0.57101214171736),(0.705319244945751,
0.582300934279637,-0.404289975940806),(-1.,0.,0.),(0.,0.707141964285183,
-0.707071596337239),(0.00119768466705031,0.782788808271246,-0.622286306451235),
(0.707055484393516,0.554016594184319,-0.439474863169053),(0.00186858729430885,
0.817430330084274,-0.576024447258829),(0.70478304214646,0.580659396497931,
-0.407572728186565),(-1.,0.,0.),(0.,-0.707106781186548,-0.707106781186547),
(0.,-0.773009698845507,-0.634394203544435),(0.707105380970811,-0.546601533378549,
-0.44858526938626),(0.,-0.773010824257895,-0.634392832226319),(0.707105534332091,
-0.546602127082081,-0.448584304213013),(-1.,0.,0.),(0.,-0.634392039956057,
-0.773011474455841),(-1.,0.,0.),(0.,0.634428457468121,-0.772981586038515),
(0.00202548839531011,0.72546028606905,-0.688261048391795),(0.706966695629059,
0.513870615480542,-0.48593732293062),(0.00180011623561693,0.756447494465446,
-0.654051945718753),(0.704704786418938,0.537626769508212,-0.462977991600468),
(-1.,0.,0.),(0.,0.634426682590745,-0.772983042774484),(0.00202525864824292,
0.725462646155116,-0.688258561414985),(0.706967071091141,0.513871964808824,
-0.485935349790826),(0.00132043366811092,0.752365989865816,-0.658744012305356),
(0.706912344190676,0.53166298366443,-0.466486237130186),(-1.,0.,0.),(0.,
-0.634393186508657,-0.773010533506104),(0.,-0.634393186508657,-0.773010533506104),
(0.707105507036896,-0.448584573223142,-0.54660194162142),(0.,-0.707106781186548,
-0.707106781186547),(0.707105428322023,-0.500000950280942,-0.500000962954756),
(0.,-0.634392039956057,-0.773011474455841),(0.707105685286732,-0.448583623233405,
-0.546602490665723),(0.,-0.707105732384295,-0.707107829987245),(0.707105556546279,
-0.500000195845288,-0.500001536053691),(-1.,0.,0.),(0.,-0.55557019712221,
-0.831469636288398),(-1.,0.,0.),(0.,0.555603110964624,-0.831447643021754),
(0.00179461987166559,0.652233714652171,-0.758015805119225),(0.706996347300445,
0.462061957949045,-0.535401636082785),(0.00223415388147233,0.692767933670132,
-0.721157124789633),(0.707021290518638,0.489091766851142,-0.51079363577847),
(-1.,0.,0.),(0.,0.555600623954773,-0.831449304925481),(0.00134140665010236,
0.647761315426057,-0.76184216138627),(0.707043360887145,0.458700381112419,
-0.538222673428695),(0.00223389874830958,0.692769963304932,-0.721155175838644),
(0.707021101933029,0.48909300101633,-0.51079271507946),(-1.,0.,0.),(0.,
-0.55557010461811,-0.831469698097665),(0.,-0.55557010461811,-0.831469698097665),
(0.707105608601963,-0.392848097970964,-0.58793879800898),(0.,-0.555571992824713,
-0.83146843643567),(0.707105504866907,-0.392849286535894,-0.587938128594459),
(-1.,0.,0.),(0.,-0.471398094430687,-0.881920538692168),(-1.,0.,0.),(0.,
0.471424609284015,-0.881906365642869),(0.0015176795124337,0.571846310578256,
-0.820359368647018),(0.703915047349762,0.40482579425776,-0.583626320875059),
(0.00197924907762915,0.616144229043877,-0.787630859977575),(0.706996337611192,
0.434927218970819,-0.557668802070432),(-1.,0.,0.),(0.,0.471426611634365,
-0.881905295280021),(0.00200745181747633,0.577051428597199,-0.816705343983454),
(0.706969718013277,0.409047937711699,-0.576951993207436),(0.001479022008569,
0.611014522609256,-0.791618004882709),(0.706934450132755,0.431512454783129,
-0.560393330244515),(-1.,0.,0.),(0.,-0.471398192580408,-0.881920486229867),
(0.,-0.471398192580408,-0.881920486229867),(0.707105589905794,-0.333329320722613,
-0.623613060054534),(0.,-0.471398448156871,-0.881920349620798),(0.707105541093322,
-0.333329806748768,-0.623612855614723),(-1.,0.,0.),(0.,-0.382686064639695,
-0.923878442183045),(-1.,0.,0.),(0.,0.382706602829163,-0.923869934650414),
(0.00170578622371774,0.49080878260004,-0.871265647903109),(0.704183977731018,
0.347338053152684,-0.619258590847978),(0.00167355614832487,0.532620183330118,
-0.84635272760192),(0.704560233562719,0.379335817791025,-0.599749293140776),
(-1.,0.,0.),(0.,0.382705227995979,-0.923870504164163),(0.00170578620818872,
0.490808782424458,-0.871265648002051),(0.704183977708843,0.347338053015182,
-0.619258590950318),(0.00221425227783978,0.538545092743776,-0.842593781230581),
(0.707020465645464,0.379894752012574,-0.596491440468157),(-1.,0.,0.),(0.,
-0.382686030962048,-0.923878456132901),(0.,-0.382686684721569,-0.923878185334416),
(0.707105396950028,-0.270600826696345,-0.653281830602534),(0.,-0.382685712766594,
-0.923878587934749),(0.707105398528175,-0.270599948031586,-0.653282192852074),
(-1.,0.,0.),(0.,-0.290286147617278,-0.956939889701284),(-1.,0.,0.),(0.,
0.29030479197851,-0.956934233766518),(0.00207511145782498,0.407425406251344,
-0.913236131706014),(0.704701094059749,0.288445848610062,-0.648224776177689),
(0.00188118721114188,0.449499352922129,-0.893278675922169),(0.704797328053261,
0.320035790572895,-0.633117539736001),(-1.,0.,0.),(0.,0.290304395026356,
-0.95693435418966),(0.00207523682582356,0.407425328992019,-0.913236165889121),
(0.70696028156531,0.289222025661109,-0.645412875732722),(0.00188118719399922,
0.449499352723648,-0.893278676022081),(0.704796844668374,0.320035542171498,
-0.63311820341268),(-1.,0.,0.),(0.,-0.29028618251927,-0.956939879113827),
(0.,-0.290286390784795,-0.956939815936789),(0.707105418398129,-0.20526392272968,
-0.676659921450673),(0.,-0.29028656415885,-0.956939763343985),(0.707105383227016,
-0.205264134671453,-0.676659893911967),(-1.,0.,0.),(0.,-0.195092856311478,
-0.980784776297139),(0.,-0.195092355766471,-0.980784875862942),(0.707105284367325,
-0.137951311334981,-0.693521126225268),(-1.,0.,0.),(0.,-0.195092856311478,
-0.980784776297139),(-1.,0.,0.),(0.,0.195104274225782,-0.980782505033012),
(0.00168682454583112,0.311158248492398,-0.950356616759254),(0.704156024184205,
0.21965634339194,-0.675215065303474),(0.00228897995539879,0.364704294979683,
-0.931120581769158),(0.705259726000221,0.259191462348541,-0.659870066549255),
(0.,-0.195091855225692,-0.980784975427638),(0.70710530249612,-0.137950945719352,
-0.69352118046748),(-1.,0.,0.),(0.,0.195105326499979,-0.980782295706512),
(0.00279529433394849,0.324814341887599,-0.945773667234245),(0.70566859340646,
0.230605917045133,-0.669964735865644),(0.0022891201687931,0.364702987184388,
-0.931121093664856),(0.707026860177372,0.256823208547251,-0.658904286326338),
(-1.,0.,0.),(0.,-0.0980205392485453,-0.995184391902035),(0.,-0.0980205392485453,
-0.995184391902035),(0.707105298585126,-0.0693111893768507,-0.703703101982651),
(-1.,0.,0.),(0.,-0.0980205392485453,-0.995184391902035),(-1.,0.,0.),(0.,
0.098025477828016,-0.995183905465006),(0.00156650407475812,0.214980433697527,
-0.97661709958008),(0.703983649566844,0.151161390785609,-0.693943265028423),
(0.00186027439691081,0.266325031250765,-0.963881484990996),(0.704773172816818,
0.190219538798477,-0.683455413276543),(0.,-0.0980205392485453,-0.995184391902035),
(0.707105320064535,-0.0693111682585472,-0.703703082479441),(-1.,0.,0.),
(0.,0.0980256895905053,-0.995183884606407),(0.00213063757878624,0.222128630605117,
-0.975015041857818),(0.70695295094602,0.158267468116847,-0.689324984085588),
(0.00308462360078956,0.281602421081418,-0.959526217223023),(0.706146170877871,
0.19893653724977,-0.679545318210339),(-1.,0.,0.),(0.,-0.0245421916119291,
-0.999698795053232),(0.,-0.0245421916119291,-0.999698795053232),(0.706996453895104,
-0.0175515226635769,-0.706999263247097),(-1.,0.,0.),(0.,-0.0245421916119291,
-0.999698795053232),(-1.,0.,0.),(0.,0.0245450335749008,-0.999698725280172),
(0.,0.0980218303697428,-0.995184264732399),(0.707105601195479,0.0693121252798058,
-0.70370270572677),(0.00172745532847317,0.168859994216025,-0.985638533262297),
(0.704620598422064,0.121329763794198,-0.699134393873579),(0.,-0.0245421916119291,
-0.999698795053232),(0.706996453895104,-0.0175515226635769,-0.706999263247097),
(-1.,0.,0.),(0.,0.0245452541300024,-0.999698719864984),(0.,0.0980212333809146,
-0.995184323533326),(0.707105527384852,0.0693118293380454,-0.703702809043423),
(0.00235029177176268,0.176817695171473,-0.984240813420595),(0.707032514374976,
0.123866002183553,-0.696248689133174),(-1.,0.,0.),(0.,0.,-1.),(0.,0.0245440329793412,
-0.999698749846727),(0.706996644227273,0.0175526412537668,-0.706999045145318),
(-1.,0.,0.),(0.,0.0245443284663339,-0.999698742592055),(0.706996667729595,
0.0175528280233709,-0.706999017006127),(-1.,0.,0.),(0.,0.0979619843250455,
0.995190157521213),(-1.,0.,0.),(0.,0.0245266811317584,0.999699175708703),
(-1.,0.,0.),(0.,0.195015565003411,0.980800147535877),(-1.,0.,0.),(0.,0.290217744816087,
0.956960636909306),(-1.,0.,0.),(0.,0.382626905299484,0.923902944762562),
(-1.,0.,0.),(0.,0.471349996909384,0.881946245761908),(-1.,0.,0.),(0.,0.555525381405323,
0.831499579443351),(-1.,0.,0.),(0.,0.634359688421235,0.773038023454288),
(-1.,0.,0.),(0.,0.707079820531504,0.70713374081367),(-1.,0.,0.),(0.,0.772981629985993,
0.634428403922929),(-1.,0.,0.),(0.,0.831452856689333,0.555595308748324),
(-1.,0.,0.),(0.,0.881907776185062,0.47142197053629),(-1.,0.,0.),(0.,0.923870017958428,
0.38270640172003),(-1.,0.,0.),(0.,0.956936751618487,0.290296492231406),
(-1.,0.,0.),(0.,0.980782961845253,0.195101977832203),(-1.,0.,0.),(0.,0.995183763613892,
0.0980269179317766),(-1.,0.,0.),(0.,0.99969864622708,0.0245482531295982),
(-1.,0.,0.),(0.,-0.555595593185732,0.831452666621855),(-1.,0.,0.),(0.,-0.999699200504556,
0.024525670440401),(-1.,0.,0.),(0.,-0.634418451805152,0.772989798127475),
(-1.,0.,0.),(0.,-0.7071324590228,0.707081102417794),(-1.,0.,0.),(0.,-0.773035105839761,
0.634363243843232),(-1.,0.,0.),(0.,-0.831492230344364,0.555536381236148),
(-1.,0.,0.),(0.,-0.881942974827292,0.471356117126724),(-1.,0.,0.),(0.,-0.923899001835158,
0.382636425877095),(-1.,0.,0.),(0.,-0.956956415570654,0.290231663844875),
(-1.,0.,0.),(0.,-0.980797153796184,0.195030620942718),(-1.,0.,0.),(0.,-0.995189394214507,
0.0979697384040628),(-1.,0.,0.),(0.,-0.0245432677187434,0.999698768634674),
(-1.,0.,0.),(0.,-0.0980225440351521,0.995184194438835),(-1.,0.,0.),(0.,
-0.195103320152114,0.980782694823691),(-1.,0.,0.),(0.,-0.290302853294159,
0.956934821902343),(-1.,0.,0.),(0.,-0.382699478748085,0.923872885718563),
(-1.,0.,0.),(0.,-0.471416607292616,0.881910643074863),(0.,0.0245266811317584,
0.999699175708703),(0.706996312110399,0.0175403086296025,0.706999683334776),
(0.,-0.0980213360652162,0.995184313419366),(0.707105534591049,-0.0693116235163248,
0.703702822074942),(0.,-0.024543903254397,0.999698753031651),(0.706996365796414,
-0.0175525556209132,0.706999325701119),(0.,-0.195099086964416,0.980783536905882),
(0.707105938906641,-0.137955853727259,0.69351955530132),(1.38158851402943E-6,
0.171458478227877,0.985191347019386),(0.70700144269263,0.12106637241035,
0.696772483312837),(0.,0.0703939367633467,0.997519269822372),(0.706967079505249,
0.0495951307954547,0.705505401465645),(1.4394672474733E-6,0.119252518259688,
0.992863956887675),(0.707022708264155,0.0845240390903097,0.702121482946278),
(0.00166485818118139,0.264895697542155,0.964275633660258),(0.706969098543978,
0.186410937185379,0.682235777573694),(1.16718497584431E-6,0.219595791538117,
0.975590943140303),(0.706992149352387,0.15549206375803,0.689916167996055),
(0.000630129844030839,-0.299832011727855,0.95399180692478),(0.707085798598278,
-0.212426511395953,0.674466196837752),(0.000682220413631538,-0.253472978819357,
0.96734222671387),(0.706838852054014,-0.178890215156967,0.684380835608405),
(0.00243761971773998,-0.418122433989016,0.908387410857951),(0.706815851146729,
-0.296919398611327,0.642067148588069),(0.00264241090291405,-0.37603849200102,
0.926600275306574),(0.707091154159594,-0.264740952613252,0.655693775873068),
(0.00131761983820907,0.452851550368167,0.891584957930039),(0.70702003914249,
0.319532651984618,0.630889489979528),(0.00180279081105233,0.30979996942426,
0.950800046744855),(0.70702085027844,0.220011852156508,0.672098431914712),
(0.,0.365562406892891,0.930786832022605),(0.707043800900189,0.258343747534386,
0.658291403345436),(0.,0.410794346006274,0.911728032523237),(0.706937009896216,
0.290710732677678,0.644769209830157),(0.002140545705527,-0.583488819434382,
0.812118350771089),(0.706881103931126,-0.413661411156381,0.573762443721462),
(0.,-0.451700921088547,0.89216942218819),(0.707015752929857,-0.319269483098328,
0.631027513085724),(0.,-0.494936257795765,0.868929284072717),(0.706974676648724,
-0.350205730712378,0.614445077084715),(0.00232025781166937,-0.545314482585579,
0.838228328968969),(0.707070609668978,-0.384643255019655,0.593380754078042),
(0.00151628571498206,0.535391758936565,0.844602489541939),(0.706992374206817,
0.3778765604694,0.597805225689124),(0.00142660017722177,0.494540433052015,
0.869153453015438),(0.706971261723854,0.350462686849747,0.614302482676603),
(0.00191026544106206,-0.657522171382659,0.753432774058959),(0.706926520121165,
-0.465865000103435,0.532188591410983),(0.00206959932298555,-0.62174352003788,
0.783218176531641),(0.707049618720115,-0.438833961636665,0.554531866335931),
(0.000911231136363805,0.623144221735964,0.782106417679139),(0.707064506793623,
0.440192065042258,0.553435388375665),(0.00164285285348714,0.574546995516434,
0.818469945066733),(0.70700144138652,0.407067211302906,0.578312413284947),
(0.00252620298506933,0.678178505135142,0.734892872105277),(0.706794573097174,
0.478815766858606,0.5207464765584),(0.000986860750524394,0.659867702117299,
0.751381156144001),(0.706897965313939,0.467178994643267,0.531073491711946),
(0.00217189955541602,-0.794415985404552,0.60737017130086),(0.706874635985143,
-0.56263195529224,0.428688152256278),(0.,-0.693346378869565,0.72060446772692),
(0.707037841817464,-0.490183530831484,0.509723058473601),(0.,-0.727869603582415,
0.685715567987761),(0.706945503821804,-0.514925913055813,0.484849831071202),
(0.00235427852829173,-0.765509776648041,0.643419955572468),(0.707073548195061,
-0.540569810097051,0.455885158624939),(0.00213174049007069,0.751104241466981,
0.660180183080948),(0.706883008249093,0.530516521936384,0.467833979741997),
(0.00273898862863182,0.711075777697299,0.703110045663888),(0.707095133699115,
0.503717742591933,0.496271002273071),(0.00171768470059681,-0.846298061276568,
0.532706899747686),(0.706960484303856,-0.599076253975576,0.375918229879117),
(0.00186057992215574,-0.820439154819768,0.571730820824781),(0.707027598663254,
-0.579634899205895,0.405136221968666),(0.00174141908578041,0.868560453969325,
0.495580170366175),(0.706956403365534,0.613798252934133,0.351374939965096),
(0.00231069012922709,0.78082864486742,0.624740976778084),(0.70707088134466,
0.552880825402524,0.440878170991385),(0.,0.823221597975661,0.567720178103967),
(0.707066347640255,0.582045709891932,0.401596777416187),(0.,0.850090478512626,
0.526636666347954),(0.706892985987211,0.601371836766646,0.372363022205476),
(0.00146726960185334,-0.932541831417629,0.361058969942819),(0.706999181670363,
-0.659825537603362,0.254523902696526),(0.,-0.869519067400204,0.493899373786763),
(0.706986234224683,-0.614851876318968,0.349467644859788),(0.,-0.892706688045898,
0.450638179827369),(0.707006651830064,-0.631415945184167,0.318520797492453),
(0.00158968621850961,-0.914488907469394,0.40460784843248),(0.706993995641586,
-0.646388016584715,0.286952996399102),(-0.000663270432132844,0.927838342180101,
0.372981998027809),(0.707084270229285,0.656298366129793,0.263257078555702),
(0.00188678754487255,0.890780360560621,0.454430180855377),(0.707031201858612,
0.630401185183694,0.320470318933534),(0.00136535990580565,-0.963004167447098,
0.269483040787075),(0.707013423282107,-0.68126105559861,0.189777220507581),
(0.00147820892185437,-0.949190772133903,0.314697780408804),(0.706978394596362,
-0.671039504243866,0.223355173027395),(0.0016059551350815,0.949235004305689,
0.314563709777339),(0.706978841649211,0.671034993436386,0.223367309703476),
(-0.000717454043424786,0.945311255733541,0.326168844378447),(0.706475247408123,
0.668863534569844,0.231331573552695),(0.,0.995183943979529,0.0980250868163112),
(0.707105547438737,0.703702544608254,0.0693143094406333),(0.00174009681338002,
0.962955271646741,0.26965555227147),(0.707013131255477,0.681257840363975,
0.189789850031394),(0.,0.98078370883588,0.195098222652427),(0.707105426299445,
0.693520120517311,0.137955639738051),(1.03358701966295E-6,-0.985045861808904,
0.172292339156695),(0.707008464942347,-0.696662787487879,0.121655213737369),
(0.,-0.975404903649136,0.220420674929506),(0.706984304793106,-0.689792192210338,
0.156076661746284),(0.,-0.999699200504556,0.024525670440401),(0.706996602202179,
-0.706999411554763,0.0175395705703878),(1.07679093378073E-6,-0.992585026388593,
0.121552315436592),(0.707004070391105,-0.701941925823426,0.0861555408648202),
(0.,-0.997353794010581,0.0727008223660536),(0.706989189503292,-0.705366996956936,
0.0512219243042739),(-1.,0.,0.),(0.,-1.,0.),(-1.,0.,0.),(0.,1.,0.),(0.,
0.999698712883878,0.0245455384605359),(0.706996704860256,0.706998952340906,
0.0175539370399021),(-1.,0.,0.),(0.,-0.999698809447719,-0.0245416052615348),
(0.,-0.999698809447719,-0.0245416052615348),(0.706996485121612,-0.706999243207965,
-0.0175510720199814),(-1.,0.,0.),(0.,0.999699375432938,-0.0245185390876592),
(0.,0.999699375432938,-0.0245185390876592),(0.706996947208488,0.706999194689909,
-0.0175344046291484),(-1.,0.,0.),(0.,-0.995184565748778,-0.0980187741987047),
(0.,-0.995184565748778,-0.0980187741987047),(0.707105433239233,-0.703703096223176,
-0.0693098741123665),(-1.,0.,0.),(0.,0.995190955220174,-0.0979538802087835),
(-1.,0.,0.),(0.,0.980802700690854,-0.195002723872059),(0.00164763994825869,
0.99740847925615,-0.071927816528348),(0.70697200997561,0.705478289618717,
-0.0499095180070596),(-1.,0.,0.),(0.,-0.980784775680733,-0.195092859410319),
(-1.,0.,0.),(0.,0.956964436915986,-0.290205214422599),(0.00145179066973336,
0.985024446966747,-0.17240861690097),(0.707001260214681,0.696772318971516,
-0.121068383857678),(0.00178530895605337,0.992937798454565,-0.118622683632318),
(0.707019295867638,0.702086012885194,-0.0848466014746612),(-1.,0.,0.),(0.,
-0.956939868236153,-0.290286218377957),(0.,-0.980784775680733,-0.195092859410319),
(0.707105461277814,-0.693520867650874,-0.137951704461633),(-1.,0.,0.),(0.,
0.92390294518215,-0.382626904286339),(0.000660310348780899,0.959941158844498,
-0.280200884271492),(0.707084663466556,0.678926937081221,-0.197710628940122),
(0.00157288549440854,0.975802808443074,-0.218646758644691),(0.706991944256905,
0.689918037648029,-0.155484700481217),(-1.,0.,0.),(0.,-0.92388049256294,
-0.382681114587041),(0.,-0.956939868236153,-0.290286218377957),(0.707105477932251,
-0.676659918231553,-0.205263728254826),(-1.,0.,0.),(0.,0.881948861885958,
-0.471345101828866),(0.00189400166723393,0.895693827906055,-0.444667268200261),
(0.706929766523783,0.633983898669782,-0.313551784287847),(0.000714972750221285,
0.9453209024687,-0.32614089006092),(0.706846871032907,0.668544161043742,
-0.231119461848861),(0.,0.929410002846305,-0.369048840411715),(0.707067194371075,
0.65728930324461,-0.26081939054532),(0.,0.910177738835739,-0.414217918163102),
(0.70689374737425,0.643719632830729,-0.293131820571328),(-1.,0.,0.),(0.,
-0.881921792607773,-0.47139574852037),(0.,-0.881921203123799,-0.471396851369039),
(0.707105706942017,-0.623613385980229,-0.333328462685537),(0.,-0.923878796695216,
-0.382685208777398),(0.707105639116487,-0.65328205984154,-0.270599640463286),
(-1.,0.,0.),(0.,0.831506235546386,-0.555515418550616),(-1.,0.,0.),(0.,-0.831467271033896,
-0.555573736959566),(-1.,0.,0.),(0.,0.773049241074517,-0.634346018253534),
(0.00186333037121679,0.791424256100709,-0.61126440666488),(0.706934804461378,
0.560401160637381,-0.431501704976271),(0.00205190515094097,0.874013952442341,
-0.485896491674275),(0.707048215255989,0.617554370753018,-0.344542334796705),
(0.,0.850096767516186,-0.52662651457986),(0.706893505810332,0.601375817866597,
-0.372355605743299),(1.39081055153103E-6,0.823233103324085,-0.567703494431259),
(0.707066276971041,0.582054124011906,-0.401584706744473),(-1.,0.,0.),(0.,
-0.773007745727456,-0.63439658341241),(0.,-0.831470146321453,-0.555569433802975),
(0.70710575635975,-0.587939048082206,-0.392847457753128),(-1.,0.,0.),(0.,
0.707139132149685,-0.707074428743244),(-1.,0.,0.),(0.,-0.707105499307659,
-0.707108063063112),(0.,-0.773009066064221,-0.634394974588009),(0.707105452785589,
-0.546600835456136,-0.448586006602459),(-1.,0.,0.),(0.,0.634428088870867,
-0.772981888566387),(0.0013370462909433,0.650646345802616,-0.759379710685582),
(0.707017090075876,0.460756474279476,-0.536498188021345),(0.0020179109440614,
0.762074570226471,-0.647486121433936),(0.707043775328717,0.538233681272102,
-0.458686825746278),(0.,0.724254091893786,-0.689533182939812),(0.706996267616047,
0.512339495081034,-0.48750848131811),(0.,0.689544972124543,-0.724242867701982),
(0.70699650241235,0.487517111921257,-0.512330958620168),(-1.,0.,0.),(0.,
-0.634396165118313,-0.773008089015353),(0.,-0.63439735830139,-0.773007109786331),
(0.707105066149575,-0.448587500681172,-0.546600109456835),(0.,-0.707105499307659,
-0.707108063063112),(0.707105354573885,-0.500000190608195,-0.500001826921371),
(-1.,0.,0.),(0.,0.555605682837779,-0.831445924398192),(-1.,0.,0.),(0.,-0.555572802448015,
-0.831467895459619),(0.,-0.555572992969586,-0.831467768156293),(0.707105055927037,
-0.392850584054151,-0.587937801549393),(-1.,0.,0.),(0.,0.471426065653825,
-0.881905587136261),(0.00145372782486731,0.574606048177181,-0.818428846066421),
(0.707001278441904,0.40708484269695,-0.578300201563092),(0.00144768422375326,
0.614006620072181,-0.789299546888205),(0.706974144521959,0.433604118475304,
-0.558726254456239),(-1.,0.,0.),(0.,-0.471395709193231,-0.881921813628743),
(0.,-0.471394534371353,-0.881922441581349),(0.707105248078028,-0.333327061688568,
-0.623614655124923),(-1.,0.,0.),(0.,0.382711529235434,-0.923867893905983),
(0.000156086908925833,0.384978830746029,-0.922925390004142),(0.707104574835781,
0.27232508737152,-0.652565833486862),(0.00157501300649712,0.535373963957343,
-0.84461366200804),(0.706991685825028,0.377889017829034,-0.597798165251863),
(0.,0.494238065199389,-0.869326598527829),(0.706982758826022,0.349709084282742,
-0.614718582029918),(0.,0.450988309667376,-0.892529856387498),(0.70700990732264,
0.318767460286915,-0.631287808538912),(-1.,0.,0.),(0.,-0.382683109825589,
-0.923879666111455),(0.,-0.382683916321464,-0.923879332049844),(0.70710536250751,
-0.270598918984773,-0.653282658087137),(-1.,0.,0.),(0.,-0.290289316868743,
-0.95693892830832),(0.,-0.29028956920752,-0.956938851760817),(0.70710516292041,
-0.205266042683525,-0.67665954533454),(-1.,0.,0.),(0.,0.290303709519869,
-0.956934562150936),(-1.,0.,0.),(0.,-0.195090832985642,-0.980785178764936),
(0.,-0.195090215471275,-0.980785301596313),(0.707105457893093,-0.13795018277166,
-0.69352117378712),(-1.,0.,0.),(0.,0.195100047941498,-0.980783345746254),
(-1.42902845907712E-5,0.290086601520959,-0.957000398857706),(0.707105763782067,
0.205112295483646,-0.676705537931832),(0.000168401734029671,0.339426354257597,
-0.940632617803705),(0.706722216194997,0.240036822090332,-0.665526883887651),
(-1.,0.,0.),(0.,-0.0980215086644195,-0.995184296419086),(0.,-0.0980215086644195,
-0.995184296419086),(0.707104845127159,-0.0693111827610383,-0.703703558284284),
(-1.,0.,0.),(0.,0.0980274445836431,-0.99518371173788),(0.,0.0980255624048507,
-0.995183897134198),(0.707105350712285,0.0693147280456522,-0.703702701053516),
(-1.55137500084834E-5,0.242754386767998,-0.970087783380564),(0.706675304230264,
0.171767997270065,-0.686371451551487),(0.,0.195096943610181,-0.980783963263045),
(0.707105527990435,0.137954591974826,-0.693520225255491),(-1.,0.,0.),(0.,
-0.024549691054671,-0.99969861091687),(0.,-0.024549691054671,-0.99969861091687),
(0.706995543472848,-0.0175569688171484,-0.707000038440936),(-1.,0.,0.),
(0.,0.0245481229418048,-0.999698649423932),(0.,0.0245486314563231,-0.999698636936963),
(0.706996136445397,0.0175556077962954,-0.706999479268679),(0.704708046115899,
-0.00211701324447108,-0.709494248034778),(1.,0.,0.),(1.,0.,0.),(0.70470804731145,
0.00211700780658568,-0.709494246863517),(0.704378352716569,0.0162716580637847,
-0.709638196102879),(1.,0.,0.),(1.,0.,0.),(0.70437835104968,-0.0162716493343325,
-0.709638197957575),(0.70477277703428,0.104162721766792,-0.701744583267675),
(1.,0.,0.),(1.,0.,0.),(0.704288713674601,0.0508727342353599,-0.708088534508217),
(0.704772817722665,-0.104162646891342,-0.701744553517763),(1.,0.,0.),(1.,
0.,0.),(0.704288713611345,-0.0508727022286674,-0.708088536870659),(0.705501609552929,
0.169258199247194,-0.688199928004808),(1.,0.,0.),(1.,0.,0.),(0.705501482065052,
-0.169258536362116,-0.688199975786522),(0.706037224383488,0.238572007548196,
-0.666779450042729),(1.,0.,0.),(1.,0.,0.),(0.706037377809777,-0.238571839380824,
-0.666779347753021),(0.706197490085385,0.306206646859245,-0.638374963807573),
(1.,0.,0.),(1.,0.,0.),(0.70619767607388,-0.306206702203537,-0.638374731512366),
(0.706027029981975,0.369028632525636,-0.604436680977494),(1.,0.,0.),(1.,
0.,0.),(0.706027093978996,-0.369028444258147,-0.604436721167721),(0.705774010935043,
0.425875608622838,-0.566138685720018),(1.,0.,0.),(1.,0.,0.),(0.705774190504939,
-0.425875212821227,-0.566138759600129),(0.705654072002541,0.523762047522192,
-0.477206085713073),(1.,0.,0.),(1.,0.,0.),(0.705651454722558,0.477206281667925,
-0.523765395176706),(0.705654326628426,-0.52376179310071,-0.4772059884353),
(1.,0.,0.),(1.,0.,0.),(0.705652085445942,-0.477205841983219,-0.523764946023385),
(0.705779630740599,0.566133157113846,-0.425873644697547),(1.,0.,0.),(1.,
0.,0.),(0.70578003838091,-0.566132696200115,-0.425873581848217),(0.706036753527673,
0.604427968733644,-0.369024299038186),(1.,0.,0.),(1.,0.,0.),(0.706037096361153,
-0.604427787666932,-0.369023939681384),(0.706211063156613,0.6383621900791,
-0.306201973462977),(1.,0.,0.),(1.,0.,0.),(0.70621132284067,-0.638362056289273,
-0.306201653460202),(0.70605406255585,0.666762789973755,-0.238568737798551),
(1.,0.,0.),(1.,0.,0.),(0.706054309525755,-0.666762541281917,-0.23856870193592),
(0.705522099797131,0.688179809354519,-0.169254591354634),(1.,0.,0.),(1.,
0.,0.),(0.705522862958544,-0.688179143352431,-0.169254118110883),(0.704796831022796,
0.701720625773354,-0.104161366852004),(1.,0.,0.),(1.,0.,0.),(0.704797367670981,
-0.701720085179615,-0.104161377580989),(0.704406534302686,0.709610232901904,
-0.016271195179924),(1.,0.,0.),(1.,0.,0.),(0.704316382356547,0.708061150669555,
-0.0508708212700754),(0.704406821167685,-0.709609931460119,-0.0162719226154254),
(1.,0.,0.),(1.,0.,0.),(0.704317302965228,-0.708060276910778,-0.0508702369251423),
(0.704736781074377,0.709465703907376,-0.00211763550608792),(1.,0.,0.),(1.,
0.,0.),(0.704736299440023,-0.709466180062084,-0.00211839554779987),(0.704860260990258,
0.709346186623108,0.),(1.,0.,0.),(0.704860260990258,0.709346186623108,0.),
(1.,0.,0.),(1.,0.,0.),(0.704859551849316,-0.709346891278718,0.),(1.,0.,
0.),(0.704859551849316,-0.709346891278718,0.),(0.707001448902955,-0.0171675428562876,
0.707003696398682),(1.,0.,0.),(1.,0.,0.),(0.707105733885958,-0.06930912349139,
0.703702868053311),(0.707105756295544,0.0693098615422782,0.703702772842837),
(1.,0.,0.),(1.,0.,0.),(0.707001451259351,0.0171673487702751,0.707003698755085),
(0.707001448902955,-0.0171675428562876,0.707003696398682),(1.,0.,0.),(1.,
0.,0.),(0.707105710753709,-0.0693089618725694,0.703702907215565),(0.707105726079968,
0.0693097643490033,0.703702812777387),(1.,0.,0.),(1.,0.,0.),(0.707001448902955,
0.0171675428562876,0.707003696398682),(0.707106039266898,-0.137953536627939,
0.693519913891536),(1.,0.,0.),(1.,0.,0.),(0.707106061155226,-0.137953432080345,
0.693519912370795),(0.707105609937715,-0.2052648366925,0.676659444042728),
(1.,0.,0.),(1.,0.,0.),(0.707105858972379,0.137953812995145,0.693520042743564),
(0.707105691502705,-0.20526514283782,0.676659265938368),(1.,0.,0.),(1.,
0.,0.),(0.707105916211446,0.137953574616832,0.693520031800964),(0.70710598431971,
-0.270600562532299,0.65328130426062),(1.,0.,0.),(1.,0.,0.),(0.707105542753418,
0.205264450328065,0.676659631453592),(0.707105880592682,-0.270600789541496,
0.653281322502616),(1.,0.,0.),(1.,0.,0.),(0.707105554923531,0.205264976177409,
0.676659459219461),(0.707105418476211,-0.33332878407074,0.623613541282985),
(1.,0.,0.),(1.,0.,0.),(0.707105779015194,0.270598907350259,0.65328221208308),
(0.70710531776492,-0.333328025684747,0.623614060843468),(1.,0.,0.),(1.,
0.,0.),(0.70710572641496,0.270598897655745,0.65328227303262),(0.707105499292702,
-0.392847288206275,0.587939470540119),(1.,0.,0.),(1.,0.,0.),(0.707105223543256,
0.333330489281876,0.62361285085616),(0.707105719749717,-0.392846894726165,
0.587939468313911),(1.,0.,0.),(1.,0.,0.),(0.707105281440514,0.333330450883037,
0.623612805732085),(0.707105711007499,-0.448586205956179,0.54660033780306),
(1.,0.,0.),(1.,0.,0.),(0.707105771715423,0.392847250107898,0.587939168357916),
(0.70710583780724,-0.448586488798307,0.546599941645192),(1.,0.,0.),(1.,
0.,0.),(0.70710545950831,0.392848252373763,0.587938874153107),(0.707105646551588,
0.500000803200061,0.500000801413513),(1.,0.,0.),(1.,0.,0.),(0.707105825958413,
0.448585646974231,0.546600647844823),(0.707105803982112,0.500001048407408,
0.500000333566192),(1.,0.,0.),(1.,0.,0.),(0.707105469454648,0.448583805290269,
0.546602620464469),(0.707105502240835,-0.500000776127613,0.500001032571454),
(1.,0.,0.),(1.,0.,0.),(0.707105458922831,0.546601770120234,0.448584858040216),
(0.707105502240835,-0.500000776127613,0.500001032571454),(1.,0.,0.),(1.,
0.,0.),(0.707105217463637,0.546602607335738,0.448584218502475),(0.707105656355477,
-0.587938319564329,0.392848728059494),(1.,0.,0.),(1.,0.,0.),(0.707105469454735,
-0.546600935217222,0.448585858768259),(0.707105526450306,-0.587938840743012,
0.392848181883536),(1.,0.,0.),(1.,0.,0.),(0.707105469454735,-0.546600935217222,
0.448585858768259),(0.707105739785229,-0.623613284099182,0.333328583619553),
(1.,0.,0.),(1.,0.,0.),(0.707105024080416,0.587939345690184,0.392848330414719),
(0.707105325591018,-0.623613590047867,0.333328889879698),(1.,0.,0.),(1.,
0.,0.),(0.707104980384308,0.5879387229546,0.392849341053566),(0.707105509356241,
-0.653282276761417,0.270599455852132),(1.,0.,0.),(1.,0.,0.),(0.707105327916207,
0.623613168660431,0.333329673305288),(0.707105327353995,-0.653282528071708,
0.270599324729086),(1.,0.,0.),(1.,0.,0.),(0.707105610586212,0.623612822026766,
0.333329722169076),(0.707105418533959,-0.676659663440778,0.205264772798766),
(1.,0.,0.),(1.,0.,0.),(0.707105535623142,0.653282297484215,0.270599337184805),
(0.70710538631036,-0.676659975951952,0.205263853602089),(1.,0.,0.),(1.,
0.,0.),(0.707105471187105,0.653281614350881,0.270601154780184),(0.707105271703448,
-0.693521051709485,0.137951750858635),(1.,0.,0.),(1.,0.,0.),(0.707105547806374,
0.676659579157047,0.205264605318244),(0.70710511036995,-0.693521186683332,
0.137951899262185),(1.,0.,0.),(1.,0.,0.),(0.707105385706394,0.676659706219885,
0.205264744862412),(0.707105230687454,-0.703703296088272,0.0693099113326806),
(1.,0.,0.),(1.,0.,0.),(0.707105521254482,0.693520803364032,0.137951720223906),
(0.707104951230867,-0.703703574146893,0.0693099392416461),(1.,0.,0.),(1.,
0.,0.),(0.70710522555587,0.693521513775199,0.13794966445243),(0.707000997860881,
0.707004144530906,0.0171676626201665),(1.,0.,0.),(1.,0.,0.),(0.707105240452791,
0.703703387694981,0.0693088816156202),(0.707001307876396,0.707003840694155,
0.0171674082138093),(1.,0.,0.),(1.,0.,0.),(0.707105240452791,0.703703387694981,
0.0693088816156202),(0.707105376292739,-0.707108186077565,0.),(1.,0.,0.),
(1.,0.,0.),(0.707001170237648,-0.707003979608396,0.0171673556637777),(0.707105095312977,
0.707108467056099,0.),(1.,0.,0.),(1.,0.,0.),(0.707105095312978,-0.707108467056098,
0.),(0.707000889215603,-0.707004260461828,0.0171673625572084),(1.,0.,0.),
(1.,0.,0.),(0.707105657272183,0.707107905099126,0.),(0.707105412341296,
-0.703703080666719,-0.0693102452586615),(1.,0.,0.),(1.,0.,0.),(0.707001167881251,
-0.70700397725199,-0.0171675497498759),(0.707104912592207,0.703703628882399,
-0.0693097777063926),(1.,0.,0.),(1.,0.,0.),(0.707000888037412,0.707004259283635,
-0.0171674595997449),(0.707105110553655,-0.703703480937916,-0.0693092601660404),
(1.,0.,0.),(1.,0.,0.),(0.707000886859205,-0.707004258105419,-0.0171675566433854),
(0.707105171079211,0.703703395892346,-0.0693095061490108),(1.,0.,0.),(1.,
0.,0.),(0.707001450081188,0.707003697576866,-0.0171674458128322),(0.707105332353405,
-0.693520987584989,-0.137951762353807),(1.,0.,0.),(1.,0.,0.),(0.707105105907911,
0.693521168596883,-0.137952013058799),(0.70710522624102,-0.693521063704836,
-0.137951923583361),(1.,0.,0.),(1.,0.,0.),(0.707105039508879,0.693521623771091,
-0.137950065107114),(0.70710540813159,-0.676659925719744,-0.205263944023321),
(1.,0.,0.),(1.,0.,0.),(0.707105185314172,0.676660036776282,-0.205264345495583),
(0.707105286550608,-0.676659796902888,-0.205264787500257),(1.,0.,0.),(1.,
0.,0.),(0.707105292541121,0.676659926261296,-0.20526434043056),(0.707105547794993,
-0.623612881849989,-0.333329743449776),(1.,0.,0.),(1.,0.,0.),(0.707105608002287,
-0.653282227539557,-0.270599316910946),(0.70710518137406,0.653282633452366,
-0.270599451779747),(1.,0.,0.),(1.,0.,0.),(0.707105583020602,-0.623613189352868,
-0.333329093429059),(0.707105348410398,-0.653282807724726,-0.270598594565288),
(1.,0.,0.),(1.,0.,0.),(0.707105545381182,0.653282130829611,-0.270599714024061),
(0.707105177019452,0.623613781012767,-0.333328847781362),(1.,0.,0.),(1.,
0.,0.),(0.707105640547095,0.623612853478208,-0.333329599770631),(0.707105419609067,
-0.587938351500217,-0.392849106394163),(1.,0.,0.),(1.,0.,0.),(0.707105325059325,
0.587938941499652,-0.392848393583346),(0.707105549516901,-0.587938301564457,
-0.39284894730151),(1.,0.,0.),(1.,0.,0.),(0.707105047003946,0.587937172756914,
-0.392851541160468),(0.707105405079935,-0.546602126505036,-0.448584508656858),
(1.,0.,0.),(1.,0.,0.),(0.707105352882834,0.500000953822435,-0.500001066099961),
(0.707105469455316,0.546601777844241,-0.448584832026109),(1.,0.,0.),(1.,
0.,0.),(0.707105405079935,-0.546602126505036,-0.448584508656858),(0.707105693957384,
0.500000881236117,-0.500000656335722),(1.,0.,0.),(1.,0.,0.),(0.70710546945218,
0.546603637243359,-0.448582566338842),(0.707105247245568,-0.44858491062976,
-0.546602000794979),(1.,0.,0.),(1.,0.,0.),(0.707105337030674,-0.500000924121651,
-0.500001118218982),(0.707105328794438,0.448585642134936,-0.546601294968184),
(1.,0.,0.),(1.,0.,0.),(0.707105338779047,-0.448584796499466,-0.546601976048113),
(0.707105337030674,-0.500000924121651,-0.500001118218982),(1.,0.,0.),(1.,
0.,0.),(0.707105294330044,0.448584596059691,-0.546602198045696),(0.707105358736415,
-0.392849216666362,-0.587938351029147),(1.,0.,0.),(1.,0.,0.),(0.707105514840279,
-0.392848715531591,-0.587938498133642),(0.707105643105401,-0.333329962623163,
-0.623612656627604),(1.,0.,0.),(1.,0.,0.),(0.707105609670326,0.392848092045454,
-0.587938800683373),(0.707105553925608,-0.333330056710805,-0.623612707456103),
(1.,0.,0.),(1.,0.,0.),(0.707105695581365,0.392849801987893,-0.587937554808729),
(0.707105576288538,-0.270599575963709,-0.653282154562572),(1.,0.,0.),(1.,
0.,0.),(0.70710522034698,0.333328492485476,-0.623613921794092),(0.707105537669746,
-0.270599556456592,-0.653282204443283),(1.,0.,0.),(1.,0.,0.),(0.707105413804649,
0.333328630373534,-0.623613628732935),(0.707105352761112,-0.2052639867347,
-0.6766599706251),(1.,0.,0.),(1.,0.,0.),(0.707105239597192,0.270600771711303,
-0.653282023695314),(0.707105342847275,-0.20526372448195,-0.676660060538994),
(1.,0.,0.),(1.,0.,0.),(0.707105111599293,0.270599547046125,-0.653282669514953),
(0.70710553611207,-0.137951875505548,-0.693520757327539),(1.,0.,0.),(1.,
0.,0.),(0.707105542287031,0.205265245181313,-0.676659390822014),(0.707105504735823,
-0.137951994914042,-0.693520765566203),(1.,0.,0.),(1.,0.,0.),(0.707105221547163,
0.20526465598723,-0.676659904725543),(0.70710558319758,-0.0693098963134234,
-0.703702943353112),(1.,0.,0.),(1.,0.,0.),(0.707105647650602,0.137951578601863,
-0.69352070266278),(0.707105598478742,-0.0693099913347886,-0.703702918639102),
(1.,0.,0.),(1.,0.,0.),(0.707105529094826,0.137952031539231,-0.693520733444737),
(0.707001054981655,-0.0171675699024697,-0.707004089661772),(1.,0.,0.),(1.,
0.,0.),(0.707105278102548,0.0693091031446264,-0.703703328044429),(0.707001059576524,
-0.0171675252057761,-0.707004086152252),(1.,0.,0.),(1.,0.,0.),(0.707105335932263,
0.0693097238046795,-0.703703208804849),(0.707000886859217,0.0171675566433857,
-0.707004258105407),(1.,0.,0.),(0.707000886859217,0.0171675566433857,-0.707004258105407),
(1.,0.,0.),(1.,0.,0.),(0.707001167881252,-0.0171675497498751,0.707003977251989),
(0.707105317302297,-0.0693090564708258,0.703703293252164),(1.,0.,0.),(1.,
0.,0.),(0.707001113153812,0.0171673859265903,0.707004035957164),(0.707001167881252,
-0.0171675497498751,0.707003977251989),(1.,0.,0.),(1.,0.,0.),(0.707105294170012,
-0.0693088948518611,0.703703332414417),(0.707105224567714,0.0693095801480911,
0.703703334856911),(1.,0.,0.),(1.,0.,0.),(0.707001167881252,0.017167549749873,
0.707003977251989),(0.707105351882776,-0.13795166704831,0.693520986630778),
(1.,0.,0.),(1.,0.,0.),(0.707105404491572,0.0693096138795644,0.703703150740905),
(0.707105373770269,-0.137951562500295,0.693520985110714),(1.,0.,0.),(1.,
0.,0.),(0.707105322586106,-0.205265125696218,0.676659656654152),(0.7071052718033,
0.205264168978613,0.676659999941995),(1.,0.,0.),(1.,0.,0.),(0.707105493564883,
0.1379523524452,0.693520705837395),(0.707105404151257,-0.205265431846103,
0.676659478548199),(1.,0.,0.),(1.,0.,0.),(0.707105387856646,0.137952070146664,
0.693520869769867),(0.707105346462958,-0.270600543151309,0.653282002698464),
(1.,0.,0.),(1.,0.,0.),(0.707105242737607,-0.270600770164685,0.6532820209368),
(0.707105308076121,0.205264745791938,0.676659787061079),(1.,0.,0.),(1.,
0.,0.),(0.707105206084156,-0.333329211251691,0.623613553777505),(0.707105190239624,
0.333329995225409,0.623613152699023),(1.,0.,0.),(1.,0.,0.),(0.707105608002382,
0.27059952724915,0.653282140414169),(0.707105105374175,-0.333328452861619,
0.623614073339157),(1.,0.,0.),(1.,0.,0.),(0.707105342446504,0.270599462286108,
0.653282454757573),(0.707105286135785,-0.392847968485918,0.587939272353291),
(1.,0.,0.),(1.,0.,0.),(0.707105506593082,-0.392847574999301,0.587939270131626),
(0.707105164381004,0.333330116757408,0.623613117059132),(1.,0.,0.),(1.,
0.,0.),(0.707105332726416,-0.448585225466668,0.546601631833353),(0.707105224600922,
0.448584892646029,0.54660204484783),(1.,0.,0.),(1.,0.,0.),(0.707105124480566,
0.39284838285994,0.587939189897776),(0.707105459526649,-0.44858550830866,
0.546601235676493),(1.,0.,0.),(1.,0.,0.),(0.707105014938357,0.392849479697667,
0.587938588757617),(0.707105657363297,0.500000964314064,0.500000625009436),
(1.,0.,0.),(1.,0.,0.),(0.707105469452342,0.448582624864714,0.546603589212573),
(0.707105324396001,-0.500001002161926,0.500001058046776),(1.,0.,0.),(1.,
0.,0.),(0.707105321827356,0.500001001811149,0.500001062030151),(0.707105324396001,
-0.500001002161926,0.500001058046776),(1.,0.,0.),(1.,0.,0.),(0.707105147351187,
0.546602561703274,0.448584384624425),(0.707105491231763,-0.587938670224922,
0.392848500473195),(1.,0.,0.),(1.,0.,0.),(0.707105469455184,-0.546601356531576,
0.448585345396396),(0.707105472288114,0.546601637875127,0.448584998113437),
(1.,0.,0.),(1.,0.,0.),(0.707105361326731,-0.58793919140248,0.392847954297832),
(0.707105469455184,-0.546601356531576,0.448585345396396),(1.,0.,0.),(1.,
0.,0.),(0.707105523349866,-0.62361355993894,0.333328526694601),(0.707105469302442,
0.623613318345434,0.333329093336854),(1.,0.,0.),(1.,0.,0.),(0.70710551421103,
0.587938273153527,0.392849053369872),(0.707105109155632,-0.623613865885799,
0.333328832957744),(1.,0.,0.),(1.,0.,0.),(0.707105431179606,0.587937675739616,
0.392850096910007),(0.707105364147805,-0.653282358356257,0.270599638310711),
(1.,0.,0.),(1.,0.,0.),(0.70710518214616,-0.653282609664728,0.270599507190402),
(0.707105770864509,0.623612958872768,0.333329126144204),(1.,0.,0.),(1.,
0.,0.),(0.70710528576062,-0.676659697150864,0.205265119056046),(0.707105360245806,
0.653282807163823,0.270598564992138),(1.,0.,0.),(1.,0.,0.),(0.707105253538019,
-0.676660009660843,0.205264199861353),(0.707105295810274,0.65328212403193,
0.27060038258915),(1.,0.,0.),(1.,0.,0.),(0.707105320431057,-0.693520926515024,
0.137952130479504),(0.707105334266117,0.693520989101387,0.137951744926393),
(1.,0.,0.),(1.,0.,0.),(0.707105355779212,0.676659730694497,0.205264767275837),
(0.707105159097693,-0.693521061488698,0.137952278883009),(1.,0.,0.),(1.,
0.,0.),(0.707105306901356,0.676659785066677,0.205264756413412),(0.707105250690734,
-0.703703297394742,0.0693096939926971),(1.,0.,0.),(1.,0.,0.),(0.707104971234162,
-0.703703575453372,0.0693097219015837),(0.707105190893922,0.693521525472876,
0.137949783314959),(1.,0.,0.),(1.,0.,0.),(0.707001000440398,0.7070041418916,
0.0171676650828993),(0.707105251927859,0.703703361563789,0.0693090298580313),
(1.,0.,0.),(1.,0.,0.),(0.707001310455871,0.707003838054889,0.0171674106765372),
(0.707105251927859,0.703703361563789,0.0693090298580313),(1.,0.,0.),(1.,
0.,0.),(0.707105376292739,-0.707108186077565,0.),(0.707001169648556,-0.707003979019302,
0.017167404184894),(1.,0.,0.),(1.,0.,0.),(0.707105095312977,0.707108467056099,
0.),(0.707105095312978,-0.707108467056098,0.),(1.,0.,0.),(1.,0.,0.),(0.707000888626511,
-0.707004259872733,0.0171674110783444),(0.707105657272183,0.707107905099126,
0.),(1.,0.,0.),(1.,0.,0.),(0.707105435782831,-0.703703060542319,-0.0693102104292408),
(0.707001168470358,-0.707003977841099,-0.0171675012279404),(1.,0.,0.),(1.,
0.,0.),(0.707104915393228,0.703703631061096,-0.0693097270097432),(0.70700088862651,
0.707004259872735,-0.01716741107834),(1.,0.,0.),(1.,0.,0.),(0.707105133994777,
-0.703703460813932,-0.0693092253363391),(0.707000887448312,-0.707004258694529,
-0.0171675081214302),(1.,0.,0.),(1.,0.,0.),(0.707105472517127,0.703703083178946,
-0.0693096058333605),(0.707001450670285,0.707003698165964,-0.0171673972914667),
(1.,0.,0.),(1.,0.,0.),(0.707105159600377,0.693521489620555,-0.13795012396157),
(0.70710540747264,-0.693520954749583,-0.1379515423842),(1.,0.,0.),(1.,0.,
0.),(0.707105114224314,0.693521111587824,-0.137952257030497),(0.707105301360681,
-0.693521030869343,-0.137951703612331),(1.,0.,0.),(1.,0.,0.),(0.707105170966132,
0.676660168001372,-0.20526396233463),(0.707105499609327,-0.67665982416467,
-0.205263963675269),(1.,0.,0.),(1.,0.,0.),(0.707105162252612,0.676660190663063,
-0.205263917646369),(0.707105378029025,-0.676659695348147,-0.205264807148676),
(1.,0.,0.),(1.,0.,0.),(0.707105481409088,-0.623612969923125,-0.333329719504398),
(0.707105608002409,-0.653282100043653,-0.270599624711673),(1.,0.,0.),(1.,
0.,0.),(0.70710516999594,0.653282580978082,-0.270599608195628),(0.707105516634643,
-0.623613277426,-0.333329069483682),(1.,0.,0.),(1.,0.,0.),(0.70710534841078,
-0.653282680228937,-0.270598902366152),(0.707105159088049,0.623612972302074,
-0.333330398805206),(1.,0.,0.),(1.,0.,0.),(0.7071053484114,0.653282350069632,
-0.27059969943718),(0.70710509336148,0.6236136813802,-0.333329211647716),
(1.,0.,0.),(1.,0.,0.),(0.707105340427137,-0.587938382569739,-0.39284920241831),
(0.707105331825255,0.587939217879801,-0.392847967772754),(1.,0.,0.),(1.,
0.,0.),(0.707105470335065,-0.587938332633955,-0.392849043325589),(0.707105112124065,
0.546603333196107,-0.448583500083227),(1.,0.,0.),(1.,0.,0.),(0.707104890853837,
0.587937714202986,-0.392851011896814),(0.707105435686457,-0.546601663213957,
-0.448585024933292),(1.,0.,0.),(1.,0.,0.),(0.707105314537623,0.500001008718397,
-0.500001065432101),(0.707105469455189,0.546601356531584,-0.44858534539638),
(1.,0.,0.),(1.,0.,0.),(0.707105435686457,-0.546601663213957,-0.448585024933292),
(0.707105655612659,0.500000936131597,-0.500000655667689),(1.,0.,0.),(1.,
0.,0.),(0.707105402536055,-0.448585327485244,-0.546601457800178),(0.707105337030675,
-0.500000972647937,-0.500001069692708),(1.,0.,0.),(1.,0.,0.),(0.707105416973146,
0.448585536504426,-0.546601267585678),(0.707105494069573,-0.448585213354955,
-0.546601433053294),(1.,0.,0.),(1.,0.,0.),(0.707105337030675,-0.500000972647937,
-0.500001069692708),(0.707105289333232,0.448584643270641,-0.546602165764752),
(1.,0.,0.),(1.,0.,0.),(0.707105462454099,-0.392849240409838,-0.587938210424351),
(0.707105618558033,-0.392848739275035,-0.587938357528812),(1.,0.,0.),(1.,
0.,0.),(0.707105371068166,0.392850037805211,-0.587937787527725),(0.707105643105753,
-0.333329174200558,-0.623613078049823),(1.,0.,0.),(1.,0.,0.),(0.707105459815044,
0.392848337670412,-0.587938816790786),(0.707105553926733,-0.333329268285183,
-0.623613128879141),(1.,0.,0.),(1.,0.,0.),(0.707105535089285,-0.27059959012023,
-0.653282193292347),(0.707105130481643,0.333328368056979,-0.623614090199227),
(1.,0.,0.),(1.,0.,0.),(0.707105496471295,-0.270599570609184,-0.653282243173812),
(0.707105271792974,0.270599544624529,-0.653282497126306),(1.,0.,0.),(1.,
0.,0.),(0.707105459140203,0.333328349091088,-0.623613727676301),(0.707105395672308,
-0.20526398609217,-0.676659925978081),(1.,0.,0.),(1.,0.,0.),(0.707105318268018,
0.270600707339299,-0.653281965206874),(0.707105385759022,-0.205263723837358,
-0.676660015892032),(1.,0.,0.),(1.,0.,0.),(0.70710534158187,-0.137951049934388,
-0.693521119886328),(0.707105615874787,0.205265378568978,-0.676659273459894),
(1.,0.,0.),(1.,0.,0.),(0.707105310205972,-0.137951169343098,-0.693521128124722),
(0.707105398527932,0.137952068957965,-0.693520859126004),(1.,0.,0.),(1.,
0.,0.),(0.707105379965032,0.205264696950633,-0.676659726753612),(0.707105303571832,
-0.0693109078261286,-0.703703124703099),(1.,0.,0.),(1.,0.,0.),(0.707105454716506,
0.13795156065186,-0.693520902946609),(0.707105318853344,-0.0693110028442693,
-0.703703099988932),(1.,0.,0.),(1.,0.,0.),(0.707001116459064,-0.0171683525136045,
-0.707004009180715),(0.707105407072993,0.0693099429029072,-0.703703115740532),
(1.,0.,0.),(1.,0.,0.),(0.707001121054213,-0.0171683078143847,-0.707004005671026),
(0.707105464903273,0.0693105635736632,-0.703702996498543),(1.,0.,0.),(1.,
0.,0.),(0.707001167881258,0.0171675497498728,-0.707003977251983),(1.,0.,
0.),(0.707001167881258,0.0171675497498728,-0.707003977251983),(0.70700019736792,
0.0171666151492207,0.707004970453561),(1.,0.,0.),(1.,0.,0.),(0.707105222978263,
-0.0693083575801603,0.703703456866883),(0.707000890371071,-0.0171672673864004,
0.70700426161728),(1.,0.,0.),(1.,0.,0.),(0.70710540179337,-0.137950704154266,
0.69352112727586),(0.707103628669962,0.0693090605913055,0.703704989638218),
(1.,0.,0.),(1.,0.,0.),(0.707103635169842,0.137951714450622,0.693522727536545),
(0.707105381166688,-0.205265242679663,0.676659559950772),(1.,0.,0.),(1.,
0.,0.),(0.707103568981326,0.205264653141239,0.676661632505256),(0.707105271220633,
-0.270601227635497,0.653281800614525),(1.,0.,0.),(1.,0.,0.),(0.707103860422078,
0.270600086817056,0.653283800190083),(0.707104821368763,-0.333330737803756,
0.623613174036801),(1.,0.,0.),(1.,0.,0.),(0.70710419619061,0.333329806053118,
0.623614380948854),(0.707104525103611,-0.392848628760659,0.587939746452701),
(1.,0.,0.),(0.707104170564129,0.392850658338331,0.587938816726669),(1.,
0.,0.),(0.707104803694623,-0.448584715384933,0.546602734822107),(1.,0.,
0.),(1.,0.,0.),(0.70710420678414,0.448587144101756,0.54660151380581),(0.707104740828429,
-0.500001425946417,0.500001459547379),(1.,0.,0.),(0.707104799477911,0.499999273126282,
0.500003529416036),(1.,0.,0.),(0.707104684610497,-0.546602078464166,0.448585702871305),
(1.,0.,0.),(1.,0.,0.),(0.707104887573035,0.546602104843965,0.448585350797898),
(0.707104554376387,-0.587939326783958,0.392849204149631),(1.,0.,0.),(1.,
0.,0.),(0.707104641059993,0.587940496103385,0.392847298111015),(0.707104289208502,
-0.623614327273018,0.333329709151105),(1.,0.,0.),(1.,0.,0.),(0.70710514999872,
0.623611872595041,0.333332475471252),(0.707104069006657,-0.653283667555288,
0.270599861972877),(1.,0.,0.),(1.,0.,0.),(0.70710525480787,0.653283222970885,
0.270597836665169),(0.707103799620182,-0.676661386048422,0.205264671080361),
(1.,0.,0.),(1.,0.,0.),(0.707104973667763,0.676661303933541,0.205260897331351),
(0.707103754111985,-0.693522393742131,0.137952782860377),(1.,0.,0.),(1.,
0.,0.),(0.707105320048403,0.693520385504641,0.137954852211654),(0.707103842028888,
-0.703704678130041,0.0693100466446321),(1.,0.,0.),(1.,0.,0.),(0.707001654841092,
0.707003492858443,0.0171674441289038),(0.707106033856977,0.70370223106033,
0.069312530496082),(1.,0.,0.),(1.,0.,0.),(0.707000439182889,-0.707004732404579,
0.0171664601106782),(0.707105376292739,-0.707108186077565,0.),(1.,0.,0.),
(1.,0.,0.),(0.707105657272183,0.707107905099126,0.),(0.707105437578268,
-0.703703139458116,-0.0693093908791451),(1.,0.,0.),(1.,0.,0.),(0.707001171393112,
-0.707003980763852,-0.0171672604930059),(0.707000390726431,0.707004791257842,
-0.0171660318981752),(1.,0.,0.),(1.,0.,0.),(0.70710341013476,0.703704794035643,
-0.0693132759797676),(0.707102956917677,0.693523378302974,-0.137951919397697),
(1.,0.,0.),(1.,0.,0.),(0.707105468111046,-0.6935208429827,-0.137951793449829),
(0.707103328536574,0.6766619061733,-0.205264579278582),(1.,0.,0.),(1.,0.,
0.),(0.707105437343536,-0.676659838391913,-0.205264131271485),(0.707103568918168,
0.653283115580003,-0.270602501321171),(1.,0.,0.),(1.,0.,0.),(0.707105605539334,
-0.623613422224542,-0.333328609987572),(0.707105563464042,-0.653282333743875,
-0.270599176895193),(1.,0.,0.),(1.,0.,0.),(0.707104526369815,0.623615119649829,
-0.333327723616635),(0.707104234756965,0.587938353750254,-0.392851235683697),
(1.,0.,0.),(1.,0.,0.),(0.707105544560281,-0.587937858905155,-0.392849618706867),
(0.707103709404529,0.54660249768573,-0.448586729262109),(1.,0.,0.),(1.,
0.,0.),(0.707105412673167,-0.54660124071968,-0.448585576018686),(0.707104262144362,
0.500001668501202,-0.500001893949705),(1.,0.,0.),(1.,0.,0.),(0.707105547226268,
-0.448583816904541,-0.546602510324637),(0.707105734395607,-0.500000673170378,
-0.500000807213367),(1.,0.,0.),(1.,0.,0.),(0.707104178973168,0.448585651939231,
-0.546602774373619),(0.707105143772258,-0.39284878110462,-0.587938900597187),
(1.,0.,0.),(1.,0.,0.),(0.707104482477987,0.392851711727407,-0.587937737734519),
(0.707104975366824,-0.333329684354015,-0.623613562504806),(1.,0.,0.),(1.,
0.,0.),(0.707104754625175,0.333329023588947,-0.623614165987039),(0.707105242308255,
-0.270600429695748,-0.653282162429574),(1.,0.,0.),(1.,0.,0.),(0.707105346938965,
-0.205264600681684,-0.676659790468826),(0.707104454921978,0.27059905921483,
-0.653283582360326),(1.,0.,0.),(1.,0.,0.),(0.707105229293792,-0.137951404819286,
-0.693521163782158),(0.707104788667846,0.205265554763113,-0.676660084437372),
(1.,0.,0.),(1.,0.,0.),(0.707105296659085,-0.0693087548169823,-0.70370334370556),
(0.707105135741467,0.137950706969942,-0.693521397978847),(1.,0.,0.),(1.,
0.,0.),(0.707000741372502,-0.0171675030871983,-0.707004404891853),(0.707104855376344,
0.0693085469195332,-0.703703807597417),(1.,0.,0.),(1.,0.,0.),(0.707000328325974,
0.0171672811732107,-0.707004823324484),(0.704609914921925,0.709591251186939,
0.00226363262725793),(1.,0.,0.),(1.,0.,0.),(0.704860260990258,0.709346186623108,
0.),(0.704736301550597,-0.709466177949801,0.00211840083233956),(1.,0.,0.),
(1.,0.,0.),(0.704859551849316,-0.709346891278718,0.),(0.704082583391303,
0.709932281963032,0.0162441002148791),(1.,0.,0.),(1.,0.,0.),(0.704406831941904,
-0.709609921809345,0.0162718770676853),(0.704687406614027,0.701842464641371,
0.104080804117396),(1.,0.,0.),(1.,0.,0.),(0.704048260489066,0.708326350845543,
0.0508903487918552),(0.704797367670984,-0.701720085179613,0.104161377580982),
(1.,0.,0.),(1.,0.,0.),(0.704317302858104,-0.708060280998054,0.0508701815176821),
(0.705290440724907,0.688374256141196,0.169429270505785),(1.,0.,0.),(1.,
0.,0.),(0.705522095739156,-0.688179781753423,0.169254720494407),(0.705839961850964,
0.666987310009308,0.238574677073608),(1.,0.,0.),(1.,0.,0.),(0.706054070611479,
-0.666762896249318,0.238568416933553),(0.706139908482242,0.638449434658398,
0.306184175020628),(1.,0.,0.),(1.,0.,0.),(0.706210910696002,-0.63836234359372,
0.306202005048069),(0.705833797386476,0.604544021523221,0.369222394374339),
(1.,0.,0.),(1.,0.,0.),(0.706036491818364,-0.604428191006158,0.369024435692057),
(0.705552003334559,0.566364735026361,0.425942904048312),(1.,0.,0.),(1.,
0.,0.),(0.705779293355962,-0.566133333759748,0.425873969004954),(0.705614820236615,
0.477254115113009,0.523771166703694),(1.,0.,0.),(1.,0.,0.),(0.705563509655528,
0.523828308885768,0.477267259145701),(0.705653490736196,-0.523762430546174,
0.477206524850809),(1.,0.,0.),(1.,0.,0.),(0.705658600683125,0.42589488729691,
0.566268032168766),(0.705773801678399,-0.425875719190066,0.566138863414944),
(1.,0.,0.),(1.,0.,0.),(0.705651323812865,-0.47720637946503,0.523765482443267),
(0.705895628119493,0.369145674385041,0.604518679020426),(1.,0.,0.),(1.,
0.,0.),(0.706027096099326,-0.369027452582998,0.604437324140109),(0.706136916687584,
0.306188526227329,0.63845065690129),(1.,0.,0.),(1.,0.,0.),(0.706197227295927,
-0.306206393364757,0.638375376108832),(0.70585908457883,0.238588254350847,
0.66696221602378),(1.,0.,0.),(1.,0.,0.),(0.706036049876572,-0.238573664245721,
0.666780100935126),(0.70532779810369,0.16940107398254,0.688342918432203),
(1.,0.,0.),(1.,0.,0.),(0.705500383076066,-0.169258784953199,0.688201041263155),
(0.704675013749439,0.104060277603917,0.701857951171192),(1.,0.,0.),(1.,
0.,0.),(0.704772032316273,-0.104162938180534,0.701745299075376),(0.704124906335448,
0.0162993692178711,0.709889038400507),(1.,0.,0.),(1.,0.,0.),(0.703998951596876,
0.0508937594216949,0.708375113483263),(0.704377214432812,-0.0162716751690281,
0.709639325555642),(1.,0.,0.),(1.,0.,0.),(0.704287579178741,-0.0508727804099915,
0.708089659596796),(0.704622406916607,0.00221426035020668,0.709579002452968),
(1.,0.,0.),(1.,0.,0.),(0.704706910760061,-0.00211701676917212,0.709495375719257)),
$,(103,103,103,99,99,99,104,104,104,377,377,377,412,412,399,399,399,100,
100,100,407,407,375,375,375,397,397,397,113,113,109,109,109,107,107,107,
291,291,291,96,96,96,4,4,4,3,3,289,289,289,115,115,119,119,293,293,111,
111,292,292,2,2,91,91,285,285,94,94,287,287,117,117,124,124,294,294,1,1,
89,89,283,283,125,125,128,128,296,296,121,121,295,295,12,12,83,83,279,279,
86,86,281,281,130,130,298,298,297,297,11,11,275,275,277,277,131,131,134,
134,355,355,299,299,10,10,79,79,353,353,273,273,137,137,357,357,356,356,
9,9,349,349,351,351,135,135,141,141,359,359,358,358,8,8,76,76,345,345,347,
347,139,139,143,143,361,361,360,360,7,7,74,74,341,341,343,343,148,148,363,
363,362,362,6,6,337,337,339,339,145,145,152,152,365,365,364,364,5,5,69,
69,333,333,335,335,155,155,18,18,820,820,820,1447,1447,804,804,804,1089,
1089,1449,1449,1075,1075,1451,1451,1050,1050,1452,1452,1039,1039,1456,1456,
1454,1454,1035,1035,1037,1037,149,149,161,161,367,367,367,366,366,17,17,
67,67,329,329,329,331,331,1458,1458,1034,1034,500,500,500,496,496,496,1462,
1462,1460,1460,1029,1029,1031,1031,153,153,169,169,370,370,370,16,16,64,
64,323,323,323,1464,1464,1028,1028,157,157,175,175,372,372,371,371,15,15,
60,60,319,319,321,321,1466,1466,1025,1025,159,159,183,183,301,301,300,300,
14,14,58,58,269,269,271,271,1468,1468,1023,1023,186,186,303,303,302,302,
13,13,265,265,267,267,163,163,188,188,305,305,304,304,24,24,55,55,261,261,
263,263,167,167,190,190,307,307,306,306,23,23,51,51,257,257,259,259,1470,
1470,1021,1021,191,191,309,309,308,308,22,22,253,253,255,255,1472,1472,
1019,1019,171,171,193,193,311,311,310,310,21,21,48,48,249,249,251,251,195,
195,313,313,312,312,20,20,245,245,247,247,1474,1474,1017,1017,198,198,315,
315,314,314,19,19,241,241,243,243,173,173,1478,1478,1476,1476,46,46,1013,
1013,1015,1015,200,200,317,317,316,316,29,29,237,237,238,238,177,177,1480,
1480,43,43,993,993,179,179,1482,1482,42,42,1010,1010,201,201,201,318,318,
318,27,27,27,235,235,235,181,181,181,861,861,861,39,39,39,763,763,763,203,
203,203,204,204,204,165,165,165,379,379,379,380,380,380,166,166,166,492,
492,492,404,404,404,410,410,417,417,430,430,440,440,452,452,462,462,491,
491,491,26,26,26,53,53,53,25,25,25,373,373,373,54,54,54,490,490,490,401,
401,401,413,413,421,421,427,427,437,437,449,449,459,459,489,489,489,374,
374,374,406,406,406,414,414,422,422,428,428,438,438,450,450,460,460,403,
403,403,409,409,418,418,429,429,439,439,451,451,461,461,202,202,202,182,
182,182,180,180,226,226,226,199,199,862,862,862,41,41,40,40,40,28,28,28,
236,236,236,764,764,764,30,30,178,178,1483,1483,44,44,1011,1011,174,174,
197,197,385,385,47,47,31,31,239,239,1481,1481,1012,1012,172,172,1479,1479,
49,49,1014,1014,196,196,394,394,386,386,32,32,242,242,240,240,194,194,192,
192,168,168,1475,1475,1477,1477,33,33,52,52,34,34,1018,1018,1016,1016,246,
246,244,244,234,234,393,393,189,189,187,187,164,164,1473,1473,35,35,56,
56,36,36,1020,1020,250,250,248,248,224,224,233,233,233,254,254,252,252,
216,216,222,222,222,222,185,185,160,160,1471,1471,59,59,37,37,1022,1022,
211,211,215,215,215,258,258,256,256,184,184,176,176,158,158,1469,1469,38,
38,61,61,45,45,1024,1024,217,217,212,212,212,262,262,260,260,223,223,218,
218,218,218,266,266,264,264,170,170,154,154,63,63,50,50,270,270,268,268,
229,229,225,225,225,225,162,162,150,150,1467,1467,66,66,57,57,1026,1026,
320,320,272,272,389,389,230,230,230,156,156,146,146,1465,1465,70,70,62,
62,1027,1027,324,324,324,322,322,392,392,392,390,390,147,147,140,140,1463,
1463,151,151,73,73,68,68,1030,1030,65,65,330,330,330,381,381,381,142,142,
136,136,1459,1459,144,144,1461,1461,77,77,72,72,1033,1033,71,71,1032,1032,
138,138,132,132,80,80,75,75,105,105,105,101,101,101,102,102,102,497,497,
497,106,106,106,408,408,501,501,501,411,411,129,129,126,126,1457,1457,133,
133,84,84,81,81,1036,1036,78,78,227,227,228,228,228,334,334,332,332,123,
123,122,122,1453,1453,127,127,1455,1455,87,87,85,85,1040,1040,82,82,1038,
1038,118,118,1003,1003,90,90,994,994,120,120,116,116,1450,1450,92,92,88,
88,1076,1076,114,114,112,112,1448,1448,95,95,93,93,1090,1090,108,108,108,
821,821,821,110,110,110,219,219,219,97,97,97,805,805,805,98,98,98,290,290,
290,213,213,214,214,214,338,338,336,336,342,342,340,340,207,207,208,208,
208,346,346,344,344,206,206,205,205,205,350,350,348,348,210,210,209,209,
209,221,221,220,220,220,220,354,354,352,352,232,232,231,231,231,276,276,
274,274,388,388,387,387,280,280,278,278,395,395,396,396,284,284,282,282,
286,286,384,384,288,288,383,383,378,378,378,400,400,400,376,376,376,398,
398,398,683,683,687,687,687,685,685,690,690,690,678,678,680,680,616,616,
611,611,614,614,693,693,692,692,620,620,619,619,607,607,609,609,580,580,
580,674,674,676,676,624,624,622,622,603,603,605,605,638,638,638,697,697,
695,695,600,600,601,601,593,593,595,595,627,627,626,626,629,629,581,581,
579,579,579,572,572,573,573,573,569,569,583,583,566,566,568,568,587,587,
585,585,563,563,589,589,589,559,559,561,561,594,594,594,591,591,672,672,
557,557,675,675,596,596,668,668,670,670,679,679,677,677,664,664,666,666,
682,682,681,681,660,660,662,662,686,686,684,684,689,689,688,688,656,656,
658,658,652,652,654,654,694,694,691,691,649,649,650,650,698,698,696,696,
327,327,325,325,369,369,368,368,646,646,700,700,642,642,645,645,702,702,
701,701,553,553,556,556,599,599,597,597,604,604,602,602,549,549,551,551,
545,545,547,547,608,608,606,606,541,541,543,543,612,612,610,610,537,537,
539,539,615,615,613,613,533,533,536,536,618,618,617,617,531,531,531,623,
623,621,621,527,527,527,625,625,525,525,628,628,523,523,630,630,519,519,
521,521,634,634,632,632,517,517,636,636,637,637,637,515,515,515,405,405,
402,402,518,518,516,516,516,520,520,524,524,522,522,526,526,528,528,530,
530,534,534,532,532,538,538,535,535,542,542,540,540,546,546,544,544,550,
550,548,548,554,554,552,552,643,643,555,555,326,326,328,328,647,647,644,
644,648,648,653,653,651,651,657,657,655,655,661,661,659,659,665,665,663,
663,669,669,667,667,673,673,671,671,560,560,560,558,558,564,564,564,562,
562,565,565,570,570,567,567,571,571,574,574,574,382,382,391,391,699,699,
584,584,582,582,633,633,635,635,590,590,592,592,588,588,704,704,598,598,
703,703,631,631,586,586,416,415,426,426,419,419,424,423,425,425,420,420,
435,435,436,436,433,434,432,432,431,431,445,445,444,444,446,446,443,443,
441,442,448,447,454,454,453,453,455,455,456,456,457,458,465,465,464,464,
466,466,463,463,487,487,487,473,473,467,494,494,494,474,474,468,470,470,
493,493,493,469,469,488,488,488,471,471,476,476,499,499,499,472,472,475,
475,498,498,498,495,495,495,502,502,502,480,480,478,479,479,477,486,486,
483,483,485,485,484,484,481,481,482,482,507,507,507,503,503,506,506,506,
504,504,511,511,511,810,810,810,509,509,509,505,505,505,508,508,508,510,
510,510,815,815,815,512,512,512,814,814,814,811,811,811,964,964,964,864,
864,864,922,922,922,760,760,760,921,921,921,865,865,865,963,963,963,961,
961,961,962,962,962,761,761,761,639,639,639,640,640,640,513,513,513,514,
514,514,575,575,575,577,577,577,576,576,576,578,578,578,809,809,809,813,
813,813,819,819,819,803,803,803,825,825,799,799,830,830,795,795,834,834,
791,791,836,836,789,789,839,839,785,785,842,842,784,784,844,844,781,781,
847,847,777,777,849,849,775,775,851,851,773,773,855,855,769,769,860,860,
765,765,868,868,757,757,872,872,753,753,874,874,751,751,876,876,749,749,
880,880,745,745,882,882,743,743,884,884,741,741,886,886,739,739,890,890,
735,735,529,529,892,892,733,733,894,894,731,731,895,895,729,729,897,897,
897,727,727,727,900,900,899,899,899,725,725,724,724,724,901,901,901,726,
726,726,898,898,898,728,728,728,896,896,730,730,893,893,732,732,891,891,
734,734,889,889,736,736,740,740,885,885,742,742,883,883,881,881,744,744,
879,879,746,746,875,875,750,750,873,873,752,752,754,754,871,871,758,758,
867,867,859,859,766,766,856,856,770,770,852,852,774,774,776,776,850,850,
778,778,641,641,848,848,782,782,843,843,783,783,841,841,840,840,786,786,
835,835,790,790,833,833,792,792,796,796,829,829,800,800,826,826,806,806,
806,822,822,822,816,816,816,812,812,812,817,817,807,807,755,755,1683,1683,
827,827,823,823,2111,2111,903,903,2108,2108,801,801,797,797,1643,1643,787,
787,2113,2113,1559,1559,837,837,831,831,2117,2117,854,854,2115,2115,793,
793,1555,1555,1557,1557,2121,2121,2119,2119,1551,1551,1553,1553,846,846,
2125,2125,2123,2123,779,779,771,771,1547,1547,1549,1549,2129,2129,2127,
2127,1543,1543,1545,1545,870,870,858,858,2133,2133,878,878,2131,2131,767,
767,1539,1539,1541,1541,2137,2137,2135,2135,1535,1535,1537,1537,2141,2141,
2139,2139,747,747,737,737,1531,1531,718,718,710,710,705,705,1533,1533,888,
888,2143,2143,1529,1529,2147,2147,2146,2146,722,722,1525,1525,1527,1527,
907,907,905,905,2151,2151,910,910,918,918,2150,2150,720,720,1521,1521,1523,
1523,2155,2155,2154,2154,1517,1517,1519,1519,1150,1150,909,909,2159,2159,
2157,2157,716,716,714,714,1513,1513,1515,1515,2163,2163,2162,2162,1509,
1509,1511,1511,914,914,912,912,2167,2167,2166,2166,712,712,1505,1505,1507,
1507,2171,2171,2170,2170,1501,1501,1503,1503,917,917,2175,2175,2174,2174,
708,708,1497,1497,1499,1499,2177,2177,1495,1495,863,863,919,919,1004,1004,
759,759,1005,1005,706,706,1006,1006,1491,1491,2178,2178,1493,1493,920,920,
2179,2179,707,707,1494,1494,866,866,762,762,915,915,916,916,2176,2176,869,
869,709,709,711,711,1496,1496,756,756,1488,1488,1009,1009,2173,2173,1498,
1498,911,911,913,913,2169,2169,906,906,2172,2172,713,713,715,715,1502,1502,
719,719,1500,1500,2165,2165,2168,2168,1506,1506,1504,1504,908,908,2161,
2161,2164,2164,717,717,1510,1510,1508,1508,2158,2158,2160,2160,1514,1514,
1512,1512,902,902,904,904,2153,2153,887,887,2156,2156,721,721,723,723,1518,
1518,738,738,1516,1516,2149,2149,2152,2152,1522,1522,1520,1520,2145,2145,
2148,2148,1526,1526,1524,1524,877,877,2144,2144,748,748,1528,1528,2140,
2140,2142,2142,1532,1532,1530,1530,808,808,853,853,857,857,2136,2136,838,
838,818,818,2138,2138,768,768,772,772,1536,1536,788,788,1534,1534,2132,
2132,2134,2134,1540,1540,1538,1538,845,845,2128,2128,2130,2130,780,780,
1544,1544,1542,1542,2124,2124,2126,2126,1548,1548,1546,1546,828,828,832,
832,2120,2120,2122,2122,794,794,798,798,1552,1552,1550,1550,2116,2116,2118,
2118,1556,1556,1554,1554,824,824,2112,2112,2114,2114,802,802,1560,1560,
1558,1558,2110,2110,1644,1644,2109,2109,1684,1684,923,923,1007,1007,1007,
929,929,925,925,1115,1115,930,930,924,924,1492,1492,927,927,1117,1117,1119,
1119,933,933,931,931,1121,1121,937,937,941,941,949,949,955,955,1123,1123,
935,935,1125,1125,1127,1127,939,939,1129,1129,1133,1133,1131,1131,945,945,
943,943,1135,1135,1137,1137,947,947,1139,1139,1141,1141,953,953,951,951,
1143,1143,1145,1145,1147,1147,956,956,1148,1148,950,950,954,954,1149,1149,
952,952,1146,1146,1144,1144,946,946,948,948,1142,1142,942,942,938,938,1140,
1140,944,944,1138,1138,1136,1136,940,940,1134,1134,1130,1130,1132,1132,
934,934,936,936,1128,1128,1126,1126,932,932,1124,1124,1122,1122,926,926,
928,928,1120,1120,1118,1118,1116,1116,1008,1008,1008,957,957,957,959,959,
959,981,981,981,1484,1484,1484,1487,1487,975,975,975,973,973,973,982,982,
982,1490,1490,1490,1489,1489,1489,958,958,958,960,960,960,983,983,983,976,
976,976,974,974,974,984,984,984,1485,1485,1485,1486,1486,970,970,970,965,
965,965,971,971,971,997,997,997,978,978,978,977,977,977,966,966,966,1331,
1331,1332,1332,1332,972,972,972,967,967,967,969,969,969,1333,1333,1333,
980,980,980,979,979,979,968,968,968,1334,1334,998,998,998,1428,1428,999,
999,999,1429,1429,1429,1431,1431,1430,1430,1430,1000,1000,1000,985,985,
985,989,989,989,1443,1443,1443,986,986,986,990,990,990,1001,1001,1001,987,
987,987,991,991,991,1002,1002,1002,988,988,988,992,992,992,1446,1446,1446,
1444,1444,1445,1445,1187,1187,1111,1111,1151,1151,1335,1335,1325,1325,1042,
1042,1109,1109,1105,1105,1101,1101,1097,1097,1093,1093,1087,1087,1083,1083,
1079,1079,1073,1073,1069,1069,1065,1065,1061,1061,1057,1057,1053,1053,1048,
1048,1041,1041,1341,1341,1345,1345,1349,1349,1353,1353,1357,1357,1361,1361,
1365,1365,1369,1369,1373,1373,1377,1377,1381,1381,1385,1385,1389,1389,1395,
1395,1399,1399,1401,1401,1046,1046,1051,1051,1967,1967,1973,1973,1193,1193,
1321,1321,1965,1965,1749,1749,1755,1755,1685,1685,1977,1977,1317,1317,1961,
1961,1197,1197,1759,1759,1681,1681,1313,1313,1955,1955,1959,1959,1675,1675,
1679,1679,1983,1983,1981,1981,1201,1201,1765,1765,1761,1761,1309,1309,1947,
1947,1953,1953,1667,1667,1673,1673,1989,1989,1985,1985,1205,1205,1771,1771,
1769,1769,1305,1305,1939,1939,1943,1943,1659,1659,1665,1665,1995,1995,1991,
1991,1209,1209,1777,1777,1773,1773,1301,1301,1931,1931,1935,1935,1651,1651,
1655,1655,2001,2001,1999,1999,1213,1213,1783,1783,1781,1781,1297,1297,1923,
1923,1927,1927,1641,1641,1647,1647,2007,2007,2003,2003,1217,1217,1789,1789,
1785,1785,1293,1293,1915,1915,1919,1919,1633,1633,1637,1637,2013,2013,2009,
2009,1221,1221,1795,1795,1791,1791,1289,1289,1907,1907,1911,1911,1625,1625,
1629,1629,2019,2019,2015,2015,1225,1225,1801,1801,1797,1797,1285,1285,1899,
1899,1903,1903,1617,1617,1621,1621,2025,2025,2021,2021,1229,1229,1807,1807,
1805,1805,1281,1281,1891,1891,1895,1895,1609,1609,1613,1613,2031,2031,2027,
2027,1233,1233,1813,1813,1809,1809,1277,1277,1883,1883,1889,1889,1601,1601,
1605,1605,2037,2037,2033,2033,1237,1237,1819,1819,1815,1815,1273,1273,1875,
1875,1879,1879,1593,1593,1597,1597,2043,2043,2039,2039,1241,1241,1825,1825,
1821,1821,1269,1269,1867,1867,1871,1871,1585,1585,1589,1589,2051,2051,2049,
2049,1245,1245,1831,1831,1827,1827,1265,1265,1859,1859,1863,1863,1577,1577,
1581,1581,2057,2057,2053,2053,1249,1249,1837,1837,1833,1833,1257,1257,1849,
1849,1857,1857,1567,1567,1573,1573,2059,2059,1251,1251,1839,1839,1402,1402,
1252,1252,1258,1258,1843,1843,1561,1561,1403,1403,2060,2060,1253,1253,1259,
1259,1844,1844,1840,1840,1397,1397,2054,2054,1263,1263,1247,1247,1834,1834,
1562,1562,1267,1267,1847,1847,1565,1565,1393,1393,1243,1243,1271,1271,1853,
1853,1850,1850,1055,1055,1571,1571,1568,1568,1387,1387,2047,2047,1239,1239,
1828,1828,1275,1275,1861,1861,1855,1855,1059,1059,1579,1579,1574,1574,1383,
1383,2040,2040,1235,1235,1822,1822,1279,1279,1869,1869,1864,1864,1063,1063,
1587,1587,1582,1582,1379,1379,2029,2029,2034,2034,1231,1231,1810,1810,1816,
1816,1227,1227,1283,1283,1877,1877,1872,1872,1067,1067,1595,1595,1590,1590,
1375,1375,1223,1223,1287,1287,1885,1885,1880,1880,1071,1071,1603,1603,1598,
1598,1371,1371,2022,2022,1803,1803,1219,1219,1291,1291,1893,1893,1887,1887,
1077,1077,1611,1611,1606,1606,1367,1367,2016,2016,1798,1798,1215,1215,1295,
1295,1901,1901,1896,1896,1081,1081,1619,1619,1614,1614,1363,1363,2004,2004,
2010,2010,1786,1786,1792,1792,1211,1211,1299,1299,1909,1909,1904,1904,1085,
1085,1627,1627,1622,1622,1359,1359,1997,1997,1779,1779,1207,1207,1303,1303,
1917,1917,1912,1912,1091,1091,1635,1635,1630,1630,1355,1355,1992,1992,1775,
1775,1203,1203,1307,1307,1925,1925,1920,1920,1095,1095,1645,1645,1638,1638,
1351,1351,1986,1986,1767,1767,1199,1199,1311,1311,1933,1933,1929,1929,1099,
1099,1653,1653,1648,1648,1347,1347,1979,1979,1762,1762,1343,1343,1975,1975,
1195,1195,1315,1315,1941,1941,1936,1936,1757,1757,1103,1103,1661,1661,1656,
1656,1339,1339,1971,1971,1191,1191,1319,1319,1949,1949,1944,1944,1753,1753,
1107,1107,1669,1669,1663,1663,1336,1336,1968,1968,1188,1188,1323,1323,1957,
1957,1951,1951,1750,1750,1112,1112,1677,1677,1671,1671,1963,1963,1152,1152,
1153,1327,1686,1686,1113,1113,1189,1189,1194,1194,1110,1110,1106,1106,1102,
1102,1098,1098,1094,1094,1088,1088,1084,1084,1080,1080,1074,1074,1070,1070,
1066,1066,1062,1062,1058,1058,1054,1054,1049,1049,1043,1043,1337,1337,1328,
1328,1342,1342,1346,1346,1350,1350,1354,1354,1358,1358,1362,1362,1366,1366,
1370,1370,1374,1374,1378,1378,1382,1382,1386,1386,1390,1390,1396,1396,1400,
1400,1404,1404,1969,1969,1974,1974,1324,1324,1966,1966,1322,1322,1751,1751,
1756,1756,1687,1687,1978,1978,1318,1318,1962,1962,1198,1198,1760,1760,1682,
1682,1314,1314,1948,1948,1960,1960,1956,1956,1954,1954,1676,1676,1680,1680,
1984,1984,1982,1982,1202,1202,1766,1766,1763,1763,1310,1310,1668,1668,1674,
1674,1990,1990,1987,1987,1206,1206,1772,1772,1770,1770,1306,1306,1940,1940,
1945,1945,1660,1660,1666,1666,1996,1996,1993,1993,1210,1210,1778,1778,1774,
1774,1302,1302,1932,1932,1937,1937,1652,1652,1657,1657,2002,2002,2000,2000,
1214,1214,1784,1784,1782,1782,1298,1298,1924,1924,1928,1928,1642,1642,1649,
1649,2008,2008,2005,2005,1218,1218,1790,1790,1787,1787,1294,1294,1916,1916,
1921,1921,1634,1634,1639,1639,2014,2014,2011,2011,1222,1222,1796,1796,1793,
1793,1290,1290,1908,1908,1913,1913,1626,1626,1631,1631,2020,2020,2017,2017,
1226,1226,1802,1802,1799,1799,1286,1286,1900,1900,1905,1905,1618,1618,1623,
1623,2026,2026,2023,2023,1230,1230,1808,1808,1806,1806,1282,1282,1892,1892,
1897,1897,1610,1610,1615,1615,2032,2032,2028,2028,1234,1234,1814,1814,1811,
1811,1278,1278,1884,1884,1890,1890,1602,1602,1607,1607,2038,2038,2035,2035,
1238,1238,1820,1820,1817,1817,1274,1274,1876,1876,1881,1881,1594,1594,1599,
1599,2044,2044,2041,2041,1242,1242,1826,1826,1823,1823,1270,1270,1868,1868,
1873,1873,1586,1586,1591,1591,2052,2052,2050,2050,1246,1246,1832,1832,1829,
1829,1266,1266,1860,1860,1865,1865,1578,1578,1583,1583,2058,2058,2055,2055,
1250,1250,1838,1838,1835,1835,1260,1260,1851,1851,1858,1858,1569,1569,1575,
1575,2061,2061,1254,1254,1841,1841,1405,1405,2062,2062,1255,1255,1261,1261,
1845,1845,1044,1044,1563,1563,1256,1256,1262,1262,1846,1846,1842,1842,1045,
1045,1564,1564,1398,1398,2056,2056,1264,1264,1248,1248,1836,1836,1047,1047,
1268,1268,1848,1848,1052,1052,1566,1566,1394,1394,1244,1244,1272,1272,1854,
1854,1852,1852,1056,1056,1572,1572,1570,1570,1388,1388,2048,2048,1240,1240,
1830,1830,1276,1276,1862,1862,1856,1856,1060,1060,1580,1580,1576,1576,1384,
1384,2042,2042,1236,1236,1824,1824,1280,1280,1870,1870,1866,1866,1064,1064,
1588,1588,1584,1584,1380,1380,2030,2030,2036,2036,1232,1232,1812,1812,1818,
1818,1228,1228,1284,1284,1878,1878,1874,1874,1068,1068,1596,1596,1592,1592,
1376,1376,1224,1224,1288,1288,1886,1886,1882,1882,1072,1072,1604,1604,1600,
1600,1372,1372,2024,2024,1804,1804,1220,1220,1292,1292,1894,1894,1888,1888,
1078,1078,1612,1612,1608,1608,1368,1368,2018,2018,1800,1800,1216,1216,1296,
1296,1902,1902,1898,1898,1082,1082,1620,1620,1616,1616,1364,1364,2006,2006,
2012,2012,1788,1788,1794,1794,1212,1212,1300,1300,1910,1910,1906,1906,1086,
1086,1628,1628,1624,1624,1360,1360,1998,1998,1780,1780,1208,1208,1304,1304,
1918,1918,1914,1914,1092,1092,1636,1636,1632,1632,1356,1356,1994,1994,1776,
1776,1204,1204,1308,1308,1926,1926,1922,1922,1096,1096,1646,1646,1640,1640,
1352,1352,1988,1988,1768,1768,1200,1200,1312,1312,1934,1934,1930,1930,1100,
1100,1654,1654,1650,1650,1348,1348,1980,1980,1764,1764,1344,1344,1976,1976,
1196,1196,1316,1316,1942,1942,1938,1938,1758,1758,1104,1104,1662,1662,1658,
1658,1340,1340,1972,1972,1192,1192,1320,1320,1950,1950,1946,1946,1754,1754,
1108,1108,1670,1670,1664,1664,1338,1338,1970,1970,1190,1190,1326,1326,1958,
1958,1952,1952,1752,1752,1114,1114,1678,1678,1672,1672,1329,1329,1964,1964,
1330,1688,1688,1184,1184,1185,1185,1182,1182,1180,1180,1178,1178,1176,1176,
1174,1174,1172,1172,1170,1170,1168,1168,1166,1166,1164,1164,1162,1162,1160,
1160,1158,1158,1156,1156,995,995,1417,1417,1440,1440,1419,1419,1421,1421,
1423,1423,1425,1425,1427,1427,1433,1433,1435,1435,1437,1437,1439,1439,1391,
1391,1407,1407,1409,1409,1411,1411,1413,1413,1415,1415,1747,1747,2064,2064,
2045,2045,2066,2066,1743,1743,1746,1746,1745,1745,1740,1740,1742,1742,2069,
2069,2068,2068,2072,2072,2070,2070,1732,1732,1738,1738,1736,1736,1734,1734,
2078,2078,2073,2073,2075,2075,2077,2077,1728,1728,1730,1730,2081,2081,2080,
2080,1724,1724,1726,1726,1720,1720,1722,1722,2087,2087,2082,2082,2084,2084,
2085,2085,1716,1716,1718,1718,2090,2090,2089,2089,1708,1708,1714,1714,1712,
1712,1710,1710,2096,2096,2091,2091,2093,2093,2094,2094,1704,1704,1706,1706,
2099,2099,2097,2097,1700,1700,1702,1702,1693,1693,1698,1698,1696,1696,2102,
2102,2100,2100,2106,2106,2103,2103,2105,2105,1441,1441,1154,1154,1689,1689,
1442,1442,2107,2107,996,996,1690,1690,1438,1438,2104,2104,1155,1155,1157,
1157,1691,1691,1436,1436,1159,1159,1694,1694,1692,1692,1434,1434,2101,2101,
1161,1161,1697,1697,1695,1695,1432,1432,2098,2098,1163,1163,1705,1705,1699,
1699,1701,1701,1703,1703,1426,1426,2092,2092,2095,2095,1165,1165,1424,1424,
1167,1167,1713,1713,1707,1707,1709,1709,1711,1711,1422,1422,2088,2088,1169,
1169,1420,1420,2086,2086,1171,1171,1721,1721,1715,1715,1717,1717,1719,1719,
1418,1418,2079,2079,2083,2083,1173,1173,1416,1416,2076,2076,1175,1175,1725,
1725,1723,1723,1414,1414,2074,2074,1177,1177,1733,1733,1727,1727,1729,1729,
1731,1731,1412,1412,2071,2071,1410,1410,2067,2067,1179,1179,1408,1408,2065,
2065,1181,1181,1737,1737,1735,1735,1406,1406,2063,2063,1183,1183,1744,1744,
1739,1739,1741,1741,1392,1392,2046,2046,1186,1186,1748,1748,2181,2181,2574,
2574,2575,2575,2276,2276,2579,2579,2577,2577,2240,2240,2262,2262,2581,2581,
2216,2216,2583,2583,2214,2214,2585,2585,2212,2212,2587,2587,2210,2210,2590,
2590,2208,2208,2593,2593,2592,2592,2204,2204,2206,2206,2595,2595,2202,2202,
2597,2597,2200,2200,2599,2599,2198,2198,2601,2601,2196,2196,2603,2603,2194,
2194,2605,2605,2192,2192,2609,2609,2607,2607,2188,2188,2190,2190,2611,2611,
2184,2184,2613,2613,2612,2612,2186,2186,2185,2185,2469,2469,2473,2473,2461,
2461,2465,2465,2329,2329,2333,2333,2286,2286,2291,2291,2479,2479,2339,2339,
2483,2483,2459,2459,2343,2343,2282,2282,2485,2485,2455,2455,2345,2345,2278,
2278,2489,2489,2449,2449,2349,2349,2272,2272,2495,2495,2445,2445,2355,2355,
2268,2268,2499,2499,2443,2443,2357,2357,2266,2266,2433,2433,2437,2437,2254,
2254,2258,2258,2503,2503,2429,2429,2361,2361,2250,2250,2518,2518,2509,2509,
2371,2371,2365,2365,2519,2519,2427,2427,2373,2373,2246,2246,2525,2525,2421,
2421,2377,2377,2242,2242,2529,2529,2417,2417,2381,2381,2236,2236,2537,2537,
2413,2413,2385,2385,2232,2232,2539,2539,2409,2409,2389,2389,2228,2228,2399,
2399,2405,2405,2218,2218,2224,2224,2544,2544,2543,2543,2400,2400,2394,2394,
2393,2393,2219,2219,2540,2540,2545,2545,2406,2406,2401,2401,2390,2390,2395,
2395,2225,2225,2220,2220,2535,2535,2410,2410,2387,2387,2229,2229,2530,2530,
2414,2414,2382,2382,2233,2233,2521,2521,2527,2527,2418,2418,2375,2375,2379,
2379,2237,2237,2423,2423,2243,2243,2515,2515,2425,2425,2369,2369,2247,2247,
2510,2510,2434,2434,2430,2430,2366,2366,2255,2255,2251,2251,2500,2500,2504,
2504,2438,2438,2358,2358,2362,2362,2259,2259,2493,2493,2353,2353,2491,2491,
2441,2441,2351,2351,2264,2264,2487,2487,2447,2447,2347,2347,2269,2269,2481,
2481,2451,2451,2341,2341,2273,2273,2477,2477,2453,2453,2337,2337,2279,2279,
2475,2475,2457,2457,2335,2335,2283,2283,2470,2470,2463,2463,2330,2330,2287,
2287,2466,2466,2292,2292,2471,2471,2474,2474,2468,2468,2331,2331,2334,2334,
2288,2288,2293,2293,2480,2480,2462,2462,2340,2340,2484,2484,2456,2456,2460,
2460,2344,2344,2284,2284,2486,2486,2346,2346,2280,2280,2490,2490,2446,2446,
2450,2450,2350,2350,2274,2274,2496,2496,2356,2356,2270,2270,2501,2501,2439,
2439,2444,2444,2359,2359,2267,2267,2256,2256,2260,2260,2505,2505,2435,2435,
2363,2363,2252,2252,2517,2517,2511,2511,2431,2431,2372,2372,2367,2367,2520,
2520,2422,2422,2428,2428,2374,2374,2248,2248,2526,2526,2378,2378,2244,2244,
2531,2531,2419,2419,2383,2383,2238,2238,2538,2538,2411,2411,2415,2415,2386,
2386,2234,2234,2541,2541,2391,2391,2230,2230,2402,2402,2407,2407,2221,2221,
2226,2226,2547,2547,2546,2546,2403,2403,2397,2397,2396,2396,2222,2222,2542,
2542,2548,2548,2408,2408,2404,2404,2392,2392,2398,2398,2227,2227,2223,2223,
2231,2231,2536,2536,2412,2412,2388,2388,2235,2235,2532,2532,2416,2416,2384,
2384,2522,2522,2528,2528,2420,2420,2376,2376,2380,2380,2245,2245,2239,2239,
2424,2424,2516,2516,2426,2426,2370,2370,2253,2253,2249,2249,2512,2512,2436,
2436,2432,2432,2368,2368,2257,2257,2502,2502,2506,2506,2440,2440,2360,2360,
2364,2364,2261,2261,2494,2494,2354,2354,2265,2265,2492,2492,2442,2442,2352,
2352,2488,2488,2448,2448,2348,2348,2275,2275,2271,2271,2482,2482,2452,2452,
2342,2342,2478,2478,2454,2454,2338,2338,2285,2285,2281,2281,2476,2476,2458,
2458,2336,2336,2472,2472,2464,2464,2332,2332,2289,2289,2467,2467,2294,2294,
2327,2327,2507,2507,2497,2497,2514,2514,2325,2325,2324,2324,2524,2524,2322,
2322,2534,2534,2319,2319,2549,2549,2317,2317,2552,2552,2315,2315,2553,2553,
2182,2182,2555,2555,2312,2312,2557,2557,2310,2310,2560,2560,2309,2309,2561,
2561,2306,2306,2563,2563,2304,2304,2565,2565,2303,2303,2567,2567,2300,2300,
2569,2569,2295,2295,2298,2298,2571,2571,2572,2572,2296,2296,2570,2570,2573,
2573,2297,2297,2299,2299,2301,2301,2568,2568,2302,2302,2566,2566,2305,2305,
2562,2562,2564,2564,2307,2307,2308,2308,2559,2559,2311,2311,2558,2558,2313,
2313,2554,2554,2556,2556,2314,2314,2551,2551,2316,2316,2550,2550,2318,2318,
2533,2533,2523,2523,2320,2320,2513,2513,2321,2321,2508,2508,2323,2323,2498,
2498,2326,2326,2328,2328,2615,2615,2614,2614,2187,2187,2180,2180,2610,2610,
2189,2189,2606,2606,2608,2608,2193,2193,2191,2191,2604,2604,2195,2195,2602,
2602,2197,2197,2600,2600,2199,2199,2598,2598,2201,2201,2596,2596,2203,2203,
2591,2591,2594,2594,2205,2205,2589,2589,2209,2209,2207,2207,2588,2588,2211,
2211,2586,2586,2213,2213,2584,2584,2215,2215,2582,2582,2217,2217,2580,2580,
2241,2241,2576,2576,2578,2578,2277,2277,2263,2263,2183,2183,2290,2290),
((1,5,7),(3,11,4),(13,2,9),(15,10,2),(13,15,2),(5,18,7),(19,6,21),(11,23,
4),(6,25,27),(6,27,21),(29,31,34),(37,32,30),(35,33,39),(40,43,46),(47,
45,48),(49,44,42),(51,53,29),(30,54,55),(29,34,57),(57,51,29),(59,37,30),
(55,59,30),(46,61,63),(65,62,47),(67,40,46),(46,63,67),(47,48,69),(47,69,
65),(71,73,53),(75,54,74),(51,71,53),(54,75,55),(61,77,79),(78,62,81),(61,
79,63),(65,81,62),(83,85,73),(87,74,86),(71,89,73),(89,83,73),(74,91,75),
(74,87,91),(77,93,95),(94,78,97),(77,99,79),(77,95,99),(81,101,78),(101,
97,78),(83,103,85),(105,86,104),(86,107,87),(86,105,107),(93,109,95),(110,
94,111),(97,113,94),(113,111,94),(115,117,103),(119,104,118),(83,115,103),
(104,121,105),(104,119,121),(109,123,125),(124,110,127),(109,125,95),(111,
129,110),(129,127,110),(115,131,117),(133,118,132),(118,135,119),(118,133,
135),(123,137,125),(138,124,139),(127,141,124),(141,139,124),(143,145,131),
(147,132,146),(115,143,131),(132,149,133),(132,147,149),(137,151,153),(152,
138,155),(137,153,125),(139,157,138),(157,155,138),(159,161,145),(163,146,
162),(143,159,145),(146,165,147),(146,163,165),(151,167,169),(168,152,171),
(151,169,153),(155,173,152),(173,171,152),(159,175,161),(177,162,176),(162,
179,163),(162,177,179),(167,181,169),(182,168,183),(171,185,168),(185,183,
168),(187,189,175),(176,190,191),(159,187,175),(176,193,177),(176,191,193),
(181,195,197),(199,196,182),(181,197,169),(183,201,182),(201,199,182),(187,
203,189),(191,190,204),(195,205,197),(206,196,199),(58,36,207),(52,58,211),
(211,58,207),(35,39,208),(212,41,68),(42,214,49),(215,68,64),(212,68,215),
(72,52,218),(52,211,218),(64,80,219),(219,215,64),(90,72,222),(72,218,222),
(80,100,223),(80,223,219),(84,90,226),(90,222,226),(100,96,227),(100,227,
223),(116,84,230),(84,226,231),(84,231,230),(96,126,234),(96,235,227),(96,
234,235),(237,239,203),(241,204,240),(187,237,203),(204,244,191),(204,241,
244),(205,246,248),(247,206,250),(205,248,197),(199,253,206),(253,250,206),
(144,116,255),(116,230,255),(126,154,258),(126,258,234),(20,259,8),(13,
9,261),(262,19,21),(20,264,259),(160,144,255),(154,170,258),(188,160,265),
(160,255,268),(160,268,265),(170,198,269),(170,272,258),(170,269,272),(273,
275,239),(277,240,276),(237,273,239),(241,240,277),(246,280,282),(281,247,
284),(246,282,248),(284,247,250),(238,188,287),(188,265,287),(198,249,290),
(198,290,269),(291,293,275),(295,276,294),(273,291,275),(297,277,276),(276,
295,297),(280,299,301),(300,281,303),(280,301,282),(281,284,305),(305,303,
281),(274,238,307),(238,287,307),(249,283,310),(249,310,290),(311,313,293),
(294,314,315),(291,311,293),(317,295,294),(294,315,317),(299,319,321),(323,
320,300),(299,321,301),(300,303,325),(325,323,300),(292,274,327),(274,307,
327),(283,302,330),(283,330,310),(311,331,313),(314,332,333),(335,315,314),
(314,333,335),(319,337,321),(339,338,320),(320,323,341),(341,339,320),(312,
292,327),(302,322,330),(343,345,331),(332,346,347),(311,343,331),(349,333,
332),(332,347,349),(337,351,353),(355,352,338),(337,353,321),(338,339,357),
(357,355,338),(359,361,345),(346,362,363),(343,359,345),(365,347,346),(346,
363,365),(351,367,369),(371,368,352),(351,369,353),(352,355,373),(373,371,
352),(344,312,375),(312,327,375),(322,354,378),(322,378,330),(359,379,361),
(362,380,381),(383,363,362),(362,381,383),(367,385,369),(387,386,368),(368,
371,389),(389,387,368),(360,344,391),(344,375,391),(354,370,394),(354,394,
378),(395,397,379),(380,398,399),(359,395,379),(401,381,380),(380,399,401),
(385,403,405),(407,404,386),(385,405,369),(386,387,409),(409,407,386),(395,
411,397),(398,412,413),(415,399,398),(398,413,415),(403,417,405),(419,418,
404),(404,407,421),(421,419,404),(396,360,423),(360,391,423),(370,406,426),
(370,426,394),(395,427,411),(412,428,429),(431,413,412),(412,429,431),(417,
433,405),(435,434,418),(418,419,437),(437,435,418),(395,439,427),(440,396,
441),(396,423,444),(396,444,441),(433,445,405),(406,446,447),(406,450,426),
(406,447,450),(439,451,427),(428,452,453),(455,429,428),(428,453,455),(433,
457,445),(459,458,434),(434,435,461),(461,459,434),(439,463,451),(464,440,
465),(440,441,465),(457,467,445),(446,468,469),(446,469,447),(463,471,451),
(472,464,473),(464,465,473),(457,475,467),(468,476,477),(468,477,469),(471,
479,451),(452,481,482),(452,482,453),(457,485,475),(488,486,458),(459,488,
458),(471,491,479),(494,492,472),(473,494,472),(485,497,475),(476,499,500),
(476,500,477),(483,480,493),(483,493,496),(498,487,490),(501,498,490),(504,
506,510),(509,508,512),(507,505,515),(507,515,513),(504,510,518),(521,519,
511),(509,512,524),(509,524,527),(509,527,529),(509,529,531),(509,531,533),
(509,533,535),(509,535,537),(537,539,509),(541,521,511),(542,545,549),(551,
548,547),(542,554,545),(546,556,558),(560,551,547),(563,560,547),(565,563,
547),(567,565,547),(569,567,547),(571,569,547),(573,571,547),(547,575,573),
(576,546,558),(550,578,543),(550,553,578),(516,503,520),(581,516,520),(584,
581,520),(586,584,520),(588,586,520),(590,588,520),(592,590,520),(594,592,
520),(520,522,594),(555,544,580),(555,580,596),(555,596,599),(555,599,601),
(555,601,603),(555,603,605),(555,605,607),(555,607,609),(609,557,555),(611,
614,617),(615,613,619),(622,611,617),(620,612,623),(618,616,624),(625,615,
619),(627,629,632),(635,633,631),(638,630,628),(635,631,640),(627,632,641),
(642,634,637),(622,617,643),(644,618,645),(618,624,645),(647,627,641),(628,
648,649),(649,638,628),(622,643,651),(653,622,651),(655,623,654),(655,620,
623),(657,647,641),(657,641,659),(660,642,661),(642,637,661),(652,644,663),
(644,645,663),(648,658,666),(648,666,649),(653,651,667),(668,652,669),(652,
663,669),(671,657,659),(658,672,673),(658,673,666),(675,653,667),(677,654,
676),(679,655,654),(654,677,679),(671,659,681),(682,660,683),(660,661,685),
(685,683,660),(687,675,667),(689,667,691),(692,668,693),(689,687,667),(668,
669,696),(668,696,693),(671,681,697),(699,671,701),(672,700,703),(671,697,
701),(672,706,673),(672,703,706),(698,682,707),(682,683,709),(709,707,682),
(711,676,688),(676,711,713),(713,677,676),(715,689,691),(717,691,719),(720,
692,721),(717,715,691),(692,693,721),(699,701,723),(725,699,727),(700,726,
729),(699,723,727),(700,729,703),(702,698,731),(698,707,733),(733,731,698),
(735,688,690),(688,735,738),(738,711,688),(724,702,740),(702,731,742),(742,
740,702),(744,690,716),(690,744,747),(747,735,690),(750,719,752),(753,720,
754),(750,717,719),(720,721,754),(756,725,758),(726,757,760),(725,727,758),
(726,760,729),(762,716,718),(716,762,764),(764,744,716),(728,724,767),(724,
740,769),(769,767,724),(771,750,752),(773,752,775),(776,753,777),(773,771,
752),(753,754,777),(756,758,779),(781,756,783),(757,782,785),(756,779,783),
(757,785,760),(787,718,751),(790,762,718),(718,787,790),(759,728,792),(728,
767,794),(794,792,728),(796,751,772),(799,787,751),(751,796,799),(780,759,
802),(759,792,804),(804,802,759),(806,775,808),(809,776,777),(806,773,775),
(810,781,812),(782,811,785),(781,783,812),(784,780,814),(780,802,816),(816,
814,780),(818,772,774),(821,796,772),(772,818,821),(824,808,826),(827,809,
828),(824,806,808),(809,777,828),(830,810,832),(811,831,834),(810,812,832),
(811,834,785),(836,813,784),(784,814,838),(838,836,784),(774,807,840),(842,
818,774),(774,840,842),(845,826,847),(848,827,849),(845,824,826),(827,828,
849),(851,830,853),(831,852,855),(830,832,853),(831,855,834),(857,833,813),
(813,836,860),(860,857,813),(807,825,862),(865,840,807),(807,862,865),(867,
847,869),(870,848,871),(873,845,847),(867,873,847),(848,849,871),(875,851,
877),(852,876,879),(851,853,881),(851,881,877),(852,879,855),(883,854,833),
(883,833,857),(825,846,886),(862,825,886),(889,869,891),(892,870,893),(895,
867,869),(889,895,869),(870,871,897),(870,897,893),(899,875,901),(876,900,
903),(875,877,905),(875,905,901),(876,907,879),(876,903,907),(909,891,911),
(912,892,893),(909,889,891),(913,899,915),(900,914,903),(899,901,915),(917,
921,923),(920,919,926),(929,917,923),(918,931,932),(934,918,932),(919,936,
926),(937,924,922),(937,922,928),(939,911,941),(942,912,943),(945,909,911),
(939,945,911),(912,893,943),(947,913,949),(914,948,951),(913,915,953),(913,
953,949),(914,951,903),(846,874,955),(955,958,846),(958,886,846),(960,882,
854),(854,883,962),(854,962,960),(964,941,966),(967,942,968),(970,939,941),
(964,970,941),(942,943,972),(942,972,968),(974,947,976),(948,975,978),(947,
949,980),(947,980,976),(948,982,951),(948,978,982),(964,966,984),(985,967,
986),(967,968,986),(988,974,976),(975,989,990),(975,990,978),(992,984,994),
(995,985,996),(992,964,984),(985,986,996),(998,988,1000),(989,999,1002),
(988,976,1000),(989,1002,990),(1004,994,1006),(1008,1007,995),(1004,992,
994),(996,1008,995),(1010,998,1012),(999,1011,1014),(998,1000,1012),(999,
1014,1002),(1006,1016,1004),(1019,1017,1007),(1019,1007,1008),(1016,1022,
1004),(1025,1023,1018),(1018,1021,1025),(1012,1028,1010),(1011,1030,1031),
(1012,1034,1028),(1029,1036,1037),(1029,1037,1032),(1014,1011,1031),(955,
874,868),(878,882,960),(868,896,1040),(1040,1042,868),(1042,955,868),(1045,
906,878),(878,960,1047),(878,1047,1045),(1049,902,906),(906,1045,1051),
(906,1051,1049),(896,890,1053),(1053,1056,896),(1056,1040,896),(1058,916,
902),(902,1049,1060),(902,1060,1058),(890,910,1062),(1062,1064,890),(1064,
1053,890),(1067,954,916),(916,1058,1069),(916,1069,1067),(910,946,1071),
(1074,1062,910),(1071,1074,910),(946,940,1076),(1079,1071,946),(1076,1079,
946),(1082,950,954),(954,1067,1084),(954,1084,1082),(940,971,1086),(1088,
1076,940),(1086,1088,940),(1091,981,950),(950,1082,1093),(950,1093,1091),
(971,965,1095),(1097,1086,971),(1095,1097,971),(1099,977,981),(981,1091,
1101),(981,1101,1099),(965,993,1103),(1105,1095,965),(1103,1105,965),(1107,
1001,977),(977,1099,1109),(977,1109,1107),(1013,1001,1111),(1001,1107,1111),
(1113,993,1005),(1113,1103,993),(1038,1035,1013),(1111,1115,1013),(1115,
1038,1013),(1005,1024,1027),(1005,1027,1117),(1005,1117,1113),(930,925,
1119),(931,1121,1123),(931,1123,932),(925,1125,1119),(1128,1126,924),(937,
1128,924),(1131,1065,1063),(1055,1054,1066),(1133,1057,1065),(1065,1136,
1133),(1065,1131,1136),(1131,1063,1075),(1138,1041,1057),(1133,1138,1057),
(1073,1072,1081),(1141,1075,1080),(1143,1131,1075),(1075,1141,1143),(763,
791,1145),(765,763,1145),(789,788,801),(1147,791,800),(1149,1145,791),(1147,
1149,791),(1138,1043,1041),(957,956,1044),(1151,959,1043),(1043,1153,1151),
(1043,1138,1153),(746,745,766),(1155,748,765),(1157,1155,765),(1145,1157,
765),(798,797,823),(1159,800,822),(1161,1147,800),(1159,1161,800),(1118,
1026,1163),(1021,1164,1025),(1078,1077,1090),(1166,1080,1089),(1080,1168,
1141),(1080,1166,1168),(737,736,749),(1170,739,748),(748,1172,1170),(1155,
1172,748),(820,819,844),(1174,822,843),(1176,1159,822),(1174,1176,822),
(1178,621,656),(619,1180,625),(1181,887,959),(1183,1181,959),(959,1151,
1183),(843,841,1185),(1187,1174,843),(1185,1187,843),(1189,1089,1087),(1089,
1191,1166),(1089,1189,1191),(1189,1087,1098),(712,739,1193),(739,1195,1193),
(1170,1195,739),(1197,714,712),(1193,1197,712),(12,17,24),(17,26,24),(1199,
38,60),(1199,1201,38),(39,1203,208),(70,50,1204),(50,1206,1204),(214,1207,
49),(66,70,1209),(1204,1209,70),(1209,82,66),(1211,60,56),(60,1211,1199),
(56,76,1211),(1213,102,82),(1209,1215,82),(1215,1213,82),(76,92,1217),(76,
1219,1211),(76,1217,1219),(98,102,1213),(1217,92,88),(1221,114,98),(1213,
1221,98),(88,108,1223),(88,1223,1217),(1226,112,114),(1221,1228,114),(1228,
1226,114),(108,106,1230),(108,1234,1223),(108,1230,1234),(1226,130,112),
(106,122,1230),(1235,128,130),(130,1226,1237),(1237,1235,130),(122,120,
1239),(1241,1230,122),(122,1239,1241),(1235,142,128),(120,136,1239),(1243,
140,142),(142,1235,1245),(1245,1243,142),(136,134,1247),(1249,1239,136),
(136,1247,1249),(1243,158,140),(134,150,1247),(1251,156,158),(158,1243,
1253),(1253,1251,158),(150,148,1255),(1257,1247,150),(150,1255,1257),(1251,
174,156),(148,166,1255),(1259,172,174),(174,1251,1261),(1261,1259,174),
(166,164,1263),(1265,1255,166),(166,1263,1265),(164,180,1263),(1259,186,
172),(180,178,1267),(1269,1263,180),(180,1267,1269),(1271,184,186),(186,
1259,1273),(1273,1271,186),(1271,202,184),(178,194,1267),(1275,200,202),
(202,1271,1277),(1277,1275,202),(194,192,1279),(1281,1267,194),(194,1279,
1281),(1275,254,200),(192,245,1279),(1283,251,254),(254,1275,1285),(1285,
1283,254),(245,243,1287),(1289,1279,245),(245,1287,1289),(252,1291,1293),
(1283,1292,251),(252,1293,285),(1295,1297,242),(243,1298,1287),(279,1295,
242),(1294,1292,1299),(1292,1283,1299),(1301,1298,1296),(1301,1287,1298),
(286,1294,1303),(1299,1305,1294),(1305,1303,1294),(1307,1296,278),(1296,
1309,1301),(1296,1307,1309),(306,286,1303),(1307,278,298),(304,306,1311),
(1303,1313,306),(1313,1311,306),(1315,298,296),(298,1317,1307),(298,1315,
1317),(326,304,1311),(1315,296,318),(1319,318,316),(318,1321,1315),(318,
1319,1321),(324,326,1323),(1311,1325,326),(1325,1323,326),(342,324,1323),
(1319,316,336),(340,342,1327),(1323,1329,342),(1329,1327,342),(1331,336,
334),(336,1333,1319),(336,1331,1333),(358,340,1327),(1331,334,350),(356,
358,1335),(1327,1337,358),(1337,1335,358),(1339,350,348),(350,1341,1331),
(350,1339,1341),(374,356,1335),(1339,348,366),(372,374,1343),(1335,1345,
374),(1345,1343,374),(1347,366,364),(366,1349,1339),(366,1347,1349),(390,
372,1343),(1347,364,384),(388,390,1351),(1343,1353,390),(1353,1351,390),
(1355,384,382),(384,1357,1347),(384,1355,1357),(410,388,1351),(1355,382,
402),(408,410,1359),(1351,1359,410),(1362,402,400),(402,1364,1355),(1362,
1364,402),(1366,422,408),(1359,1366,408),(400,416,1369),(400,1369,1362),
(420,422,1371),(422,1366,1371),(1373,416,414),(1373,1369,416),(1375,438,
420),(1371,1375,420),(414,432,1377),(414,1377,1373),(436,438,1375),(1377,
432,430),(1379,462,436),(436,1375,1381),(436,1381,1379),(430,456,1383),
(1385,1377,430),(1383,1385,430),(1383,456,454),(460,462,1379),(1387,489,
460),(460,1379,1387),(454,484,1389),(1389,1383,454),(484,1391,1389),(496,
1392,483),(1387,1394,489),(490,1396,501),(514,517,1397),(1397,525,514),
(552,1399,579),(552,562,1399),(517,583,1397),(1399,597,579),(662,636,1401),
(636,1403,1401),(640,1404,635),(1406,686,662),(1401,1406,662),(684,686,
1406),(1408,710,684),(1406,1410,684),(1410,1408,684),(708,710,1408),(1412,
734,708),(708,1408,1412),(732,734,1414),(1412,1414,734),(1416,743,732),
(732,1414,1416),(1418,741,743),(1416,1420,743),(743,1420,1418),(1418,770,
741),(1422,768,770),(770,1418,1424),(770,1424,1422),(1422,795,768),(1426,
793,795),(795,1422,1428),(795,1428,1426),(1426,805,793),(1430,803,805),
(805,1426,1432),(805,1432,1430),(1430,817,803),(1434,815,817),(817,1430,
1436),(817,1436,1434),(1434,839,815),(1438,837,839),(839,1434,1440),(839,
1440,1438),(1438,861,837),(1442,858,861),(861,1438,1444),(861,1444,1442),
(859,1446,884),(1442,1447,858),(1446,1448,884),(1450,1449,1447),(1447,1442,
1452),(1447,1452,1450),(885,1449,1454),(1450,1454,1449),(963,885,1454),
(961,963,1456),(963,1454,1458),(1458,1456,963),(1048,961,1456),(1046,1048,
1460),(1048,1456,1462),(1462,1460,1048),(1052,1046,1460),(1050,1052,1464),
(1052,1460,1466),(1466,1464,1052),(1061,1050,1464),(1059,1061,1468),(1061,
1464,1470),(1470,1468,1061),(1070,1059,1468),(1068,1070,1472),(1070,1468,
1474),(1474,1472,1070),(1085,1068,1472),(1083,1085,1476),(1085,1472,1478),
(1478,1476,1085),(1094,1083,1476),(1092,1094,1480),(1094,1476,1483),(1483,
1480,1094),(1102,1092,1480),(1100,1102,1485),(1102,1480,1488),(1102,1488,
1485),(1490,1110,1100),(1100,1485,1490),(1108,1110,1490),(1112,1108,1492),
(1108,1490,1494),(1108,1494,1492),(1492,1116,1112),(1496,1039,1116),(1116,
1492,1496),(1496,1498,1039),(1037,1500,1032),(1120,1127,1122),(1127,1129,
1122),(888,1501,1503),(1181,1502,887),(1504,1502,1505),(1502,1181,1505),
(888,1503,863),(1114,1118,1507),(1507,1104,1114),(1509,1507,1118),(1163,
1509,1118),(656,680,1511),(656,1513,1178),(656,1511,1513),(1511,680,678),
(1515,1098,1096),(1517,1189,1098),(1515,1517,1098),(1096,1106,1519),(1519,
1515,1096),(841,866,1185),(866,864,1521),(1523,1185,866),(1521,1523,866),
(864,1504,1521),(1525,1521,1504),(1505,1525,1504),(678,714,1197),(678,1527,
1511),(678,1197,1527),(1519,1106,1104),(1529,1519,1104),(1507,1529,1104),
(28,16,14),(22,28,14),(526,1398,1531),(528,526,1531),(1532,1400,561),(1532,
561,564),(1531,1398,582),(598,1400,1532),(1531,582,585),(600,598,1532),
(1124,1130,938),(933,1124,938),(22,14,1533),(1535,22,1533),(21,1536,262),
(1537,530,528),(1531,1537,528),(1538,602,600),(1532,1538,600),(938,1539,
933),(1539,1541,933),(934,932,1542),(261,1534,13),(564,566,1538),(564,1538,
1532),(585,587,1537),(585,1537,1531),(928,1540,937),(1537,532,530),(1538,
604,602),(1543,1535,1533),(1536,1544,262),(1539,1545,1541),(1542,1546,934),
(566,568,1547),(566,1547,1538),(587,589,1548),(587,1548,1537),(1543,1533,
1549),(261,1550,1534),(1539,1551,1545),(928,1552,1540),(568,570,1547),(589,
591,1548),(1548,534,532),(1537,1548,532),(1547,606,604),(1538,1547,604),
(1554,1543,1549),(1554,1549,1555),(261,1556,1550),(1551,1558,1545),(1551,
1559,1558),(928,1560,1552),(1544,1553,262),(1546,1557,934),(570,572,1561),
(570,1561,1547),(591,593,1562),(591,1562,1548),(1563,536,534),(1548,1562,
534),(1562,1563,534),(1564,608,606),(1547,1561,606),(1561,1564,606),(1554,
1555,1565),(261,1566,1556),(1559,1567,1558),(928,1568,1560),(1570,1554,
1565),(1553,1569,262),(1567,1571,1558),(1557,1572,934),(572,574,1573),(572,
1564,1561),(572,1573,1564),(593,595,1574),(593,1563,1562),(593,1574,1563),
(1563,538,536),(1573,610,608),(1564,1573,608),(1575,1570,1565),(1575,1565,
1577),(261,1578,1566),(1567,1580,1571),(1567,1581,1580),(928,1582,1568),
(1569,1576,262),(1572,1579,934),(1583,1586,573),(574,1587,1588),(575,1583,
573),(574,1588,1573),(1589,1592,594),(595,1593,1594),(522,1589,594),(595,
1594,1574),(537,1595,1597),(1574,1596,538),(537,1597,539),(1563,1574,538),
(609,1600,1602),(1573,1601,610),(609,1602,557),(1605,1575,1577),(1605,1577,
1607),(1609,1608,1578),(261,1609,1578),(1581,1612,1580),(1581,1614,1612),
(1616,1615,1582),(928,1616,1582),(1576,1606,1619),(1576,1619,262),(1579,
1613,1622),(1579,1622,934),(1595,1625,1597),(1627,1626,1596),(1574,1594,
1596),(1594,1627,1596),(1600,1628,1602),(1630,1629,1601),(1573,1588,1601),
(1588,1630,1601),(1605,1607,1631),(1633,1605,1631),(1606,1634,1619),(1614,
1636,1612),(1636,1637,1612),(1613,1638,1622),(1583,1639,1586),(1587,1640,
1588),(1589,1641,1592),(1593,1642,1594),(1609,1632,1608),(1616,1635,1615),
(1625,1643,1597),(1646,1644,1626),(1627,1646,1626),(1628,1648,1602),(1652,
1649,1629),(1630,1652,1629),(1631,1653,1633),(1634,1656,1619),(1653,1659,
1633),(1634,1661,1656),(1583,1663,1639),(1640,1664,1630),(1640,1630,1588),
(1589,1665,1641),(1642,1667,1627),(1642,1627,1594),(1636,1668,1637),(1638,
1671,1622),(1668,1674,1637),(1638,1676,1671),(1609,1677,1632),(1677,1654,
1632),(1616,1680,1635),(1680,1669,1635),(1590,540,1599),(1591,1598,1683),
(1643,1687,1597),(1598,1688,1683),(1590,523,540),(1604,1584,577),(559,1604,
577),(1585,1603,1689),(1583,1692,1663),(1696,1693,1585),(1689,1696,1585),
(1589,1698,1665),(1702,1699,1591),(1591,1683,1704),(1704,1707,1591),(1707,
1702,1591),(1648,1711,1602),(1603,1712,1689),(260,1621,1610),(1678,1611,
1620),(260,263,1621),(1678,1620,1658),(935,1624,927),(1624,1617,927),(1681,
1618,1623),(1681,1623,1673),(1713,1645,1647),(1647,1666,1716),(1667,1646,
1627),(1647,1716,1713),(1651,1662,1719),(1664,1652,1630),(1723,1650,1651),
(1719,1723,1651),(1643,1715,1687),(1692,1720,1663),(1698,1717,1665),(1648,
1724,1711),(1660,1655,1725),(1655,1728,1725),(1677,1729,1654),(1661,1727,
1656),(1670,1731,1675),(1731,1734,1675),(1676,1736,1671),(1680,1732,1669),
(1737,1726,1730),(1740,1737,1730),(1677,1741,1729),(1727,1739,1656),(1744,
1202,1200),(1203,1745,208),(1205,1208,1746),(214,1747,1207),(1200,1212,
1750),(1750,1744,1200),(1751,1210,1205),(1205,1746,1751),(1212,1220,1754),
(1212,1754,1750),(1755,1216,1210),(1751,1755,1210),(1220,1218,1754),(1755,
1214,1216),(1218,1225,1758),(1218,1758,1754),(1759,1222,1214),(1755,1759,
1214),(1224,1233,1232),(1758,1225,1231),(1229,1222,1759),(1227,1229,1759),
(1231,1242,1758),(1759,1238,1227),(1762,1242,1240),(1242,1762,1758),(1236,
1238,1763),(1759,1763,1238),(1240,1250,1766),(1766,1762,1240),(1767,1246,
1236),(1236,1763,1767),(1766,1250,1248),(1244,1246,1767),(1248,1258,1770),
(1770,1766,1248),(1771,1254,1244),(1244,1767,1771),(1770,1258,1256),(1252,
1254,1771),(1256,1266,1774),(1774,1770,1256),(1775,1262,1252),(1252,1771,
1775),(1774,1266,1264),(1260,1262,1775),(1264,1270,1778),(1778,1774,1264),
(1779,1274,1260),(1260,1775,1779),(1778,1270,1268),(1272,1274,1779),(1268,
1282,1782),(1782,1778,1268),(1783,1278,1272),(1272,1779,1783),(1786,1282,
1280),(1786,1782,1282),(1276,1278,1787),(1278,1783,1787),(1280,1290,1786),
(1787,1286,1276),(1790,1290,1288),(1290,1790,1786),(1284,1286,1791),(1787,
1791,1286),(1288,1302,1794),(1794,1790,1288),(1795,1300,1284),(1284,1791,
1795),(1302,1310,1798),(1302,1798,1794),(1799,1306,1300),(1795,1799,1300),
(1310,1308,1798),(1799,1304,1306),(1308,1318,1802),(1308,1802,1798),(1803,
1314,1304),(1799,1803,1304),(1318,1316,1806),(1806,1802,1318),(1807,1312,
1314),(1314,1803,1807),(1316,1322,1806),(1807,1326,1312),(1322,1320,1810),
(1322,1810,1806),(1811,1324,1326),(1807,1811,1326),(1320,1334,1814),(1320,
1814,1810),(1815,1330,1324),(1811,1815,1324),(1334,1332,1814),(1815,1328,
1330),(1332,1342,1818),(1332,1818,1814),(1819,1338,1328),(1815,1819,1328),
(1342,1340,1818),(1819,1336,1338),(1340,1350,1822),(1340,1822,1818),(1823,
1346,1336),(1819,1823,1336),(1350,1348,1822),(1823,1344,1346),(1348,1358,
1826),(1348,1826,1822),(1827,1354,1344),(1823,1827,1344),(1358,1356,1830),
(1830,1826,1358),(1831,1352,1354),(1354,1827,1831),(1356,1365,1830),(1831,
1360,1352),(1365,1363,1830),(1361,1833,1367),(1831,1834,1360),(1830,1363,
1370),(1368,1834,1831),(1370,1374,1835),(1835,1830,1370),(1838,1372,1368),
(1368,1831,1838),(1835,1374,1378),(1376,1372,1838),(1378,1386,1839),(1839,
1835,1378),(1842,1382,1376),(1376,1838,1842),(1839,1386,1384),(1380,1382,
1842),(1384,1390,1843),(1843,1839,1384),(1846,1388,1380),(1380,1842,1846),
(1390,1393,1847),(1390,1847,1843),(1851,1395,1388),(1846,1851,1388),(496,
1848,1392),(1396,1852,501),(1714,1718,1853),(1715,1855,1687),(1853,1856,
1714),(1721,1859,1722),(1692,1860,1720),(1721,1862,1859),(1718,1863,1853),
(1698,1864,1717),(1859,1867,1722),(1724,1868,1711),(1869,1179,1514),(1180,
1871,625),(1402,1405,1873),(640,1872,1404),(1876,1514,1512),(1876,1869,
1514),(1407,1402,1877),(1402,1873,1877),(1512,1528,1880),(1512,1880,1876),
(1881,1411,1407),(1877,1881,1407),(1880,1528,1198),(1409,1411,1881),(1198,
1194,1884),(1198,1884,1880),(1885,1413,1409),(1881,1885,1409),(1884,1194,
1196),(1415,1413,1885),(1196,1171,1888),(1196,1888,1884),(1889,1417,1415),
(1885,1889,1415),(1421,1417,1889),(1888,1171,1173),(1419,1421,1889),(1888,
1173,1156),(1425,1419,1889),(1888,1156,1158),(1423,1425,1892),(1889,1892,
1425),(1893,1158,1146),(1158,1893,1888),(1429,1423,1896),(1423,1892,1896),
(1897,1146,1150),(1897,1893,1146),(1427,1429,1896),(1897,1150,1148),(1900,
1148,1162),(1900,1897,1148),(1433,1427,1901),(1427,1896,1901),(1900,1162,
1160),(1431,1433,1901),(1904,1160,1177),(1904,1900,1160),(1437,1431,1905),
(1431,1901,1905),(1904,1177,1175),(1435,1437,1905),(1908,1175,1188),(1908,
1904,1175),(1441,1435,1909),(1435,1905,1909),(1912,1188,1186),(1912,1908,
1188),(1439,1441,1913),(1441,1909,1913),(1445,1439,1913),(1912,1186,1524),
(1443,1445,1916),(1913,1916,1445),(1917,1524,1522),(1524,1917,1912),(1453,
1443,1920),(1443,1916,1920),(1451,1453,1920),(1921,1522,1526),(1921,1917,
1522),(1921,1526,1506),(1924,1506,1182),(1924,1921,1506),(1455,1451,1925),
(1451,1920,1925),(1182,1184,1928),(1182,1928,1924),(1929,1459,1455),(1925,
1929,1455),(1932,1184,1152),(1932,1928,1184),(1457,1459,1933),(1459,1929,
1933),(1152,1154,1932),(1933,1463,1457),(1461,1463,1936),(1933,1936,1463),
(1937,1154,1140),(1154,1937,1932),(1940,1467,1461),(1936,1940,1461),(1135,
1941,1139),(1140,1942,1943),(1140,1943,1937),(1465,1467,1940),(1943,1942,
1134),(1946,1471,1465),(1940,1946,1465),(1134,1137,1947),(1134,1947,1943),
(1469,1471,1946),(1947,1137,1132),(1950,1475,1469),(1946,1950,1469),(1132,
1144,1951),(1132,1951,1947),(1951,1144,1142),(1473,1475,1950),(1142,1169,
1954),(1142,1954,1951),(1955,1479,1473),(1950,1955,1473),(1954,1169,1167),
(1477,1479,1955),(1167,1192,1958),(1167,1958,1954),(1959,1484,1477),(1955,
1959,1477),(1962,1192,1190),(1962,1958,1192),(1481,1484,1963),(1484,1959,
1963),(1190,1518,1962),(1486,1489,1482),(1963,1487,1481),(1518,1516,1962),
(1491,1487,1963),(1962,1516,1520),(1495,1491,1966),(1491,1963,1966),(1967,
1520,1530),(1967,1962,1520),(1493,1495,1966),(1967,1530,1508),(1497,1493,
1970),(1493,1966,1970),(1971,1508,1510),(1971,1967,1508),(1974,1499,1497),
(1970,1974,1497),(1510,1165,1976),(1510,1976,1971),(1021,1977,1164),(1500,
1975,1032),(1980,1735,1733),(1736,1981,1671),(1680,1982,1732),(1980,1733,
1984),(1985,1987,1989),(1988,1986,1991),(1993,1995,1985),(1997,1986,1996),
(1999,1993,1985),(1752,1985,1989),(1738,1742,1985),(1742,1743,1985),(1748,
1738,1985),(1743,1749,1985),(1752,1748,1985),(1749,1753,1985),(1753,1757,
1985),(1757,1761,1985),(1761,1999,1985),(1986,2001,1991),(1997,2001,1986),
(1987,2003,2005),(2004,1988,2007),(1987,2005,2009),(1987,2009,1989),(1988,
1991,2007),(2011,1996,1994),(2011,1997,1996),(2013,2006,2004),(2004,2007,
2013),(2015,2017,1993),(2019,1994,2018),(2021,2015,1993),(1999,2021,1993),
(1994,2023,2011),(2019,2023,1994),(2005,2025,2009),(2027,2026,2006),(2013,
2029,2006),(2006,2029,2027),(2031,2018,2016),(2018,2033,2019),(2031,2033,
2018),(2035,2010,2026),(2027,2037,2026),(2026,2037,2035),(2021,2039,2015),
(2041,2016,2040),(2016,2043,2031),(2041,2043,2016),(2009,2045,2047),(2049,
2046,2010),(2009,2047,1989),(2035,2051,2010),(2010,2051,2049),(2053,2040,
2022),(2040,2055,2041),(2053,2055,2040),(2057,2048,2046),(2049,2059,2046),
(2046,2059,2057),(2061,2063,2021),(2065,2022,2064),(2067,2061,2021),(1999,
2067,2021),(2022,2069,2053),(2065,2069,2022),(2047,2071,1989),(2073,2072,
2048),(2057,2075,2048),(2048,2075,2073),(2077,2064,2062),(2064,2079,2065),
(2077,2079,2064),(2081,1990,2072),(2073,2083,2072),(2072,2083,2081),(2085,
2062,2068),(2062,2087,2077),(2085,2087,2062),(1756,1752,1989),(1760,1756,
1989),(1764,1760,1989),(1768,1764,1989),(1989,2089,2091),(2093,2090,1990),
(1772,1768,1989),(1776,1772,1989),(1780,1776,1989),(1784,1780,1989),(1989,
2091,2095),(1788,1784,1989),(1792,1788,1989),(1796,1792,1989),(1800,1796,
1989),(1804,1800,1989),(1808,1804,1989),(1989,2095,2097),(1812,1808,1989),
(1816,1812,1989),(1820,1816,1989),(1824,1820,1989),(1828,1824,1989),(1832,
1828,1989),(1832,1989,2099),(1989,2097,2099),(2081,2101,1990),(1990,2101,
2093),(1742,1679,1743),(1748,1657,1738),(1679,209,1743),(1748,213,1657),
(1761,1765,1999),(1999,2103,2067),(2105,2068,2104),(2068,2105,2085),(2107,
2092,2090),(2093,2107,2090),(1765,1769,1999),(1769,1773,1999),(1773,1777,
1999),(1777,1781,1999),(2109,2104,2000),(2111,2105,2104),(2109,2111,2104),
(2091,2113,2095),(2115,2114,2092),(2107,2117,2092),(2092,2117,2115),(1781,
1785,1999),(1785,1789,1999),(1789,1793,1999),(1793,1797,1999),(1797,1801,
1999),(2119,2121,1999),(2123,2000,2122),(1801,1805,1999),(2125,2119,1999),
(1805,1809,1999),(1809,1813,1999),(1813,1817,1999),(1817,1821,1999),(1821,
1825,1999),(1825,1829,1999),(2127,2125,1999),(1829,1836,1999),(1836,1840,
1999),(1840,2127,1999),(2000,2129,2109),(2123,2129,2000),(2113,2131,2095),
(2133,2132,2114),(2115,2135,2114),(2114,2135,2133),(2137,2122,2120),(2122,
2139,2123),(2137,2139,2122),(2141,2096,2132),(2133,2143,2132),(2132,2143,
2141),(2145,207,1678),(2145,211,207),(2145,1678,1658),(2145,1658,212),(215,
2145,212),(2125,2147,2119),(2149,2120,2148),(2120,2151,2137),(2149,2151,
2120),(2095,2153,2155),(2157,2154,2096),(2095,2155,2097),(2141,2159,2096),
(2096,2159,2157),(2161,2148,2126),(2148,2163,2149),(2161,2163,2148),(2165,
2156,2154),(2157,2167,2154),(2154,2167,2165),(2169,2171,2125),(2173,2126,
2172),(2127,2169,2125),(2126,2175,2161),(2173,2175,2126),(2155,2177,2097),
(2179,2178,2156),(2165,2181,2156),(2156,2181,2179),(1837,1832,2099),(1841,
1837,2099),(2183,2172,2170),(2172,2185,2173),(2183,2185,2172),(2187,2098,
2178),(2179,2189,2178),(2178,2189,2187),(1840,1844,2127),(1845,1841,2099),
(2127,2191,2169),(2193,2170,2192),(2170,2195,2183),(2193,2195,2170),(2097,
2197,2099),(2199,2198,2098),(2187,2201,2098),(2098,2201,2199),(1844,1849,
2127),(1850,1845,2099),(2192,2128,2203),(2192,2203,2193),(2205,2100,2198),
(2199,2205,2198),(1849,495,2207),(1849,2207,1857),(1849,2209,2127),(1849,
1857,2209),(2211,2208,494),(473,2211,494),(2213,502,1850),(500,2214,2215),
(500,2215,477),(1861,2213,1850),(1850,2099,2217),(2217,1861,1850),(2207,
1686,1857),(1688,2208,1683),(2208,2211,1683),(1861,1694,2213),(1696,2214,
1693),(1696,2219,2214),(2221,2215,2214),(2219,2221,2214),(2223,2128,2210),
(2128,2223,2203),(2218,2100,2225),(2205,2225,2100),(1857,1854,2209),(2217,
1858,1861),(2209,1854,1865),(2209,1865,1870),(1870,2227,2209),(2210,2228,
2229),(2223,2210,2229),(1866,1858,2217),(1874,1866,2217),(1874,2217,2231),
(2233,2232,2218),(2225,2233,2218),(1865,1700,2235),(1865,2235,1870),(1702,
2236,1699),(2237,1710,1866),(1712,2238,1689),(1874,2237,1866),(1870,1875,
2227),(2239,2241,2227),(2243,2228,2242),(1875,1879,2227),(2245,2239,2227),
(1879,1883,2227),(1883,1887,2227),(1887,2245,2227),(2243,2229,2228),(1878,
1874,2231),(2231,2247,2249),(2248,2232,2251),(1882,1878,2231),(2231,2249,
2253),(1886,1882,2231),(1890,1886,2231),(1891,1890,2231),(1895,1891,2231),
(1902,1895,2231),(1906,1902,2231),(1910,1906,2231),(1910,2231,2253),(2232,
2233,2251),(2235,626,1870),(624,2236,2255),(1702,2255,2236),(1874,639,2237),
(2258,2238,638),(2238,2258,1689),(624,2255,645),(649,2258,638),(2259,2242,
2240),(2259,2243,2242),(2261,2250,2248),(2248,2251,2261),(2263,2265,2239),
(2267,2240,2266),(2269,2263,2239),(2245,2269,2239),(2240,2271,2259),(2267,
2271,2240),(2249,2273,2275),(2277,2274,2250),(2249,2275,2279),(2249,2279,
2253),(2261,2281,2250),(2250,2281,2277),(2283,2266,2264),(2266,2285,2267),
(2283,2285,2266),(2287,2276,2274),(2277,2289,2274),(2274,2289,2287),(1887,
1894,2245),(2269,2291,2263),(2293,2264,2292),(2264,2295,2283),(2293,2295,
2264),(2275,2297,2279),(2299,2298,2276),(2287,2301,2276),(2276,2301,2299),
(1894,1898,2245),(1898,1899,2245),(1899,1903,2245),(2303,2292,2270),(2292,
2305,2293),(2303,2305,2292),(2307,2280,2298),(2299,2309,2298),(2298,2309,
2307),(1903,1907,2245),(1907,1911,2245),(1914,1910,2253),(1911,1918,2245),
(1915,1914,2253),(2311,2313,2269),(2315,2270,2314),(2317,2311,2269),(2245,
2317,2269),(2270,2319,2303),(2315,2319,2270),(2279,2321,2323),(2325,2322,
2280),(2279,2323,2327),(2279,2327,2253),(2307,2329,2280),(2280,2329,2325),
(1918,1922,2245),(1919,1915,2253),(1978,1020,1672),(1008,1673,1019),(1008,
1681,1673),(1978,1672,1979),(1682,1033,1973),(1008,1031,1681),(1983,1682,
1973),(1008,1014,1031),(2331,2314,2312),(2314,2333,2315),(2331,2333,2314),
(2335,2324,2322),(2325,2337,2322),(2322,2337,2335),(1922,1923,2245),(1926,
1919,2253),(1923,1927,2245),(1930,1926,2253),(2339,2312,2318),(2312,2341,
2331),(2339,2341,2312),(2343,2328,2324),(2335,2345,2324),(2324,2345,2343),
(1927,1931,2245),(1934,1930,2253),(1931,1938,2245),(1935,1934,2253),(1938,
1944,2245),(1939,1935,2253),(2245,2347,2317),(2349,2318,2348),(2318,2349,
2339),(2327,2351,2253),(2353,2352,2328),(2343,2353,2328),(1944,1948,2245),
(1945,1939,2253),(1948,1952,2245),(1949,1945,2253),(1952,1953,2245),(1956,
1949,2253),(1953,1957,2245),(1960,1956,2253),(2355,2348,2246),(2357,2349,
2348),(2355,2357,2348),(2359,2254,2352),(2353,2361,2352),(2352,2361,2359),
(1957,1961,2245),(1964,1960,2253),(1961,1968,2245),(1965,1964,2253),(1968,
1972,2245),(1969,1965,2253),(1972,1978,2245),(1973,1969,2253),(1978,1979,
2253),(1978,2253,2245),(1983,1973,2253),(1979,1983,2253),(2253,2363,2245),
(2365,2367,2245),(2369,2246,2368),(2371,2365,2245),(2373,2371,2245),(2363,
2373,2245),(2246,2375,2355),(2369,2375,2246),(2253,2377,2379),(2381,2378,
2254),(2253,2379,2383),(2253,2383,2363),(2359,2385,2254),(2254,2385,2381),
(2387,2368,2366),(2368,2389,2369),(2387,2389,2368),(2391,2380,2378),(2381,
2393,2378),(2378,2393,2391),(2371,2395,2365),(2397,2366,2396),(2366,2399,
2387),(2397,2399,2366),(2379,2401,2383),(2403,2402,2380),(2391,2405,2380),
(2380,2405,2403),(2407,2396,2372),(2396,2409,2397),(2407,2409,2396),(2411,
2384,2402),(2403,2413,2402),(2402,2413,2411),(2415,2417,2371),(2419,2372,
2418),(2373,2415,2371),(2372,2421,2407),(2419,2421,2372),(2383,2423,2425),
(2427,2424,2384),(2383,2425,2363),(2411,2429,2384),(2384,2429,2427),(2431,
2418,2416),(2418,2433,2419),(2431,2433,2418),(2435,2426,2424),(2427,2437,
2424),(2424,2437,2435),(2373,2439,2415),(2441,2416,2440),(2416,2443,2431),
(2441,2443,2416),(2425,2445,2363),(2447,2446,2426),(2435,2449,2426),(2426,
2449,2447),(2440,2374,2451),(2440,2451,2441),(2453,2364,2446),(2447,2453,
2446),(2374,2364,2455),(2374,2455,2451),(2453,2457,2364),(2364,2457,2455),
(2459,1695,1691),(1697,2460,2461),(2464,2466,2459),(2468,2460,2467),(2470,
2464,2459),(2472,2470,2459),(2459,1691,2472),(2460,2468,2461),(1696,2474,
2219),(1696,2463,2474),(2464,2476,2466),(2467,2477,2478),(2478,2468,2467),
(2477,2465,2481),(2477,2481,2478),(2482,2484,2464),(2465,2485,2486),(2488,
2482,2464),(2490,2488,2464),(2492,2490,2464),(2494,2492,2464),(2470,2494,
2464),(2465,2486,2481),(2485,2483,2496),(2485,2496,2486),(2488,2498,2482),
(2483,2499,2500),(2483,2500,2496),(2499,2489,2503),(2499,2503,2500),(2490,
2504,2488),(2489,2505,2506),(2489,2506,2503),(2505,2491,2509),(2505,2510,
2506),(2505,2509,2510),(2512,2514,2490),(2491,2515,2516),(2492,2512,2490),
(2491,2516,2509),(2515,2513,2519),(2515,2519,2516),(2492,2520,2512),(2513,
2521,2522),(2513,2522,2519),(2521,2493,2525),(2521,2525,2522),(2526,2528,
2492),(2493,2529,2531),(2494,2526,2492),(2493,2531,2525),(2529,2527,2532),
(2529,2532,2531),(2527,2495,2535),(2527,2535,2532),(2470,2536,2494),(2495,
2537,2538),(2538,2535,2495),(2540,2542,2536),(2544,2537,2543),(2470,2540,
2536),(2537,2544,2538),(2540,2546,2542),(2548,2543,2547),(2548,2544,2543),
(2551,2547,2541),(2551,2548,2547),(2552,2554,2540),(2556,2541,2555),(2558,
2552,2540),(2560,2558,2540),(2470,2560,2540),(2556,2551,2541),(2562,2555,
2553),(2562,2556,2555),(2558,2564,2552),(2566,2553,2565),(2566,2562,2553),
(2569,2565,2559),(2569,2566,2565),(2560,2570,2558),(2572,2559,2571),(2572,
2569,2559),(2575,2571,2561),(2576,2572,2571),(2575,2576,2571),(2578,2580,
2560),(2582,2561,2581),(2470,2578,2560),(2582,2575,2561),(2585,2581,2579),
(2585,2582,2581),(2470,2586,2578),(2588,2579,2587),(2588,2585,2579),(2591,
2587,2471),(2591,2588,2587),(2592,2594,2470),(2597,2471,2595),(2472,2592,
2470),(2597,2591,2471),(2598,2595,2593),(2598,2597,2595),(2593,2473,2601),
(2593,2601,2598),(2473,1690,2602),(2473,2602,2601),(2258,2603,1689),(1685,
2605,2609),(2611,2606,1684),(1685,2609,1705),(2611,1684,2614),(2211,2618,
1683),(2618,2615,1683),(2607,2619,2608),(2607,2622,2619),(2611,2623,2606),
(1706,2610,2625),(1704,2628,1707),(2631,1706,2625),(1704,2633,2628),(2610,
2621,2625),(1709,2634,2638),(2640,2635,1708),(1709,2638,1701),(2640,1708,
2630),(2636,2643,2637),(2636,2646,2643),(2640,2647,2635),(1703,2639,2649),
(2652,1703,2649),(1702,2654,2655),(1702,2655,2255),(2639,2645,2649),(2624,
2613,2620),(2657,2661,2663),(2666,2660,2659),(2658,2665,2669),(2673,2658,
2669),(2666,2659,2674),(2661,2675,2663),(2662,2678,2676),(2662,2668,2678),
(2664,2677,2680),(2670,2664,2680),(2678,2682,2676),(2613,2626,2620),(2648,
2642,2644),(2683,2687,2689),(2692,2686,2685),(2684,2691,2695),(2699,2684,
2695),(2692,2685,2700),(2687,2701,2689),(2688,2704,2702),(2688,2694,2704),
(2690,2703,2706),(2696,2690,2706),(2704,2708,2702),(2642,2650,2644),(2672,
2671,2709),(2674,2711,2666),(2709,2712,2672),(2671,2714,2709),(2680,2716,
2670),(2698,2697,2717),(2700,2719,2692),(2717,2720,2698),(2697,2722,2717),
(2706,2724,2696),(2612,2725,2627),(2728,2726,2611),(2731,2728,2611),(2731,
2611,2614),(2725,2734,2627),(2625,2736,2738),(2625,2738,2740),(2631,2625,
2740),(2641,2743,2651),(2746,2744,2640),(2749,2746,2640),(2749,2640,2630),
(2743,2752,2651),(2649,2754,2756),(2649,2756,2758),(2652,2649,2758),(2727,
2729,2735),(2729,2737,2735),(2745,2747,2753),(2747,2755,2753),(2730,2761,
2739),(2730,2733,2761),(2761,2741,2739),(2748,2763,2757),(2748,2751,2763),
(2763,2759,2757),(210,2146,2765),(221,217,210),(232,221,210),(266,232,210),
(466,266,210),(466,210,2765),(2767,2146,216),(2146,2769,2765),(2767,2769,
2146),(216,220,224),(216,224,236),(216,236,270),(2767,216,270),(232,225,
221),(224,228,236),(256,229,232),(266,256,232),(236,233,257),(236,257,270),
(266,267,256),(257,271,270),(308,288,266),(392,308,266),(466,392,266),(270,
289,309),(270,309,393),(270,393,470),(2767,270,470),(392,328,308),(309,
329,393),(392,376,328),(329,377,393),(443,424,392),(466,443,392),(393,425,
449),(393,449,470),(466,442,443),(449,448,470),(2212,474,466),(2771,2212,
466),(2773,2771,466),(2773,466,2765),(470,478,2216),(2775,470,2216),(2777,
2767,470),(2779,2777,470),(2781,2779,470),(2783,2781,470),(2785,2783,470),
(2787,2785,470),(2789,2787,470),(2791,2789,470),(2793,2791,470),(2795,2793,
470),(2797,2795,470),(2799,2797,470),(2801,2799,470),(2803,2801,470),(2805,
2803,470),(2807,2805,470),(2775,2807,470),(2771,2809,2212),(2809,2811,2212),
(2811,2813,2212),(2813,2815,2212),(2815,2817,2212),(2817,2819,2212),(2819,
2821,2212),(2821,2823,2212),(2823,2825,2212),(2825,2827,2212),(2827,2829,
2212),(2829,2831,2212),(2831,2833,2212),(2833,2835,2212),(2835,2837,2212),
(2837,2839,2212),(2839,2617,2212),(2216,2841,2775),(2216,2843,2841),(2216,
2222,2843),(2772,2774,2845),(2810,2772,2847),(2772,2845,2847),(2765,2849,
2773),(2849,2851,2773),(2853,2774,2852),(2774,2853,2845),(2855,2766,2770),
(2850,2766,2857),(2766,2855,2857),(2770,2768,2859),(2770,2859,2855),(2859,
2768,2778),(2861,2812,2810),(2861,2810,2847),(2849,2863,2851),(2865,2852,
2864),(2865,2853,2852),(2849,2867,2863),(2869,2868,2850),(2869,2850,2857),
(2871,2778,2780),(2871,2859,2778),(2867,2873,2863),(2875,2864,2874),(2864,
2877,2865),(2877,2864,2875),(2879,2780,2782),(2780,2881,2871),(2881,2780,
2879),(2883,2814,2812),(2885,2812,2861),(2812,2885,2883),(2867,2887,2873),
(2889,2888,2868),(2891,2868,2869),(2868,2891,2889),(2887,2893,2873),(2895,
2874,2894),(2874,2897,2875),(2897,2874,2895),(2899,2782,2784),(2782,2901,
2879),(2901,2782,2899),(2903,2816,2814),(2905,2814,2883),(2814,2905,2903),
(2887,2907,2893),(2909,2908,2888),(2911,2888,2889),(2888,2911,2909),(2907,
2913,2893),(2915,2894,2914),(2894,2917,2895),(2917,2894,2915),(2919,2784,
2786),(2784,2921,2899),(2921,2784,2919),(2923,2818,2816),(2925,2816,2903),
(2816,2925,2923),(2907,2927,2913),(2929,2928,2908),(2931,2908,2909),(2908,
2931,2929),(2927,2933,2913),(2935,2914,2934),(2914,2937,2915),(2937,2914,
2935),(2939,2786,2788),(2786,2941,2919),(2941,2786,2939),(2943,2820,2818),
(2945,2818,2923),(2818,2945,2943),(2927,2947,2933),(2949,2948,2928),(2951,
2928,2929),(2928,2951,2949),(2947,2953,2933),(2955,2934,2954),(2934,2957,
2935),(2957,2934,2955),(2959,2788,2790),(2788,2961,2939),(2961,2788,2959),
(2963,2822,2820),(2965,2820,2943),(2820,2965,2963),(2947,2967,2953),(2969,
2968,2948),(2971,2948,2949),(2948,2971,2969),(2967,2973,2953),(2975,2954,
2974),(2954,2977,2955),(2977,2954,2975),(2979,2790,2792),(2790,2981,2959),
(2981,2790,2979),(2983,2824,2822),(2985,2822,2963),(2822,2985,2983),(2967,
2987,2973),(2989,2988,2968),(2991,2968,2969),(2968,2991,2989),(2987,2993,
2973),(2995,2974,2994),(2974,2997,2975),(2997,2974,2995),(2999,2792,2794),
(2792,3001,2979),(3001,2792,2999),(3003,2826,2824),(3005,2824,2983),(2824,
3005,3003),(2987,3007,2993),(3009,3008,2988),(3011,2988,2989),(2988,3011,
3009),(3007,3013,2993),(3015,2994,3014),(2994,3017,2995),(3017,2994,3015),
(3019,2794,2796),(2794,3021,2999),(3021,2794,3019),(3023,2828,2826),(3025,
2826,3003),(2826,3025,3023),(3007,3027,3013),(3029,3028,3008),(3031,3008,
3009),(3008,3031,3029),(3027,3033,3013),(3035,3014,3034),(3014,3037,3015),
(3037,3014,3035),(3039,2796,2798),(2796,3041,3019),(3041,2796,3039),(3043,
2830,2828),(3045,2828,3023),(2828,3045,3043),(3027,3047,3033),(3049,3048,
3028),(3051,3028,3029),(3028,3051,3049),(3047,3053,3033),(3055,3034,3054),
(3034,3057,3035),(3057,3034,3055),(3059,2798,2800),(2798,3061,3039),(3061,
2798,3059),(3063,2832,2830),(3065,2830,3043),(2830,3065,3063),(3047,3067,
3053),(3069,3068,3048),(3071,3048,3049),(3048,3071,3069),(3067,3073,3053),
(3075,3054,3074),(3054,3077,3055),(3077,3054,3075),(3079,2800,2802),(2800,
3081,3059),(3081,2800,3079),(3083,2834,2832),(3085,2832,3063),(2832,3085,
3083),(3067,3087,3073),(3089,3088,3068),(3091,3068,3069),(3068,3091,3089),
(3087,3093,3073),(3095,3074,3094),(3074,3097,3075),(3097,3074,3095),(3099,
2802,2804),(2802,3101,3079),(3101,2802,3099),(3103,2836,2834),(3105,2834,
3083),(2834,3105,3103),(3087,3107,3093),(3109,3108,3088),(3111,3088,3089),
(3088,3111,3109),(3107,3113,3093),(3115,3094,3114),(3094,3117,3095),(3117,
3094,3115),(3119,2804,2806),(2804,3121,3099),(3121,2804,3119),(3123,2838,
2836),(3125,2836,3103),(2836,3125,3123),(3107,3127,3113),(3129,3128,3108),
(3131,3108,3109),(3108,3131,3129),(3127,3133,3113),(3135,3114,3134),(3114,
3137,3115),(3137,3114,3135),(3139,2806,2808),(2806,3141,3119),(3141,2806,
3139),(3143,2840,2838),(3123,3143,2838),(3127,3145,3133),(3147,3146,3128),
(3129,3147,3128),(2839,3149,2617),(3150,2840,3143),(3145,3151,3133),(3151,
3153,3133),(3155,3134,3154),(3135,3134,3155),(3152,3146,3147),(3157,2808,
2776),(3139,2808,3157),(2617,3149,3159),(2732,2617,3159),(2732,2616,2617),
(3161,3160,3150),(3143,3161,3150),(3153,3151,3163),(3165,3153,3163),(3154,
3166,3167),(3155,3154,3167),(3169,3164,3152),(3147,3169,3152),(2713,3159,
3171),(3172,3160,3173),(2713,2732,3159),(3160,3161,3173),(3175,3165,3163),
(3167,3166,3176),(3175,3163,3177),(3178,3164,3179),(3164,3169,3179),(3181,
2776,2842),(3157,2776,3181),(3183,3175,3177),(3185,3176,3184),(3185,3167,
3176),(3187,2842,2844),(3187,3181,2842),(2713,3171,3189),(3190,3172,3173),
(3183,3177,3191),(3192,3178,3179),(3193,3183,3191),(3195,3184,3194),(3184,
3197,3185),(3197,3184,3195),(2222,3199,2843),(3201,2844,3200),(2844,3203,
3187),(3203,2844,3201),(2713,3189,3205),(3206,3190,3207),(3190,3173,3207),
(3193,3191,3209),(3210,3192,3211),(3192,3179,3211),(3213,3193,3209),(3215,
3194,3214),(3194,3217,3195),(3217,3194,3215),(2222,3219,3199),(3221,3200,
3220),(3200,3223,3201),(3223,3200,3221),(2713,3205,3225),(3226,3206,3227),
(3206,3207,3227),(3213,3209,3229),(3230,3210,3231),(3210,3211,3231),(3233,
3213,3229),(3235,3214,3234),(3214,3237,3215),(3237,3214,3235),(2222,3239,
3219),(3241,3220,3240),(3220,3243,3221),(3243,3220,3241),(2713,3225,3245),
(3246,3226,3247),(3226,3227,3249),(3226,3249,3247),(3233,3229,3251),(3252,
3230,3253),(3230,3231,3255),(3230,3255,3253),(3233,3251,3257),(3259,3233,
3257),(3261,3234,3260),(3234,3263,3235),(3263,3234,3261),(2222,3265,3239),
(3267,3240,3266),(3240,3269,3241),(3269,3240,3267),(2713,3245,3271),(3272,
3246,3247),(3258,3252,3253),(3259,3257,3273),(3275,3259,3273),(3277,3260,
3276),(3260,3279,3261),(3279,3260,3277),(2222,3281,3265),(3283,3266,3282),
(3266,3285,3267),(3285,3266,3283),(2713,3271,3287),(3288,3272,3289),(3272,
3247,3289),(3274,3258,3291),(3258,3253,3291),(3275,3273,3293),(3295,3275,
3293),(3297,3276,3296),(3276,3299,3277),(3299,3276,3297),(2222,3301,3281),
(3303,3282,3302),(3282,3305,3283),(3305,3282,3303),(2713,3287,3307),(3308,
3288,3309),(3288,3289,3309),(3294,3274,3311),(3274,3291,3311),(3295,3293,
3313),(3315,3295,3313),(3317,3296,3316),(3296,3319,3297),(3319,3296,3317),
(2222,3321,3301),(3323,3302,3322),(3302,3325,3303),(3325,3302,3323),(2713,
3307,3327),(3328,3308,3329),(3308,3309,3331),(3308,3331,3329),(3314,3294,
3333),(3294,3311,3335),(3294,3335,3333),(3315,3313,3337),(3339,3315,3337),
(3341,3316,3340),(3316,3343,3317),(3343,3316,3341),(2222,3345,3321),(3347,
3322,3346),(3322,3349,3323),(3349,3322,3347),(2713,3327,3351),(3352,3328,
3353),(3328,3329,3353),(3338,3314,3355),(3314,3333,3355),(3339,3337,3357),
(3359,3339,3357),(3361,3340,3360),(3340,3363,3341),(3363,3340,3361),(2222,
3365,3345),(3367,3346,3366),(3346,3369,3347),(3369,3346,3367),(2713,3351,
3371),(3372,3352,3373),(3352,3353,3373),(3358,3338,3375),(3338,3355,3375),
(3359,3357,3377),(3379,3359,3377),(3381,3360,3380),(3360,3383,3361),(3383,
3360,3381),(2222,3385,3365),(3387,3366,3386),(3366,3389,3367),(3389,3366,
3387),(2713,3371,3391),(3392,3372,3393),(3372,3373,3393),(3378,3358,3395),
(3358,3375,3395),(3379,3377,3397),(3399,3379,3397),(3401,3380,3400),(3380,
3403,3381),(3403,3380,3401),(2222,3405,3385),(3407,3386,3406),(3386,3409,
3387),(3409,3386,3407),(2713,3391,3411),(3412,3392,3413),(3392,3393,3413),
(3398,3378,3415),(3378,3395,3415),(2713,2762,2732),(2667,3411,3417),(3418,
3412,3419),(2667,2713,3411),(3412,3413,3419),(3399,3397,3421),(3423,3399,
3421),(3425,3400,3424),(3400,3427,3401),(3427,3400,3425),(3422,3398,3429),
(3398,3415,3429),(2222,3431,3405),(3433,3406,3432),(3406,3435,3407),(3435,
3406,3433),(2667,3417,3437),(3438,3418,3439),(3418,3419,3439),(3423,3421,
3441),(3443,3423,3441),(3445,3424,3444),(3424,3447,3425),(3447,3424,3445),
(3442,3422,3449),(3422,3429,3449),(2222,3451,3431),(3453,3432,3452),(3432,
3455,3433),(3455,3432,3453),(2667,3437,3457),(3459,3458,3438),(3439,3459,
3438),(3443,3441,3461),(2667,3463,3443),(3465,3444,3464),(2667,3443,3461),
(3444,3467,3445),(3467,3444,3465),(3469,3462,3442),(3449,3469,3442),(2222,
3471,3451),(3473,3452,3472),(3452,3475,3453),(3475,3452,3473),(2667,3457,
3463),(3464,3458,3477),(3458,3459,3477),(3465,3464,3477),(3479,3462,3469),
(3461,3480,3481),(3461,3482,2667),(3461,3481,3482),(3483,3472,3479),(3481,
3480,3471),(3479,3469,3483),(2222,3481,3471),(3473,3472,3483),(2713,2710,
2762),(3482,2679,2667),(2762,2710,2715),(2742,2762,2715),(2681,2679,3482),
(2222,3485,3487),(3487,3489,2222),(2222,3491,3485),(3489,3481,2222),(2222,
3493,3491),(2222,3495,3493),(2222,3497,3495),(2222,3499,3497),(2222,3501,
3499),(2222,3503,3501),(2222,3505,3503),(2222,3507,3505),(2222,3509,3507),
(2222,3511,3509),(2222,3513,3511),(2222,3515,3513),(2222,3517,3515),(2222,
3519,3517),(2222,3521,3519),(2222,2220,3521),(2715,2681,3523),(2742,2715,
3523),(2681,3525,3523),(2681,3482,3525),(2750,2632,2742),(2750,2629,2632),
(2742,3523,3527),(2742,3527,3529),(2742,3529,3531),(2742,3531,3533),(2742,
3533,3535),(2742,3535,3537),(2742,3537,3539),(2742,3539,3541),(2742,3541,
3543),(2742,3543,3545),(2742,3545,3547),(2742,3547,3549),(2742,3549,3551),
(2742,3551,3553),(2742,3553,3555),(2742,3555,3557),(3557,2750,2742),(3559,
3524,3526),(3528,3524,3561),(3524,3559,3561),(3526,3563,3565),(3564,3525,
3482),(3526,3565,3559),(3489,3567,3564),(3565,3563,3568),(3489,3564,3481),
(3564,3482,3481),(3488,3486,3569),(3490,3488,3571),(3488,3569,3571),(3573,
3486,3492),(3486,3573,3569),(3575,3530,3528),(3575,3528,3561),(3489,3577,
3567),(3579,3568,3578),(3579,3565,3568),(3489,3581,3577),(3583,3582,3490),
(3583,3490,3571),(3585,3492,3494),(3585,3573,3492),(3581,3587,3577),(3578,
3588,3589),(3578,3591,3579),(3591,3578,3593),(3578,3595,3593),(3595,3578,
3589),(3597,3494,3496),(3494,3599,3585),(3599,3494,3597),(3601,3532,3530),
(3603,3530,3575),(3530,3603,3601),(3581,3605,3587),(3607,3606,3582),(3609,
3582,3583),(3582,3609,3607),(3605,3611,3587),(3589,3588,3612),(3613,3496,
3498),(3496,3615,3597),(3615,3496,3613),(3617,3534,3532),(3619,3532,3601),
(3532,3619,3617),(3605,3621,3611),(3623,3622,3606),(3625,3606,3607),(3606,
3625,3623),(3621,3627,3611),(3629,3612,3628),(3612,3631,3589),(3631,3612,
3629),(3633,3498,3500),(3498,3635,3613),(3635,3498,3633),(3637,3536,3534),
(3639,3534,3617),(3534,3639,3637),(3621,3641,3627),(3643,3642,3622),(3645,
3622,3623),(3622,3645,3643),(3641,3647,3627),(3649,3628,3648),(3628,3651,
3629),(3651,3628,3649),(3653,3500,3502),(3500,3655,3633),(3655,3500,3653),
(3657,3538,3536),(3659,3536,3637),(3536,3659,3657),(3641,3661,3647),(3663,
3662,3642),(3665,3642,3643),(3642,3665,3663),(3661,3667,3647),(3669,3648,
3668),(3648,3671,3649),(3671,3648,3669),(3673,3502,3504),(3502,3675,3653),
(3675,3502,3673),(3677,3540,3538),(3679,3538,3657),(3538,3679,3677),(3661,
3681,3667),(3683,3682,3662),(3685,3662,3663),(3662,3685,3683),(3681,3687,
3667),(3689,3668,3688),(3668,3691,3669),(3691,3668,3689),(3693,3504,3506),
(3504,3695,3673),(3695,3504,3693),(3697,3542,3540),(3699,3540,3677),(3540,
3699,3697),(3681,3701,3687),(3703,3702,3682),(3705,3682,3683),(3682,3705,
3703),(3701,3707,3687),(3709,3688,3708),(3688,3711,3689),(3711,3688,3709),
(3713,3506,3508),(3506,3715,3693),(3715,3506,3713),(3717,3544,3542),(3719,
3542,3697),(3542,3719,3717),(3701,3721,3707),(3723,3722,3702),(3725,3702,
3703),(3702,3725,3723),(3721,3727,3707),(3729,3708,3728),(3708,3731,3709),
(3731,3708,3729),(3733,3508,3510),(3508,3735,3713),(3735,3508,3733),(3737,
3546,3544),(3739,3544,3717),(3544,3739,3737),(3721,3741,3727),(3743,3742,
3722),(3745,3722,3723),(3722,3745,3743),(3741,3747,3727),(3749,3728,3748),
(3728,3751,3729),(3751,3728,3749),(3753,3510,3512),(3510,3755,3733),(3755,
3510,3753),(3757,3548,3546),(3759,3546,3737),(3546,3759,3757),(3741,3761,
3747),(3763,3762,3742),(3765,3742,3743),(3742,3765,3763),(3761,3767,3747),
(3769,3748,3768),(3748,3771,3749),(3771,3748,3769),(3773,3512,3514),(3512,
3775,3753),(3775,3512,3773),(3777,3550,3548),(3779,3548,3757),(3548,3779,
3777),(3761,3781,3767),(3783,3782,3762),(3785,3762,3763),(3762,3785,3783),
(3781,3787,3767),(3789,3768,3788),(3768,3791,3769),(3791,3768,3789),(3793,
3514,3516),(3514,3795,3773),(3795,3514,3793),(3797,3552,3550),(3799,3550,
3777),(3550,3799,3797),(3781,3801,3787),(3803,3802,3782),(3805,3782,3783),
(3782,3805,3803),(3801,3807,3787),(3809,3788,3808),(3788,3811,3789),(3811,
3788,3809),(3813,3516,3518),(3516,3815,3793),(3815,3516,3813),(3817,3554,
3552),(3819,3552,3797),(3552,3819,3817),(3801,3821,3807),(3823,3822,3802),
(3825,3802,3803),(3802,3825,3823),(3821,3827,3807),(3829,3808,3828),(3808,
3831,3809),(3831,3808,3829),(3833,3518,3520),(3518,3835,3813),(3835,3518,
3833),(3837,3556,3554),(3839,3554,3817),(3554,3839,3837),(3821,3841,3827),
(3843,3842,3822),(3845,3822,3823),(3822,3845,3843),(3841,3847,3827),(3849,
3828,3848),(3828,3851,3829),(3851,3828,3849),(3853,3520,3522),(3520,3855,
3833),(3855,3520,3853),(3857,3558,3556),(3837,3857,3556),(3841,3859,3847),
(3861,3860,3842),(3843,3861,3842),(3557,3863,2750),(3558,3865,3864),(3558,
3857,3865),(3859,3867,3847),(3867,3869,3847),(3871,3848,3870),(3849,3848,
3871),(3868,3860,3861),(2220,3873,3521),(3875,3522,3874),(3853,3522,3875),
(3869,3867,3877),(3879,3869,3877),(3870,3880,3881),(3871,3870,3881),(3883,
3878,3868),(3861,3883,3868),(3885,3873,2220),(3874,3886,3887),(3875,3874,
3887),(3885,2220,2475),(3863,3889,2750),(3890,3864,3891),(3864,3865,3891),
(3893,3879,3877),(3881,3880,3894),(3893,3877,3895),(3896,3878,3897),(3878,
3883,3897),(3899,3885,2475),(3887,3886,3900),(3901,3893,3895),(3903,3894,
3902),(3903,3881,3894),(3905,3899,2475),(3907,3900,3906),(3907,3887,3900),
(3889,3909,2750),(3910,3890,3891),(3901,3895,3911),(3912,3896,3897),(3913,
3901,3911),(3915,3902,3914),(3902,3917,3903),(3917,3902,3915),(3919,3905,
2475),(3921,3906,3920),(3906,3923,3907),(3923,3906,3921),(3909,3925,2750),
(3926,3910,3927),(3910,3891,3927),(3913,3911,3929),(3930,3912,3931),(3912,
3897,3931),(3933,3913,3929),(3935,3914,3934),(3914,3937,3915),(3937,3914,
3935),(3939,3919,2475),(3941,3920,3940),(3920,3943,3921),(3943,3920,3941),
(3925,3945,2750),(3946,3926,3947),(3926,3927,3947),(3933,3929,3949),(3950,
3930,3951),(3930,3931,3951),(3953,3933,3949),(3955,3934,3954),(3934,3957,
3935),(3957,3934,3955),(3959,3939,2475),(3961,3940,3960),(3940,3963,3941),
(3963,3940,3961),(3945,3965,2750),(3966,3946,3967),(3946,3947,3969),(3946,
3969,3967),(3953,3949,3971),(3972,3950,3973),(3950,3951,3975),(3950,3975,
3973),(3953,3971,3977),(3979,3953,3977),(3981,3954,3980),(3954,3983,3955),
(3983,3954,3981),(3985,3959,2475),(3987,3960,3986),(3960,3989,3961),(3989,
3960,3987),(3965,3991,2750),(3992,3966,3967),(3978,3972,3973),(3979,3977,
3993),(3995,3979,3993),(3997,3980,3996),(3980,3999,3981),(3999,3980,3997),
(4001,3985,2475),(4003,3986,4002),(3986,4005,3987),(4005,3986,4003),(3991,
4007,2750),(4008,3992,4009),(3992,3967,4009),(3994,3978,4011),(3978,3973,
4011),(3995,3993,4013),(4015,3995,4013),(4017,3996,4016),(3996,4019,3997),
(4019,3996,4017),(4021,4001,2475),(4023,4002,4022),(4002,4025,4003),(4025,
4002,4023),(4007,4027,2750),(4028,4008,4029),(4008,4009,4029),(4014,3994,
4031),(3994,4011,4031),(4015,4013,4033),(4035,4015,4033),(4037,4016,4036),
(4016,4039,4017),(4039,4016,4037),(4041,4021,2475),(4043,4022,4042),(4022,
4045,4023),(4045,4022,4043),(4027,4047,2750),(4048,4028,4049),(4028,4029,
4051),(4028,4051,4049),(4034,4014,4053),(4014,4031,4055),(4014,4055,4053),
(4035,4033,4057),(4059,4035,4057),(4061,4036,4060),(4036,4063,4037),(4063,
4036,4061),(4065,4041,2475),(4067,4042,4066),(4042,4069,4043),(4069,4042,
4067),(4047,4071,2750),(4072,4048,4073),(4048,4049,4073),(4058,4034,4075),
(4034,4053,4075),(4059,4057,4077),(4079,4059,4077),(4081,4060,4080),(4060,
4083,4061),(4083,4060,4081),(4085,4065,2475),(4087,4066,4086),(4066,4089,
4067),(4089,4066,4087),(4071,4091,2750),(4092,4072,4093),(4072,4073,4093),
(4078,4058,4095),(4058,4075,4095),(4079,4077,4097),(4099,4079,4097),(4101,
4080,4100),(4080,4103,4081),(4103,4080,4101),(4105,4085,2475),(4107,4086,
4106),(4086,4109,4087),(4109,4086,4107),(4091,4111,2750),(4112,4092,4113),
(4092,4093,4113),(4098,4078,4115),(4078,4095,4115),(4099,4097,4117),(4119,
4099,4117),(4121,4100,4120),(4100,4123,4101),(4123,4100,4121),(4125,4105,
2475),(4127,4106,4126),(4106,4129,4107),(4129,4106,4127),(4111,4131,2750),
(4132,4112,4133),(4112,4113,4133),(4118,4098,4135),(4098,4115,4135),(4131,
4137,2750),(4138,4132,4139),(4132,4133,4139),(4119,4117,4141),(4143,4119,
4141),(4145,4120,4144),(4120,4147,4121),(4147,4120,4145),(4142,4118,4149),
(4118,4135,4149),(4151,4125,2475),(4153,4126,4152),(4126,4155,4127),(4155,
4126,4153),(4137,4157,2750),(4158,4138,4159),(4138,4139,4159),(4143,4141,
4161),(4163,4143,4161),(4165,4144,4164),(4144,4167,4145),(4167,4144,4165),
(4162,4142,4169),(4142,4149,4169),(4171,4151,2475),(4173,4152,4172),(4152,
4175,4153),(4175,4152,4173),(4157,4177,2750),(4179,4178,4158),(4159,4179,
4158),(4163,4161,4181),(4183,4163,4181),(4185,4164,4184),(4164,4187,4165),
(4187,4164,4185),(4189,4182,4162),(4169,4189,4162),(4191,4171,2475),(4193,
4172,4192),(4172,4195,4173),(4195,4172,4193),(4177,4197,2693),(4198,4178,
4179),(4177,2721,2750),(4177,2693,2721),(4199,4184,4198),(4201,4197,4183),
(4197,4201,2693),(4198,4179,4199),(4181,2475,4183),(2475,4201,4183),(4185,
4184,4199),(4181,4191,2475),(4192,4182,4202),(4182,4189,4202),(4193,4192,
4202),(2721,2764,2750),(2721,2718,2764),(4201,2705,2693),(2764,2718,2723),
(2760,2764,2723),(2707,2705,4201),(2475,4204,4206),(4206,4201,2475),(2475,
4208,4204),(2475,4210,4208),(2475,4212,4210),(2475,4214,4212),(2475,4216,
4214),(2475,4218,4216),(2475,4220,4218),(2475,4222,4220),(2475,4224,4222),
(2475,4226,4224),(2475,4228,4226),(2475,4230,4228),(2475,4232,4230),(2475,
4234,4232),(2475,4236,4234),(2475,2469,4236),(2475,2462,2469),(4238,2723,
2707),(4240,2760,2723),(4238,4242,2723),(4242,4244,2723),(4244,4246,2723),
(4246,4248,2723),(4248,4250,2723),(4250,4252,2723),(4252,4254,2723),(4254,
4256,2723),(4256,4258,2723),(4258,4240,2723),(4206,4260,2707),(4260,4262,
2707),(4206,2707,4201),(4262,4264,2707),(4264,4266,2707),(4266,4268,2707),
(4268,4270,2707),(4270,4238,2707),(4240,2653,2760),(4240,2656,2653),(4261,
4207,4272),(4263,4261,4274),(4261,4272,4276),(4261,4276,4274),(4272,4207,
4205),(4278,4265,4263),(4278,4263,4274),(4205,4209,4280),(4282,4272,4205),
(4205,4284,4282),(4284,4205,4280),(4209,4211,4286),(4209,4288,4280),(4288,
4209,4286),(4290,4267,4265),(4292,4265,4278),(4265,4292,4290),(4286,4211,
4213),(4294,4269,4267),(4296,4267,4290),(4267,4296,4294),(4213,4215,4298),
(4213,4300,4286),(4300,4213,4302),(4213,4304,4302),(4304,4213,4298),(4271,
4269,4294),(4298,4215,4217),(4306,4239,4271),(4308,4271,4294),(4271,4308,
4310),(4312,4271,4310),(4271,4312,4306),(4314,4217,4219),(4217,4316,4298),
(4316,4217,4314),(4318,4243,4239),(4320,4239,4306),(4239,4320,4318),(4322,
4219,4221),(4219,4324,4314),(4324,4219,4322),(4245,4243,4318),(4326,4221,
4223),(4221,4328,4322),(4328,4221,4326),(4330,4247,4245),(4332,4245,4318),
(4245,4332,4334),(4336,4245,4334),(4245,4336,4330),(4338,4223,4225),(4223,
4340,4326),(4340,4223,4338),(4342,4249,4247),(4344,4247,4330),(4247,4344,
4342),(4225,4227,4346),(4225,4348,4338),(4348,4225,4350),(4225,4352,4350),
(4352,4225,4346),(4251,4249,4342),(4346,4227,4229),(4354,4253,4251),(4356,
4251,4342),(4251,4356,4358),(4360,4251,4358),(4251,4360,4354),(4362,4229,
4231),(4229,4364,4346),(4364,4229,4362),(4366,4255,4253),(4368,4253,4354),
(4253,4368,4366),(4370,4231,4233),(4231,4372,4362),(4372,4231,4370),(4257,
4255,4366),(4233,4235,4374),(4233,4376,4370),(4376,4233,4378),(4378,4233,
4374),(4259,4257,4380),(4382,4257,4366),(4257,4382,4380),(4374,4235,4237),
(4384,4241,4259),(4386,4259,4380),(4259,4386,4388),(4388,4384,4259),(4240,
4390,2656),(4391,4241,4384),(2469,2479,4236),(2479,2480,4236),(2480,2487,
4236),(2487,2497,4236),(2497,2501,4236),(2501,2502,4236),(2502,2507,4236),
(2507,2511,4236),(2511,2508,4236),(2508,2517,4236),(2517,2518,4236),(2518,
2523,4236),(2523,2524,4236),(2524,2530,4236),(2530,2533,4236),(2533,2534,
4236),(2534,4392,4236),(4394,4237,4393),(4374,4237,4394),(2534,2539,4392),
(2656,4390,4396),(2256,2656,4396),(4398,4397,4391),(4384,4398,4391),(4392,
2539,2545),(4400,4392,2545),(4393,4401,4402),(4394,4393,4402),(4400,2545,
2549),(4400,2549,2550),(4400,2550,2557),(4400,2557,2563),(4400,2563,2567),
(4400,2567,2568),(4400,2568,2573),(4400,2573,2577),(4400,2577,2574),(4400,
2574,2583),(4400,2583,2584),(4400,2584,2589),(4400,2589,2590),(4400,2590,
2596),(4400,2596,2599),(4400,2599,2600),(2600,2604,2257),(4400,2600,991),
(2600,2257,991),(987,4396,4404),(4405,4397,4406),(778,2256,4396),(987,778,
4396),(4397,4398,4406),(4408,4400,991),(4402,4401,4409),(4410,4408,991),
(4412,4409,4411),(4412,4402,4409),(987,4404,4414),(4415,4405,4406),(4416,
4410,991),(4418,4411,4417),(4411,4420,4412),(4420,4411,4418),(987,4414,
4422),(4423,4415,4424),(4415,4406,4424),(4426,4416,991),(4428,4417,4427),
(4417,4430,4418),(4430,4417,4428),(987,4422,4432),(4433,4423,4434),(4423,
4424,4434),(4436,4426,991),(4427,4437,4438),(4427,4440,4428),(4440,4427,
4442),(4427,4444,4442),(4444,4427,4438),(987,4432,4446),(4447,4433,4448),
(4433,4434,4450),(4433,4450,4448),(4452,4436,991),(4438,4437,4453),(987,
4446,4454),(4455,4447,4448),(4456,4452,991),(4453,4457,4458),(4453,4460,
4438),(4460,4453,4462),(4453,4464,4462),(4464,4453,4458),(987,4454,4466),
(4467,4455,4468),(4455,4448,4468),(4470,4456,991),(4458,4457,4471),(987,
4466,4472),(4473,4467,4474),(4467,4468,4474),(4476,4470,991),(4471,4477,
4478),(4471,4480,4458),(4480,4471,4482),(4471,4484,4482),(4484,4471,4478),
(987,4472,4486),(4487,4473,4488),(4473,4474,4490),(4473,4490,4488),(4492,
4476,991),(4478,4477,4493),(987,4486,4494),(4495,4487,4496),(4487,4488,
4496),(4498,4492,991),(4500,4493,4499),(4493,4502,4478),(4502,4493,4500),
(987,4494,4504),(4505,4495,4506),(4495,4496,4506),(4508,4498,991),(4499,
4509,4510),(4499,4512,4500),(4512,4499,4514),(4499,4516,4514),(4516,4499,
4510),(987,4504,4518),(4519,4505,4520),(4505,4506,4520),(987,4518,4522),
(4523,4519,4524),(4519,4520,4524),(4526,4508,991),(4510,4509,4527),(987,
4522,4528),(4529,4523,4530),(4523,4524,4530),(4532,4526,991),(4534,4527,
4533),(4527,4536,4510),(4536,4527,4534),(987,4528,4538),(4539,4529,4540),
(4529,4530,4540),(4542,4532,991),(4533,4543,4544),(4533,4546,4534),(4546,
4533,4548),(4548,4533,4544),(987,4538,4550),(4552,4551,4539),(4540,4552,
4539),(4554,4542,991),(4544,4543,4555),(987,4550,4554),(4555,4551,4556),
(4551,4552,4556),(987,4554,991),(4544,4555,4556),(664,646,2256),(695,664,
2256),(778,695,2256),(2257,650,665),(2257,665,705),(2257,705,786),(2257,
786,991),(695,670,664),(665,674,705),(722,694,695),(778,722,695),(705,704,
730),(705,730,786),(778,755,722),(730,761,786),(850,829,778),(894,850,778),
(987,894,778),(786,835,856),(786,856,904),(786,904,991),(894,872,850),(856,
880,904),(894,898,872),(880,908,904),(973,944,894),(987,973,894),(904,952,
983),(904,983,991),(987,969,973),(983,979,991),(991,1015,987),(1009,997,
987),(1015,1009,987),(991,1003,1015),(4558,1992,2002),(4561,2002,1998),
(4561,4558,2002),(2008,1992,4558),(4562,1998,2012),(4562,4561,1998),(2014,
2008,4565),(2008,4558,4565),(4566,2012,2024),(2024,2020,4566),(4569,4562,
2012),(4566,4569,2012),(2030,2014,4570),(2014,4565,4573),(2014,4573,4570),
(4570,2028,2030),(4574,2020,2034),(4574,4566,2020),(2038,2028,4577),(2028,
4570,4577),(2034,2032,4574),(4577,2036,2038),(4578,2032,2044),(4578,4574,
2032),(2052,2036,4581),(2036,4577,4581),(2044,2042,4578),(4581,2050,2052),
(4582,2042,2056),(4582,4578,2042),(2060,2050,4585),(2050,4581,4585),(2056,
2054,4582),(4585,2058,2060),(4586,2054,2070),(4586,4582,2054),(2076,2058,
4589),(2058,4585,4589),(2070,2066,4586),(4589,2074,2076),(4586,2066,2080),
(2084,2074,4589),(2080,2078,4586),(4589,2082,2084),(4590,2078,2088),(2078,
4590,4586),(2102,2082,4593),(4589,4593,2082),(2088,2086,4590),(4593,2094,
2102),(4594,2086,2106),(2086,4597,4590),(4594,4597,2086),(2108,2094,4598),
(4593,4601,2094),(2094,4601,4598),(2106,2112,4594),(4598,2118,2108),(2112,
2110,4594),(4598,2116,2118),(4602,2110,2130),(4602,4594,2110),(2136,2116,
4605),(2116,4598,4605),(4602,2130,2124),(2134,2136,4605),(4606,2124,2140),
(4606,4602,2124),(2144,2134,4609),(2134,4605,4609),(4606,2140,2138),(2142,
2144,4609),(4606,2138,2152),(2160,2142,4609),(4606,2152,2150),(2158,2160,
4609),(4610,2150,2164),(2150,4610,4606),(2168,2158,4613),(4609,4613,2158),
(4610,2164,2162),(2166,2168,4613),(4614,2162,2176),(2162,4614,4610),(2182,
2166,4617),(4613,4617,2166),(4614,2176,2174),(2180,2182,4617),(4618,2174,
2186),(2174,4618,4614),(2190,2180,4621),(4617,4621,2180),(4618,2186,2184),
(2188,2190,4621),(4622,2184,2196),(2184,4622,4618),(2202,2188,4625),(4621,
4625,2188),(4622,2196,2194),(2200,2202,4625),(4626,2194,2204),(2194,4629,
4622),(4626,4629,2194),(2206,2200,4630),(4625,4633,2200),(2200,4633,4630),
(2204,2224,4634),(2204,4634,4626),(4637,2226,2206),(4630,4637,2206),(4638,
2224,2230),(4640,4634,2224),(4638,4640,2224),(4643,2234,2226),(2226,4637,
4645),(2226,4645,4643),(4646,2846,2854),(2848,2846,4649),(2846,4646,4649),
(4650,2854,2866),(4653,4646,2854),(4650,4653,2854),(4654,2856,2860),(2858,
2856,4657),(2856,4654,4657),(4658,2860,2872),(4661,4654,2860),(4658,4661,
2860),(2862,2848,4662),(2848,4649,4662),(2866,2878,4650),(2878,2876,4650),
(2870,2858,4665),(2858,4657,4665),(2872,2882,4658),(2882,2880,4658),(2876,
2898,4650),(2880,2902,4658),(2886,2862,4666),(2862,4662,4666),(2898,2896,
4669),(2898,4669,4650),(2892,2870,4670),(2870,4665,4670),(2902,2900,4673),
(2902,4673,4658),(2896,2918,4669),(2900,2922,4673),(2884,2886,4674),(2906,
2884,4674),(2886,4666,4674),(2918,2916,4677),(2918,4677,4669),(2890,2892,
4678),(2912,2890,4678),(2892,4670,4678),(2922,2920,4681),(2922,4681,4673),
(2916,2938,4677),(2920,2942,4681),(2904,2906,4682),(2926,2904,4682),(2906,
4674,4682),(2938,2936,4685),(2938,4685,4677),(2910,2912,4686),(2932,2910,
4686),(2912,4678,4686),(2942,2940,4689),(2942,4689,4681),(2936,2958,4685),
(2940,2962,4689),(2924,2926,4690),(2926,4682,4690),(2958,2956,4693),(2958,
4693,4685),(2930,2932,4694),(2932,4686,4694),(2962,2960,4697),(2962,4697,
4689),(2946,2924,4690),(2952,2930,4694),(2956,2978,4693),(2960,2982,4697),
(2944,2946,4698),(2946,4690,4698),(2978,2976,4701),(2978,4701,4693),(2950,
2952,4702),(2952,4694,4702),(2982,2980,4705),(2982,4705,4697),(2966,2944,
4698),(2972,2950,4702),(2976,2998,4701),(2980,3002,4705),(2964,2966,4698),
(2998,2996,4706),(2998,4709,4701),(4706,4709,2998),(2970,2972,4702),(3002,
3000,4710),(3002,4713,4705),(4710,4713,3002),(2986,2964,4698),(2992,2970,
4702),(2996,3018,4706),(3000,3022,4710),(2984,2986,4714),(4698,4714,2986),
(3018,3016,4717),(4717,4706,3018),(2990,2992,4718),(4702,4718,2992),(3022,
3020,4721),(4721,4710,3022),(3006,2984,4714),(3012,2990,4718),(3016,3038,
4717),(3020,3042,4721),(3004,3006,4722),(4714,4725,3006),(3006,4725,4722),
(3038,3036,4717),(3010,3012,4726),(4718,4729,3012),(3012,4729,4726),(3042,
3040,4721),(3026,3004,4722),(3032,3010,4726),(3036,3058,4717),(3040,3062,
4721),(3024,3026,4730),(3026,4722,4730),(3058,3056,4733),(3058,4733,4717),
(3030,3032,4734),(3032,4726,4734),(3062,3060,4737),(3062,4737,4721),(3046,
3024,4730),(3052,3030,4734),(3056,3078,4733),(3060,3082,4737),(3044,3046,
4738),(3046,4730,4738),(3078,3076,4741),(3078,4741,4733),(3050,3052,4742),
(3052,4734,4742),(3082,3080,4745),(3082,4745,4737),(3066,3044,4738),(3072,
3050,4742),(3076,3098,4741),(3080,3102,4745),(3064,3066,4746),(3066,4738,
4746),(3098,3096,4749),(3098,4749,4741),(3070,3072,4750),(3072,4742,4750),
(3102,3100,4753),(3102,4753,4745),(3086,3064,4746),(3092,3070,4750),(3096,
3118,4749),(3100,3122,4753),(3084,3086,4754),(3086,4746,4754),(3118,3116,
4757),(3118,4757,4749),(3090,3092,4758),(3092,4750,4758),(3122,3120,4761),
(3122,4761,4753),(3106,3084,4754),(3112,3090,4758),(3116,3138,4757),(3120,
3142,4761),(3104,3106,4762),(3106,4754,4762),(3138,3136,4765),(3138,4765,
4757),(3110,3112,4766),(3112,4758,4766),(3142,3140,4769),(3142,4769,4761),
(3126,3104,4762),(3132,3110,4766),(3124,3126,4762),(3136,3156,4770),(3136,
4773,4765),(3136,4770,4773),(3130,3132,4766),(3140,3158,4774),(3140,4777,
4769),(3140,4774,4777),(4762,3144,3124),(4766,3148,3130),(4778,3162,3144),
(4762,4781,3144),(3144,4781,4778),(3156,3168,4782),(4782,4770,3156),(4785,
3170,3148),(4766,4786,3148),(3148,4786,4785),(3158,3182,4789),(4789,4774,
3158),(3174,3162,4790),(4778,4793,3162),(3162,4793,4790),(4794,3168,3186),
(3168,4797,4782),(4794,4797,3168),(3180,3170,4798),(4785,4801,3170),(3170,
4801,4798),(4802,3182,3188),(3182,4805,4789),(4802,4805,3182),(3186,3198,
4794),(3188,3204,4802),(3208,3174,4790),(3198,3196,4794),(3212,3180,4798),
(3204,3202,4802),(3196,3218,4794),(3202,3224,4802),(3228,3208,4806),(3208,
4790,4806),(3218,3216,4809),(3218,4809,4794),(3232,3212,4810),(3212,4798,
4810),(3224,3222,4813),(3224,4813,4802),(3216,3238,4809),(3222,3244,4813),
(3250,3228,4814),(3228,4806,4814),(3238,3236,4817),(3238,4817,4809),(3256,
3232,4818),(3232,4810,4818),(3244,3242,4821),(3244,4821,4813),(3236,3264,
4817),(3242,3270,4821),(3248,3250,4822),(3250,4814,4825),(3250,4825,4822),
(3264,3262,4826),(3264,4826,4817),(3254,3256,4829),(3256,4818,4830),(3256,
4830,4829),(3270,3268,4833),(3270,4833,4821),(3262,3280,4826),(3268,3286,
4833),(3290,3248,4822),(3280,3278,4834),(3280,4834,4826),(3292,3254,4829),
(3286,3284,4837),(3286,4837,4833),(3278,3300,4834),(3284,3306,4837),(3310,
3290,4838),(3290,4822,4838),(3300,3298,4841),(3300,4841,4834),(3312,3292,
4842),(3292,4829,4842),(3306,3304,4845),(3306,4845,4837),(3298,3320,4841),
(3304,3326,4845),(3332,3310,4846),(3310,4838,4846),(3320,3318,4849),(3320,
4850,4841),(4849,4850,3320),(3336,3312,4853),(3312,4842,4853),(3326,3324,
4854),(3326,4857,4845),(4854,4857,3326),(3318,3344,4849),(3324,3350,4854),
(3330,3332,4858),(3332,4846,4861),(3332,4861,4858),(3344,3342,4862),(4862,
4849,3344),(3334,3336,4865),(3336,4853,4866),(3336,4866,4865),(3350,3348,
4869),(4869,4854,3350),(3342,3364,4862),(3348,3370,4869),(3354,3330,4870),
(3330,4858,4870),(3364,3362,4862),(3356,3334,4873),(3334,4865,4873),(3370,
3368,4869),(3362,3384,4862),(3368,3390,4869),(3374,3354,4874),(3354,4870,
4874),(3384,3382,4877),(3384,4877,4862),(3376,3356,4878),(3356,4873,4878),
(3390,3388,4881),(3390,4881,4869),(3382,3404,4877),(3388,3410,4881),(3394,
3374,4882),(3374,4874,4882),(3404,3402,4885),(3404,4885,4877),(3396,3376,
4886),(3376,4878,4886),(3410,3408,4889),(3410,4889,4881),(3402,3428,4885),
(3408,3436,4889),(3414,3394,4890),(3394,4882,4890),(3428,3426,4893),(3428,
4893,4885),(3416,3396,4894),(3396,4886,4894),(3436,3434,4897),(3436,4897,
4889),(3420,3414,4898),(3414,4890,4898),(3426,3448,4893),(3448,3446,4901),
(3448,4901,4893),(3430,3416,4902),(3416,4894,4902),(3434,3456,4897),(3456,
3454,4905),(3456,4905,4897),(3440,3420,4906),(3420,4898,4906),(3446,3468,
4901),(3468,3466,4909),(3468,4909,4901),(3450,3430,4910),(3430,4902,4910),
(3454,3476,4905),(3476,3474,4913),(3476,4913,4905),(4914,3460,3440),(4906,
4914,3440),(3466,3478,4917),(3466,4917,4909),(4918,3470,3450),(4910,4918,
3450),(3474,3484,4921),(3474,4921,4913),(4922,3478,3460),(4914,4922,3460),
(3478,4922,4917),(3484,3470,4924),(3470,4918,4924),(3484,4924,4921),(3560,
3566,4927),(3562,3560,4928),(3560,4927,4928),(4931,3566,3580),(3566,4931,
4927),(4932,3570,3574),(3572,3570,4935),(3570,4932,4935),(4936,3574,3586),
(4939,4932,3574),(4936,4939,3574),(3576,3562,4940),(3562,4928,4940),(3580,
3592,4931),(3592,3594,4943),(3592,4943,4931),(3584,3572,4944),(3572,4935,
4944),(3586,3600,4936),(3600,3598,4936),(3594,3596,4943),(3598,3616,4936),
(3604,3576,4947),(3576,4940,4947),(3596,3590,4948),(3596,4951,4943),(4948,
4951,3596),(3610,3584,4952),(3584,4944,4952),(3616,3614,4955),(3616,4955,
4936),(3590,3632,4948),(3614,3636,4955),(3602,3604,4956),(3620,3602,4956),
(3604,4947,4956),(3632,3630,4948),(3608,3610,4959),(3626,3608,4959),(3610,
4952,4959),(3636,3634,4960),(3636,4960,4955),(3630,3652,4948),(3634,3656,
4960),(3618,3620,4963),(3640,3618,4963),(3620,4956,4963),(3652,3650,4964),
(3652,4967,4948),(4964,4967,3652),(3624,3626,4968),(3646,3624,4968),(3626,
4959,4968),(3656,3654,4971),(3656,4971,4960),(3650,3672,4964),(3654,3676,
4971),(3638,3640,4972),(3640,4963,4972),(3672,3670,4964),(3644,3646,4975),
(3646,4968,4975),(3676,3674,4976),(3676,4976,4971),(3660,3638,4972),(3666,
3644,4975),(3670,3692,4964),(3674,3696,4976),(3658,3660,4979),(3660,4972,
4979),(3692,3690,4980),(3692,4983,4964),(4980,4983,3692),(3664,3666,4984),
(3666,4975,4984),(3696,3694,4987),(3696,4987,4976),(3680,3658,4979),(3686,
3664,4984),(3690,3712,4980),(3694,3716,4987),(3678,3680,4979),(3712,3710,
4980),(3684,3686,4984),(3716,3714,4988),(3716,4991,4987),(4988,4991,3716),
(3700,3678,4979),(3706,3684,4984),(3710,3732,4980),(3714,3736,4988),(3698,
3700,4992),(4979,4992,3700),(3732,3730,4995),(3732,4995,4980),(3704,3706,
4996),(4984,4996,3706),(3736,3734,4999),(4999,4988,3736),(3720,3698,4992),
(3726,3704,4996),(3730,3752,4995),(3734,3756,4999),(3718,3720,5000),(4992,
5003,3720),(3720,5003,5000),(3752,3750,5004),(3752,5004,4995),(3724,3726,
5007),(4996,5008,3726),(3726,5008,5007),(3756,3754,4999),(3740,3718,5000),
(3746,3724,5007),(3750,3772,5004),(3754,3776,4999),(3738,3740,5011),(3740,
5000,5011),(3772,3770,5012),(3772,5015,5004),(5012,5015,3772),(3744,3746,
5016),(3746,5007,5016),(3776,3774,5019),(3776,5019,4999),(3760,3738,5011),
(3766,3744,5016),(3770,3792,5012),(3774,3796,5019),(3758,3760,5020),(3760,
5011,5020),(3792,3790,5012),(3764,3766,5023),(3766,5016,5023),(3796,3794,
5024),(3796,5024,5019),(3780,3758,5020),(3786,3764,5023),(3790,3812,5012),
(3794,3816,5024),(3778,3780,5027),(3780,5020,5027),(3812,3810,5028),(3812,
5028,5012),(3784,3786,5031),(3786,5023,5031),(3816,3814,5032),(3816,5032,
5024),(3800,3778,5027),(3806,3784,5031),(3810,3832,5028),(3814,3836,5032),
(3798,3800,5035),(3800,5027,5035),(3832,3830,5036),(3832,5039,5028),(5036,
5039,3832),(3804,3806,5040),(3806,5031,5040),(3836,3834,5043),(3836,5043,
5032),(3820,3798,5035),(3826,3804,5040),(3830,3852,5036),(3834,3856,5043),
(3818,3820,5044),(3820,5035,5044),(3852,3850,5036),(3824,3826,5047),(3826,
5040,5047),(3856,3854,5048),(3856,5048,5043),(3840,3818,5044),(3846,3824,
5047),(3838,3840,5044),(3850,3872,5051),(3850,5052,5036),(3850,5051,5052),
(3844,3846,5047),(3854,3876,5055),(3854,5056,5048),(3854,5055,5056),(5044,
3858,3838),(5047,3862,3844),(3866,3858,5059),(5044,5060,3858),(3858,5060,
5059),(3872,3882,5063),(5063,5051,3872),(5064,3884,3862),(5047,5067,3862),
(3862,5067,5064),(3876,3888,5068),(5068,5055,3876),(3892,3866,5071),(5059,
5072,3866),(3866,5072,5071),(5075,3882,3904),(3882,5076,5063),(5075,5076,
3882),(3898,3884,5079),(5064,5080,3884),(3884,5080,5079),(5083,3888,3908),
(3888,5084,5068),(5083,5084,3888),(3904,3918,5075),(3908,3924,5083),(3928,
3892,5071),(3918,3916,5075),(3932,3898,5079),(3924,3922,5087),(5087,5083,
3924),(3916,3938,5075),(3922,3944,5087),(3948,3928,5088),(3928,5071,5088),
(3938,3936,5091),(3938,5091,5075),(3952,3932,5092),(3932,5079,5092),(3944,
3942,5095),(5095,5087,3944),(3936,3958,5091),(3942,3964,5095),(3970,3948,
5096),(3948,5088,5096),(3958,3956,5099),(3958,5099,5091),(3976,3952,5100),
(3952,5092,5100),(3964,3962,5095),(3956,3984,5099),(3962,3990,5095),(3968,
3970,5103),(3970,5096,5104),(3970,5104,5103),(3984,3982,5107),(3984,5107,
5099),(3974,3976,5108),(3976,5100,5111),(3976,5111,5108),(3990,3988,5112),
(3990,5115,5095),(5112,5115,3990),(3982,4000,5107),(3988,4006,5112),(4010,
3968,5103),(4000,3998,5116),(4000,5116,5107),(4012,3974,5108),(4006,4004,
5112),(3998,4020,5116),(4004,4026,5112),(4030,4010,5119),(4010,5103,5119),
(4020,4018,5120),(4020,5120,5116),(4032,4012,5123),(4012,5108,5123),(4026,
4024,5124),(4026,5127,5112),(5124,5127,4026),(4018,4040,5120),(4024,4046,
5124),(4052,4030,5128),(4030,5119,5128),(4040,4038,5131),(4040,5132,5120),
(5131,5132,4040),(4056,4032,5135),(4032,5123,5135),(4046,4044,5136),(5136,
5124,4046),(4038,4064,5131),(4044,4070,5136),(4050,4052,5139),(4052,5128,
5140),(4052,5140,5139),(4064,4062,5143),(5143,5131,4064),(4054,4056,5144),
(4056,5135,5147),(4056,5147,5144),(4070,4068,5148),(5148,5136,4070),(4062,
4084,5143),(4068,4090,5148),(4074,4050,5151),(4050,5139,5151),(4084,4082,
5143),(4076,4054,5152),(4054,5144,5152),(4090,4088,5155),(5155,5148,4090),
(4082,4104,5143),(4088,4110,5155),(4094,4074,5156),(4074,5151,5156),(4104,
4102,5159),(4104,5159,5143),(4096,4076,5160),(4076,5152,5160),(4110,4108,
5155),(4102,4124,5159),(4108,4130,5155),(4114,4094,5163),(4094,5156,5163),
(4124,4122,5164),(4124,5164,5159),(4116,4096,5167),(4096,5160,5167),(4130,
4128,5168),(4130,5171,5155),(5168,5171,4130),(4122,4148,5164),(4128,4156,
5168),(4134,4114,5172),(4114,5163,5172),(4148,4146,5175),(4148,5175,5164),
(4136,4116,5176),(4116,5167,5176),(4156,4154,5168),(4140,4134,5179),(4134,
5172,5179),(4146,4168,5175),(4168,4166,5180),(4168,5180,5175),(4150,4136,
5183),(4136,5176,5183),(4154,4176,5168),(4176,4174,5184),(4176,5187,5168),
(5184,5187,4176),(4160,4140,5188),(4140,5179,5188),(4166,4188,5180),(4188,
4186,5191),(4188,5191,5180),(4170,4150,5192),(4150,5183,5192),(4174,4196,
5184),(4196,4194,5184),(5195,4180,4160),(5188,5195,4160),(4186,4200,5196),
(4186,5196,5191),(5199,4190,4170),(5192,5199,4170),(4194,4203,5200),(4194,
5200,5184),(4200,4180,5203),(4180,5195,5203),(4200,5203,5196),(4203,4190,
5205),(4190,5199,5205),(4203,5205,5200),(4277,4273,5206),(4275,4277,5209),
(4277,5206,5210),(4277,5210,5209),(5206,4273,4283),(4279,4275,5213),(4275,
5209,5213),(4283,4285,5214),(5214,5206,4283),(5214,4285,4281),(4281,4289,
5217),(4281,5217,5214),(5218,4293,4279),(4279,5213,5218),(5217,4289,4287),
(4287,4301,5221),(4287,5221,5217),(4291,4293,5218),(5222,4297,4291),(4291,
5218,5222),(5221,4301,4303),(4303,4305,5225),(4303,5225,5221),(4295,4297,
5222),(5226,4309,4295),(4295,5222,5226),(5225,4305,4299),(4299,4317,5229),
(4299,5229,5225),(4311,4309,5226),(5230,4313,4311),(4311,5226,5230),(5229,
4317,4315),(4315,4325,5232),(4315,5232,5229),(4307,4313,5230),(5232,4325,
4323),(5234,4321,4307),(4307,5230,5234),(4323,4329,5237),(4323,5237,5232),
(4319,4321,5234),(5237,4329,4327),(5238,4333,4319),(4319,5234,5238),(4327,
4341,5240),(4327,5240,5237),(4335,4333,5238),(5240,4341,4339),(5242,4337,
4335),(4335,5238,5242),(4339,4349,5245),(4339,5245,5240),(4331,4337,5242),
(5245,4349,4351),(5246,4345,4331),(4331,5242,5246),(4351,4353,5249),(4351,
5249,5245),(4343,4345,5246),(5249,4353,4347),(5250,4357,4343),(4343,5246,
5250),(4347,4365,5253),(4347,5253,5249),(4359,4357,5250),(5253,4365,4363),
(5254,4361,4359),(4359,5250,5254),(4363,4373,5257),(4363,5257,5253),(4355,
4361,5254),(5257,4373,4371),(5258,4369,4355),(4355,5254,5258),(4371,4377,
5261),(4371,5261,5257),(4367,4369,5258),(5261,4377,4379),(5262,4383,4367),
(4367,5258,5262),(4381,4383,5262),(5265,4379,4375),(4379,5265,5261),(5266,
4387,4381),(4381,5262,5266),(4389,4387,5266),(4375,4395,5269),(4375,5270,
5265),(4375,5269,5270),(5273,4385,4389),(5266,5273,4389),(4399,4385,5274),
(4385,5273,5274),(4395,4403,5277),(5277,5269,4395),(4407,4399,5278),(5274,
5281,4399),(4399,5281,5278),(5282,4403,4413),(4403,5282,5277),(4413,4421,
5285),(5285,5282,4413),(4425,4407,5278),(5285,4421,4419),(4419,4431,5286),
(4419,5286,5285),(4435,4425,5289),(4425,5278,5289),(5286,4431,4429),(4429,
4441,5290),(4429,5290,5286),(4451,4435,5293),(4435,5289,5293),(5290,4441,
4443),(4443,4445,5294),(4443,5294,5290),(4449,4451,5297),(4451,5293,5298),
(4451,5298,5297),(5294,4445,4439),(4439,4461,5301),(4439,5301,5294),(4469,
4449,5297),(5301,4461,4463),(4463,4465,5302),(4463,5302,5301),(4475,4469,
5305),(4469,5297,5305),(5302,4465,4459),(4459,4481,5306),(4459,5306,5302),
(4491,4475,5309),(4475,5305,5309),(5306,4481,4483),(4483,4485,5310),(4483,
5310,5306),(4489,4491,5313),(4491,5309,5314),(4491,5314,5313),(5310,4485,
4479),(4479,4503,5317),(4479,5317,5310),(4497,4489,5318),(4489,5313,5318),
(5317,4503,4501),(4501,4513,5321),(4501,5321,5317),(4507,4497,5322),(4497,
5318,5322),(5321,4513,4515),(4515,4517,5325),(4515,5325,5321),(4521,4507,
5326),(4507,5322,5326),(5325,4517,4511),(4525,4521,5329),(4521,5326,5329),
(4511,4537,5330),(5330,4537,4535),(4511,5330,5325),(4531,4525,5333),(4525,
5329,5333),(4535,4547,5334),(5334,4547,4549),(4535,5334,5330),(4541,4531,
5337),(4531,5333,5337),(5338,4549,4545),(4549,5338,5334),(5341,4553,4541),
(5337,5341,4541),(4545,4557,5342),(4545,5342,5338),(4557,4553,5345),(4553,
5341,5345),(4557,5345,5342),(5346,2230,2244),(2230,5349,4638),(2230,5346,
5349),(2252,2234,5350),(4643,5353,2234),(5353,5350,2234),(2244,2260,5354),
(5354,5346,2244),(5357,2262,2252),(2252,5350,5357),(2260,2272,5358),(2260,
5361,5354),(5358,5361,2260),(5362,2282,2262),(5357,5365,2262),(2262,5365,
5362),(2272,2268,5358),(5362,2278,2282),(2268,2286,5366),(5366,5358,2268),
(5369,2290,2278),(2278,5362,5369),(2286,2284,5366),(5369,2288,2290),(2284,
2296,5370),(5370,5366,2284),(5373,2302,2288),(2288,5369,5373),(2296,2294,
5370),(5373,2300,2302),(2294,2306,5374),(5374,5370,2294),(5377,2310,2300),
(2300,5373,5377),(2306,2304,5374),(5377,2308,2310),(2304,2320,5378),(5378,
5374,2304),(5381,2330,2308),(2308,5377,5381),(2320,2316,5378),(5381,2326,
2330),(2316,2334,5378),(5381,2338,2326),(2334,2332,5378),(5381,2336,2338),
(2332,2342,5382),(2332,5382,5378),(2342,2340,5382),(5385,2346,2336),(5381,
5385,2336),(5385,2344,2346),(2350,5386,2340),(2340,5389,5382),(5386,5389,
2340),(5386,2350,2358),(2354,2344,5390),(5385,5390,2344),(2362,2354,5390),
(5386,2358,2356),(5390,2360,2362),(5393,2356,2376),(5393,5386,2356),(2386,
2360,5394),(5390,5397,2360),(2360,5397,5394),(2376,2370,5393),(5398,2370,
2390),(5398,5393,2370),(5394,2382,2386),(2394,2382,5401),(2382,5394,5401),
(2390,2388,5398),(5398,2388,2400),(5401,2392,2394),(2406,2392,5401),(2400,
2398,5398),(5401,2404,2406),(5402,2398,2410),(2398,5402,5398),(2414,2404,
5405),(5401,5405,2404),(2410,2408,5402),(5406,2408,2422),(2408,5406,5402),
(5405,2412,2414),(2430,2412,5409),(5405,5409,2412),(2422,2420,5406),(5410,
2420,2434),(2420,5410,5406),(5409,2428,2430),(2438,2428,5413),(5409,5413,
2428),(2434,2432,5410),(5413,2436,2438),(5414,2432,2444),(2432,5414,5410),
(2450,2436,5417),(5413,5417,2436),(2444,2442,5414),(2442,2452,5418),(2442,
5421,5414),(2442,5418,5421),(5417,2448,2450),(5422,2454,2448),(5417,5425,
2448),(5425,5422,2448),(2452,2456,5426),(2452,5426,5418),(5429,2458,2454),
(5422,5429,2454),(5429,2456,2458),(5429,5426,2456),(4680,4559,4560),(4560,
4563,4567),(4560,4567,4780),(4560,4647,4652),(4560,4648,4647),(4560,4652,
4655),(4560,4655,4660),(4560,4660,4659),(4560,4663,4648),(4560,4659,4672),
(4560,4667,4663),(4672,4680,4560),(4560,4675,4667),(4560,4683,4675),(4560,
4691,4683),(4560,4699,4691),(4560,4715,4699),(4560,4724,4715),(4560,4723,
4724),(4560,4731,4723),(4560,4739,4731),(4560,4747,4739),(4560,4755,4747),
(4560,4763,4755),(4560,4780,4763),(4571,4564,4559),(4768,4571,4559),(4680,
4688,4559),(4688,4696,4559),(4696,4704,4559),(4704,4712,4559),(4712,4711,
4559),(4711,4720,4559),(4720,4736,4559),(4736,4744,4559),(4744,4752,4559),
(4752,4760,4559),(4760,4768,4559),(4563,4568,4567),(4571,4572,4564),(4567,
4575,4579),(4567,4579,4587),(4567,4587,4596),(4567,4596,4780),(4580,4576,
4571),(4588,4580,4571),(4600,4588,4571),(4775,4600,4571),(4768,4776,4571),
(4776,4775,4571),(4579,4583,4587),(4588,4584,4580),(4587,4591,4596),(4600,
4592,4588),(4596,4595,4607),(4596,4607,4780),(4608,4599,4600),(4775,4608,
4600),(4595,4603,4607),(4608,4604,4599),(4607,4611,4615),(4607,4615,4623),
(4607,4623,4780),(4616,4612,4608),(4624,4616,4608),(4775,4624,4608),(4615,
4619,4623),(4624,4620,4616),(4623,4628,4627),(4623,4627,4635),(4623,4635,
4780),(4631,4632,4624),(4636,4631,4624),(4775,4636,4624),(4652,4651,4655),
(4651,4656,4655),(4651,4664,4656),(4651,4668,4664),(4668,4676,4664),(4676,
4671,4664),(4676,4684,4671),(4684,4679,4671),(4684,4692,4679),(4692,4687,
4679),(4692,4695,4687),(4692,4700,4695),(4700,4708,4695),(4708,4703,4695),
(4708,4719,4703),(4708,4707,4719),(4635,4641,4780),(4775,4644,4636),(4707,
4716,4719),(4716,4728,4719),(4716,4727,4728),(4716,4732,4727),(4732,4740,
4727),(4740,4735,4727),(4740,4743,4735),(4740,4748,4743),(4748,4751,4743),
(4748,4756,4751),(4756,4759,4751),(4756,4764,4759),(4764,4772,4759),(4772,
4767,4759),(4772,4787,4767),(4772,4771,4787),(4641,4779,4780),(4771,4784,
4787),(4771,4783,4784),(4775,4788,4644),(4792,4779,4641),(4792,4641,5061),
(4641,4639,5061),(4800,4784,4783),(4800,4783,4796),(4644,4788,4804),(5054,
4644,4804),(5054,4642,4644),(4791,4792,5061),(4799,4800,4796),(4799,4796,
4795),(5057,4804,4803),(5057,5054,4804),(4807,4791,5034),(4791,5045,5034),
(4791,5061,5045),(4799,4795,4808),(4811,4799,4808),(5057,4803,4812),(4815,
4807,5026),(4807,5034,5026),(4819,4811,4808),(4819,4808,4816),(5049,4812,
4820),(5049,5057,4812),(4824,4815,5026),(4831,4819,4816),(4831,4816,4827),
(5033,4820,4832),(5033,5042,4820),(5042,5049,4820),(4823,4824,5021),(4824,
5026,5021),(4828,4831,4827),(4828,4827,4835),(5025,4832,4836),(5025,5033,
4832),(4839,4823,5001),(4823,5010,5001),(4823,5021,5010),(4828,4835,4840),
(4843,4828,4840),(5025,4836,4844),(4847,4839,5001),(4852,4843,4840),(4852,
4840,4851),(4998,4844,4856),(4998,5018,4844),(5018,5025,4844),(4860,4847,
4993),(4847,5002,4993),(4847,5001,5002),(4852,4851,4848),(4867,4852,4848),
(4998,4856,4855),(4859,4860,4993),(4864,4867,4848),(4864,4848,4863),(4990,
4855,4868),(4990,4989,4855),(4989,4998,4855),(4871,4859,4973),(4859,4978,
4973),(4859,4993,4978),(4864,4863,4876),(4872,4864,4876),(4990,4868,4880),
(4875,4871,4973),(4879,4872,4876),(4879,4876,4884),(4977,4880,4888),(4977,
4986,4880),(4986,4990,4880),(4883,4875,4957),(4875,4962,4957),(4875,4973,
4962),(4879,4884,4892),(4887,4879,4892),(4977,4888,4896),(4891,4883,4946),
(4883,4957,4946),(4887,4892,4900),(4895,4887,4900),(4970,4896,4904),(4970,
4977,4896),(4899,4891,4941),(4891,4946,4941),(4895,4900,4908),(4903,4895,
4908),(4961,4904,4912),(4961,4970,4904),(4907,4899,4941),(4911,4903,4908),
(4911,4908,4916),(4937,4912,4920),(4937,4954,4912),(4954,4961,4912),(4915,
4907,4933),(4907,4926,4930),(4907,4929,4926),(4907,4930,4933),(4907,4941,
4929),(4911,4916,4923),(4919,4911,4923),(4937,4920,4925),(4933,4923,4915),
(4937,4919,4923),(4933,4938,4923),(4938,4937,4923),(4937,4925,4919),(4930,
4942,4933),(4942,4934,4933),(4942,4945,4934),(4942,4950,4945),(4950,4949,
4945),(4949,4953,4945),(4949,4966,4953),(4966,4958,4953),(4966,4965,4958),
(4965,4969,4958),(4965,4974,4969),(4965,4982,4974),(4982,4981,4974),(4981,
4985,4974),(4981,4997,4985),(4981,4994,4997),(4994,5005,4997),(5005,5009,
4997),(5005,5006,5009),(5005,5014,5006),(5014,5013,5006),(5013,5017,5006),
(5013,5022,5017),(5013,5029,5022),(5029,5030,5022),(5029,5038,5030),(5038,
5041,5030),(5038,5037,5041),(5037,5053,5041),(5053,5046,5041),(5053,5066,
5046),(5053,5050,5066),(4639,5058,5061),(5050,5065,5066),(5050,5062,5065),
(5054,5069,4642),(5073,5058,4639),(5070,5073,4639),(5089,5070,4639),(5097,
5089,4639),(5105,5097,4639),(5102,5105,4639),(5118,5102,4639),(5129,5118,
4639),(5141,5129,4639),(5138,5141,4639),(5227,5138,4639),(5231,5227,4639),
(5235,5231,4639),(5239,5235,4639),(5243,5239,4639),(5247,5243,4639),(5251,
5247,4639),(5255,5251,4639),(5259,5255,4639),(5263,5259,4639),(5267,5263,
4639),(4639,5272,5267),(4639,5348,5272),(5081,5065,5062),(5081,5062,5077),
(4642,5069,5085),(5352,4642,5085),(5078,5081,5077),(5078,5077,5074),(5352,
5085,5082),(5078,5074,5090),(5093,5078,5090),(5352,5082,5086),(5101,5093,
5090),(5101,5090,5098),(5352,5086,5094),(5110,5101,5098),(5110,5098,5106),
(5352,5094,5114),(5109,5110,5106),(5109,5106,5117),(5352,5114,5113),(5109,
5117,5121),(5122,5109,5121),(5352,5113,5126),(5134,5122,5121),(5134,5121,
5133),(5352,5126,5125),(5134,5133,5130),(5146,5134,5130),(5236,5125,5137),
(5236,5352,5125),(5145,5146,5130),(5145,5130,5142),(5236,5137,5149),(5227,
5150,5138),(5145,5142,5158),(5153,5145,5158),(5236,5149,5154),(5223,5157,
5150),(5227,5223,5150),(5161,5153,5158),(5161,5158,5165),(5236,5154,5170),
(5219,5162,5157),(5223,5219,5157),(5161,5165,5174),(5166,5161,5174),(5236,
5170,5169),(5212,5173,5162),(5219,5212,5162),(5166,5174,5181),(5177,5166,
5181),(5236,5169,5186),(5211,5178,5173),(5208,5211,5173),(5212,5208,5173),
(5177,5181,5190),(5182,5177,5190),(5236,5186,5185),(5211,5189,5178),(5193,
5182,5190),(5193,5190,5197),(5236,5185,5201),(5211,5194,5189),(5193,5197,
5202),(5198,5193,5202),(5236,5201,5204),(5224,5202,5194),(5211,5207,5194),
(5207,5215,5194),(5215,5216,5194),(5216,5220,5194),(5220,5224,5194),(5236,
5198,5202),(5224,5228,5202),(5228,5233,5202),(5233,5236,5202),(5236,5204,
5198),(5236,5241,5352),(5241,5244,5352),(5244,5248,5352),(5248,5252,5352),
(5252,5256,5352),(5256,5260,5352),(5260,5264,5352),(5264,5271,5352),(5271,
5268,5352),(5348,5275,5272),(5268,5276,5352),(5280,5275,5348),(5280,5348,
5347),(5352,5276,5283),(5351,5352,5283),(5279,5280,5427),(5280,5347,5359),
(5280,5359,5379),(5280,5379,5415),(5280,5415,5427),(5416,5283,5284),(5416,
5351,5283),(5288,5279,5427),(5416,5284,5287),(5292,5288,5427),(5416,5287,
5291),(5299,5292,5427),(5416,5291,5295),(5296,5299,5427),(5416,5295,5300),
(5304,5296,5427),(5416,5300,5303),(5308,5304,5427),(5416,5303,5307),(5315,
5308,5427),(5416,5307,5311),(5312,5315,5427),(5416,5311,5316),(5319,5312,
5427),(5416,5316,5320),(5323,5319,5427),(5416,5320,5324),(5327,5323,5427),
(5416,5324,5331),(5328,5327,5428),(5327,5427,5428),(5416,5331,5335),(5332,
5328,5428),(5416,5335,5339),(5336,5332,5428),(5416,5339,5343),(5340,5336,
5428),(5416,5343,5344),(5416,5344,5340),(5340,5428,5416),(5347,5355,5359),
(5363,5356,5351),(5416,5363,5351),(5355,5360,5359),(5363,5364,5356),(5359,
5367,5371),(5359,5371,5379),(5372,5368,5363),(5380,5372,5363),(5416,5380,
5363),(5371,5375,5379),(5380,5376,5372),(5379,5383,5388),(5379,5388,5399),
(5379,5399,5415),(5391,5384,5380),(5400,5391,5380),(5416,5400,5380),(5388,
5387,5399),(5400,5396,5391),(5387,5392,5399),(5400,5395,5396),(5399,5403,
5407),(5399,5407,5415),(5408,5404,5400),(5416,5408,5400),(5407,5411,5415),
(5416,5412,5408),(5415,5420,5419),(5415,5419,5427),(5423,5424,5416),(5428,
5423,5416)),());
#28=COORDINATES_LIST('',2615,((0.0179552211761475,-0.0214784984588623,-0.0299579162597657),
(0.0179552211761475,-0.0211208400726319,-0.030016056060791),(0.0179552211761475,
-0.0207580776214599,-0.0300467338562012),(0.0179552211761475,-0.0204313087463379,
-0.0300581340789795),(0.0179552230834961,-0.0227705554962158,-0.0293724956512451),
(0.0179552230834961,-0.0226252822875977,-0.0294749011993408),(0.0179552230834961,
-0.022474889755249,-0.0295696239471436),(0.0179552230834961,-0.0223187599182129,
-0.0296566314697266),(0.0179552230834961,-0.0221591663360596,-0.029734525680542),
(0.0179552230834961,-0.0219941329956055,-0.0298041648864746),(0.0179552230834961,
-0.0218259811401368,-0.02986448097229),(0.0179552230834961,-0.0216539134979248,
-0.0299157924652099),(0.0179552249908448,-0.0238052654266358,-0.0281703357696533),
(0.0179552249908448,-0.0237180042266846,-0.0283263149261474),(0.0179552249908448,
-0.0236231288909912,-0.0284765930175782),(0.0179552249908448,-0.0235207023620606,
-0.0286218299865722),(0.0179552249908448,-0.0232952728271484,-0.0288959159851074),
(0.0179552249908448,-0.0230445384979248,-0.0291468906402588),(0.0179552268981933,
-0.0241648635864258,-0.026972375869751),(0.0179552268981933,-0.0241058979034424,
-0.0273299045562744),(0.0179552268981933,-0.0240637092590332,-0.0275052680969239),
(0.0179552268981933,-0.0240126857757569,-0.0276774005889893),(0.0179552268981933,
-0.0239527225494385,-0.0278456630706787),(0.0179552268981933,-0.0238832702636719,
-0.0280107822418213),(0.017955228805542,-0.0242095127105713,-0.025682939529419),
(0.017955228805542,-0.0242095127105713,0.0256829376220703),(0.017955228805542,
-0.024206377029419,-0.02628293800354),(0.017955228805542,-0.024206377029419,
0.02628293800354),(0.017955228805542,-0.0241952438354492,-0.0266095542907715),
(0.017955228805542,-0.0241952438354492,0.0266095542907715),(0.017955228805542,
-0.0241648654937744,0.0269723720550537),(0.017955228805542,-0.0241058979034424,
0.0273299007415772),(0.017955228805542,-0.0240637111663819,0.0275052661895752),
(0.017955228805542,-0.0240126876831054,0.027677396774292),(0.017955228805542,
-0.0239527244567871,0.0278456611633301),(0.017955228805542,-0.0238832721710205,
0.0280107803344726),(0.017955228805542,-0.023805269241333,0.0281703338623047),
(0.017955228805542,-0.0237180061340332,0.0283263149261474),(0.017955228805542,
-0.0236598033905029,-0.02628293800354),(0.017955228805542,-0.0236598033905029,
0.02628293800354),(0.017955228805542,-0.0236584758758545,0.0264154453277588),
(0.017955228805542,-0.0236584739685059,-0.0264154472351074),(0.017955228805542,
-0.0236478118896484,-0.0266843051910401),(0.017955228805542,-0.0236478118896484,
0.0266843051910401),(0.017955228805542,-0.0236231307983399,0.0284765930175782),
(0.017955228805542,-0.0236197834014892,-0.026951623916626),(0.017955228805542,
-0.0236197834014892,0.0269516220092774),(0.017955228805542,-0.0235684452056885,
-0.027215425491333),(0.017955228805542,-0.0235684452056885,0.027215425491333),
(0.017955228805542,-0.0235207042694092,0.0286218299865722),(0.017955228805542,
-0.0234909057617188,-0.027472728729248),(0.017955228805542,-0.0234909057617188,
0.027472728729248),(0.017955228805542,-0.0234599990844726,-0.025682939529419),
(0.017955228805542,-0.0234599990844726,0.0256829376220703),(0.017955228805542,
-0.0233869953155518,-0.0277205543518066),(0.017955228805542,-0.0233869953155518,
0.0277205543518066),(0.017955228805542,-0.0232952728271484,0.0288959178924561),
(0.017955228805542,-0.0232582721710205,-0.0279564571380615),(0.017955228805542,
-0.0232582721710205,0.0279564571380615),(0.017955228805542,-0.0231069736480713,
-0.0281785583496094),(0.017955228805542,-0.0231069736480713,0.0281785583496094),
(0.017955228805542,-0.0230445384979248,0.0291468925476074),(0.017955228805542,
-0.0229353332519532,0.0283853530883789),(0.017955228805542,-0.0229353313446045,
-0.0283853549957276),(0.017955228805542,-0.0227705535888672,0.0293724994659424),
(0.017955228805542,-0.0227452964782715,0.0285753898620606),(0.017955228805542,
-0.0227452945709228,-0.0285753917694092),(0.017955228805542,-0.0226252803802491,
0.0294749050140381),(0.017955228805542,-0.0225384998321533,-0.0287470321655274),
(0.017955228805542,-0.0225384998321533,0.0287470321655274),(0.017955228805542,
-0.0224748859405518,0.0295696296691895),(0.017955228805542,-0.0223187580108643,
0.0296566371917725),(0.017955228805542,-0.0223163967132569,0.0288983325958252),
(0.017955228805542,-0.0223163948059082,-0.0288983325958252),(0.017955228805542,
-0.0221591625213623,0.0297345314025879),(0.017955228805542,-0.0220804920196533,
-0.0290270576477051),(0.017955228805542,-0.0220804920196533,0.0290270576477051),
(0.017955228805542,-0.0219941272735596,0.0298041706085205),(0.017955228805542,
-0.0218326663970947,-0.0291309661865235),(0.017955228805542,-0.0218326663970947,
0.0291309661865235),(0.017955228805542,-0.0218259754180908,0.0298644847869873),
(0.017955228805542,-0.0216539096832275,0.0299157962799073),(0.017955228805542,
-0.0215753650665283,-0.0292085056304931),(0.017955228805542,-0.0215753650665283,
0.0292085056304931),(0.017955228805542,-0.0214784927368164,0.0299579219818116),
(0.017955228805542,-0.0213115615844727,-0.029259843826294),(0.017955228805542,
-0.0213115615844727,0.029259843826294),(0.017955228805542,-0.0211208362579345,
0.0300160617828369),(0.017955228805542,-0.0210442390441895,-0.0292878723144532),
(0.017955228805542,-0.0210442390441895,0.0292878723144532),(0.017955228805542,
-0.0207755756378174,-0.0292985324859619),(0.017955228805542,-0.0207755756378174,
0.0292985324859619),(0.017955228805542,-0.0207580757141114,0.0300467376708985),
(0.017955228805542,-0.0205068035125733,-0.0293000602722168),(0.017955228805542,
-0.0205068035125733,0.0293000602722168),(0.017955228805542,-0.0204313087463379,
-0.0293000602722168),(0.017955228805542,-0.0204313087463379,0.0293000621795655),
(0.017955228805542,-0.0204313087463379,0.0300581378936767),(0.017955228805542,
-0.0198313083648682,-0.0300611667633056),(0.017955228805542,-0.0198313083648682,
-0.029100061416626),(0.017955228805542,-0.0198313083648682,0.029100061416626),
(0.017955228805542,-0.0198313083648682,0.0300611667633056),(0.017955228805542,
-0.00418848848342895,-0.0300611667633056),(0.017955228805542,-0.00418848848342895,
-0.029100061416626),(0.017955228805542,-0.00418848848342895,0.029100061416626),
(0.017955228805542,-0.00418848848342895,0.0300611667633056),(0.017955228805542,
-0.00358848834037781,-0.0293000602722168),(0.017955228805542,-0.00358848834037781,
0.0293000621795655),(0.017955228805542,-0.00358848786354065,-0.0300581378936767),
(0.017955228805542,-0.00358848786354065,0.0300581378936767),(0.017955228805542,
-0.00351299357414246,-0.0293000602722168),(0.017955228805542,-0.00351299357414246,
0.0293000602722168),(0.017955228805542,-0.00326172137260437,-0.0300467376708985),
(0.017955228805542,-0.00326171565055848,0.0300468883514405),(0.017955228805542,
-0.00324422097206116,-0.0292985324859619),(0.017955228805542,-0.00324422097206116,
0.0292985324859619),(0.017955228805542,-0.00297555732727051,-0.0292878723144532),
(0.017955228805542,-0.00297555732727051,0.0292878723144532),(0.017955228805542,
-0.0028989610671997,-0.0300160617828369),(0.017955228805542,-0.00289892268180847,
0.0300164012908936),(0.017955228805542,-0.00270823502540589,-0.029259843826294),
(0.017955228805542,-0.00270823502540589,0.029259843826294),(0.017955228805542,
-0.00254133462905884,0.0299577903747558),(0.017955228805542,-0.00254130315780639,
-0.0299579219818116),(0.017955228805542,-0.00244443082809448,-0.0292085056304931),
(0.017955228805542,-0.0024444305896759,0.0292085056304931),(0.017955228805542,
-0.00236597418785095,0.0299154853820801),(0.017955228805542,-0.00236588740348816,
-0.0299157981872559),(0.017955228805542,-0.00219390082359314,0.0298642482757568),
(0.017955228805542,-0.00219381999969482,-0.0298644866943359),(0.017955228805542,
-0.00218713021278381,-0.0291309661865235),(0.017955228805542,-0.00218712997436524,
0.0291309661865235),(0.017955228805542,-0.00202569675445556,0.0298041038513183),
(0.017955228805542,-0.00202566814422607,-0.0298041706085205),(0.017955228805542,
-0.00193930494785309,-0.0290270576477051),(0.017955228805542,-0.00193930470943451,
0.0290270576477051),(0.017955228805542,-0.00186063468456269,-0.0297345314025879),
(0.017955228805542,-0.00186059987545014,0.0297346134185791),(0.017955228805542,
-0.00170340073108673,-0.0288983325958252),(0.017955228805542,-0.00170340049266815,
0.0288983325958252),(0.017955228805542,-0.00170103871822357,-0.0296566371917725),
(0.017955228805542,-0.00170097529888153,0.0296567630767822),(0.017955228805542,
-0.00154490983486175,-0.0295696296691895),(0.017955228805542,-0.00154489088058472,
0.0295696601867676),(0.017955228805542,-0.00148129630088806,-0.0287470321655274),
(0.017955228805542,-0.00148129594326019,0.0287470321655274),(0.017955228805542,
-0.00139456021785736,0.0294748420715332),(0.017955228805542,-0.00139451670646667,
-0.0294749050140381),(0.017955228805542,-0.00127450108528137,-0.0285753917694092),
(0.017955228805542,-0.00127450084686279,0.0285753898620606),(0.017955228805542,
-0.00124930655956268,0.0293724136352539),(0.017955228805542,-0.00124924194812775,
-0.0293724994659424),(0.017955228805542,-0.00108446443080902,-0.0283853549957276),
(0.017955228805542,-0.00108446419239044,0.0283853530883789),(0.017955228805542,
-0.00097525829076767,-0.0291468944549561),(0.017955228805542,-0.000975256562232971,
0.0291468963623047),(0.017955228805542,-0.00091282320022583,-0.0281785583496094),
(0.017955228805542,-0.000912822961807251,0.0281785583496094),(0.017955228805542,
-0.000761524438858032,-0.0279564571380615),(0.017955228805542,-0.000761524200439453,
0.0279564571380615),(0.017955228805542,-0.000724522769451141,-0.0288959178924561),
(0.017955228805542,-0.000724357426166535,0.0288960666656494),(0.017955228805542,
-0.000632800579071045,-0.0277205543518066),(0.017955228805542,-0.000632800400257111,
0.0277205543518066),(0.017955228805542,-0.000559796392917633,-0.025682939529419),
(0.017955228805542,-0.000559796392917633,0.0256829376220703),(0.017955228805542,
-0.000528891503810883,-0.027472728729248),(0.017955228805542,-0.000528891324996948,
0.027472728729248),(0.017955228805542,-0.000499092340469361,-0.0286218299865722),
(0.017955228805542,-0.00049880862236023,0.0286220397949219),(0.017955228805542,
-0.000451350450515747,-0.027215425491333),(0.017955228805542,-0.000451350331306458,
0.027215425491333),(0.017955228805542,-0.000400013267993927,-0.026951623916626),
(0.017955228805542,-0.00040001317858696,0.0269516220092774),(0.017955228805542,
-0.000396665215492248,-0.0284765930175782),(0.017955228805542,-0.000396415024995804,
0.0284767608642578),(0.017955228805542,-0.000371984779834747,-0.0266843051910401),
(0.017955228805542,-0.000371984720230103,0.0266843051910401),(0.017955228805542,
-0.000361321479082107,-0.0264154472351074),(0.017955228805542,-0.000361321449279785,
0.0264154472351074),(0.017955228805542,-0.000359993696212769,-0.02628293800354),
(0.017955228805542,-0.000359993696212769,0.02628293800354),(0.017955228805542,
-0.000301790565252304,-0.0283263149261474),(0.017955228805542,-0.000301696032285691,
0.0283263683319092),(0.017955228805542,-0.000214695394039154,0.0281702442169189),
(0.017955228805542,-0.000214527741074562,-0.0281703338623047),(0.017955228805542,
-0.000136807456612587,0.028010648727417),(0.017955228805542,-0.000136523425579071,
-0.0280107803344726),(0.017955228805542,-6.71768039464951E-5,0.0278456172943115),
(0.017955228805542,-6.70715421438217E-5,-0.0278456611633301),(0.017955228805542,
-7.10806157439947E-6,-0.027677396774292),(0.017955228805542,-6.87432521954179E-6,
0.0276774711608887),(0.017955228805542,4.39147353172302E-5,-0.0275052661895752),
(0.017955228805542,4.44251075387001E-5,0.0275053997039795),(0.017955228805542,
8.61024558544159E-5,-0.0273299007415772),(0.017955228805542,8.65329056978226E-5,
0.0273299884796143),(0.017955228805542,0.000144598856568336,0.0269723224639892),
(0.017955228805542,0.000145068436861038,-0.0269723720550537),(0.017955228805542,
0.000175194546580315,0.0266095390319825),(0.017955228805542,0.000175447523593903,
-0.0266095542907715),(0.017955228805542,0.000186579883098602,-0.02628293800354),
(0.017955228805542,0.000186579883098602,0.02628293800354),(0.017955228805542,
0.000189716935157776,0.0256829376220703),(0.017955228805542,0.000189716950058937,
-0.025682939529419),(0.0185536804199219,-0.00158275055885315,0.0302682819366455),
(0.0185536880493164,-0.00160190069675446,0.030277193069458),(0.0185537757873535,
-0.00141772401332855,0.030186056137085),(0.0185538005828858,-0.00139935576915741,
0.0301762886047364),(0.0185538902282715,-0.00177239739894867,0.0303510246276855),
(0.0185539264678955,-0.00179159426689148,0.030358736038208),(0.0185540275573731,
0.000487515985965729,0.0280798091888428),(0.0185540294647217,0.00047947946190834,
0.0280998249053955),(0.018554048538208,-0.00123690831661224,0.0300844116210937),
(0.0185540771484375,-0.00122062599658966,0.0300746440887451),(0.0185541038513184,
0.000551811218261719,0.0279064960479736),(0.0185541229248047,0.000558304369449616,
0.0278874626159668),(0.0185541343688965,0.000406054884195328,0.0282695522308349),
(0.0185541572570801,0.000396802425384522,0.0282894744873047),(0.018554256439209,
-0.00358847784996033,0.0306573371887207),(0.0185543384552002,-0.00196585381031036,
0.0304233741760254),(0.0185543880462646,-0.00198392510414124,0.0304295387268067),
(0.0185544147491455,0.00061398184299469,0.0277086257934571),(0.0185544166564941,
0.000315153002738952,0.0284538650512695),(0.0185544528961182,0.000618747532367706,
0.0276917400360107),(0.0185544548034668,0.000305049449205399,0.0284729385375977),
(0.0185546741485596,0.000786560118198395,0.0262829456329346),(0.0185547180175781,
-0.000892791986465454,0.0298547267913819),(0.0185547389984131,-0.000882299602031708,
0.0298469123840332),(0.0185548439025879,0.000213730588555336,0.0286348381042481),
(0.0185548896789551,0.000203608334064483,0.0286517353057862),(0.0185549259185791,
-0.00216378974914551,0.0304855899810791),(0.0185549736022949,-0.00217960810661316,
0.030490068435669),(0.0185549907684326,0.000665315866470337,0.0275080356597901),
(0.0185550441741943,0.000668624520301819,0.0274934310913086),(0.0185552291870117,
-0.0248058013916015,-0.02628293800354),(0.0185552291870117,-0.0248058013916015,
0.0262829399108887),(0.0185552291870117,-0.0247940578460694,-0.0266887969970703),
(0.0185552291870117,-0.0247939300537109,-0.0266912364959717),(0.0185552291870117,
-0.0247933807373047,0.0266887702941895),(0.0185552291870117,-0.0247932491302491,
0.0266912422180176),(0.0185552291870117,-0.0247588748931885,-0.0270927181243896),
(0.0185552291870117,-0.0247586154937744,0.0270926742553711),(0.0185552291870117,
-0.0247578048706055,-0.0271010437011719),(0.0185552291870117,-0.0247575626373291,
0.0271010131835938),(0.0185552291870117,-0.0246884593963623,-0.0274934558868408),
(0.0185552291870117,-0.0246882400512696,0.0274933967590332),(0.0185552291870117,
-0.0246851234436035,-0.0275080432891845),(0.0185552291870117,-0.0246848773956299,
0.0275079841613769),(0.0185552291870117,-0.0246381244659424,-0.0276916332244873),
(0.0185552291870117,-0.0246375923156739,0.0276914730072021),(0.0185552291870117,
-0.0246333332061767,-0.0277084999084472),(0.0185552291870117,-0.024632776260376,
0.0277083377838135),(0.0185552291870117,-0.0245774517059326,-0.027887264251709),
(0.0185552291870117,-0.0245767631530762,0.0278870048522949),(0.0185552291870117,
-0.024570951461792,-0.0279062690734863),(0.0185552291870117,-0.0245702514648437,
0.0279060306549072),(0.0185552291870117,-0.0245065879821778,-0.0280795402526855),
(0.0185552291870117,-0.0245059471130371,0.0280792636871338),(0.0185552291870117,
-0.0244985542297364,-0.0280995349884033),(0.0185552291870117,-0.0244979228973388,
0.0280992774963379),(0.0185552291870117,-0.0244251461029053,-0.0282692432403564),
(0.0185552291870117,-0.0244247035980225,0.0282690238952637),(0.0185552291870117,
-0.0244159069061279,-0.0282891521453858),(0.0185552291870117,-0.0244154872894287,
0.028288953781128),(0.0185552291870117,-0.024334363937378,-0.0284535675048828),
(0.0185552291870117,-0.0243341732025147,0.0284534492492676),(0.0185552291870117,
-0.0243242855072021,-0.0284726390838623),(0.0185552291870117,-0.024324110031128,
0.0284725456237793),(0.0185552291870117,-0.0242332077026367,-0.0286346569061279),
(0.0185552291870117,-0.0242331905364991,0.0286346397399902),(0.0185552291870117,
-0.024223123550415,-0.0286515693664551),(0.0185552291870117,-0.0242231101989746,
0.0286515598297119),(0.0185552291870117,-0.0218559818267823,-0.030485502243042),
(0.0185552291870117,-0.0218559226989746,0.0304853038787842),(0.0185552291870117,
-0.0218401870727539,-0.0304900131225586),(0.0185552291870117,-0.021840124130249,
0.0304898262023926),(0.0185552291870117,-0.0216551399230957,-0.0305375766754151),
(0.0185552291870117,-0.0216551284790039,0.0305375118255615),(0.0185552291870117,
-0.021642032623291,-0.0305405826568604),(0.0185552291870117,-0.0216420135498047,
0.0305405292510986),(0.0185552291870117,-0.0212467880249024,-0.0306101627349854),
(0.0185552291870117,-0.0212467231750488,0.0306096897125244),(0.0185552291870117,
-0.0212412090301514,-0.0306108703613281),(0.0185552291870117,-0.0212411155700684,
0.0306103897094726),(0.0185552291870117,-0.0208371944427491,-0.0306453304290772),
(0.0185552291870117,-0.0208371772766114,0.0306447296142578),(0.0185552291870117,
-0.0208350982666015,-0.0306454334259033),(0.0185552291870117,-0.0208350620269776,
0.0306448383331299),(0.0185552291870117,-0.0204313068389892,-0.0306563644409179),
(0.0185552291870117,-0.0204313049316407,0.0306563625335693),(0.0185552291870117,
-0.0035884907245636,-0.0306563644409179),(0.0185552291870117,-0.00318473505973816,
-0.0306448383331299),(0.0185552291870117,-0.00318261861801148,-0.0306447296142578),
(0.0185552291870117,-0.00277868008613586,-0.0306103897094726),(0.0185552291870117,
-0.00277307271957397,-0.0306096897125244),(0.0185552291870117,-0.00237778210639954,
-0.0305405292510986),(0.0185552291870117,-0.00236466860771179,-0.0305375118255615),
(0.0185552291870117,-0.0021796715259552,-0.0304898262023926),(0.0185552291870117,
-0.00216387319564819,-0.0304853038787842),(0.0185552291870117,0.000203314200043678,
-0.0286515598297119),(0.0185552291870117,0.000213393479585647,-0.0286346397399902),
(0.0185552291870117,0.000304314523935318,-0.028472547531128),(0.0185552291870117,
0.000314377129077912,-0.0284534492492676),(0.0185552291870117,0.00039569029211998,
-0.028288953781128),(0.0185552291870117,0.000404908239841461,-0.0282690238952637),
(0.0185552291870117,0.000478125900030136,-0.0280992774963379),(0.0185552291870117,
0.000486149996519089,-0.0280792636871338),(0.0185552291870117,0.000550455510616303,
-0.0279060306549072),(0.0185552291870117,0.000556967258453369,-0.0278870048522949),
(0.0185552291870117,0.000612980484962463,-0.0277083377838135),(0.0185552291870117,
0.000617796301841736,-0.0276914730072021),(0.0185552291870117,0.000665080726146698,
-0.0275079860687256),(0.0185552291870117,0.00066844367980957,-0.0274933967590332),
(0.0185552291870117,0.000737765491008759,-0.0271010131835938),(0.0185552291870117,
0.000738819897174835,-0.0270926742553711),(0.0185552291870117,0.000773453533649445,
-0.0266912441253662),(0.0185552291870117,0.000773584067821503,-0.0266887702941895),
(0.0185552291870117,0.000786005198955536,-0.0262829399108887),(0.0185552310943603,
-0.024004243850708,-0.0289793605804443),(0.0185552310943603,-0.0240041160583496,
0.0289792652130127),(0.0185552310943603,-0.0239961223602295,-0.0289902992248535),
(0.0185552310943603,-0.0239959869384765,0.0289901962280273),(0.0185552310943603,
-0.0237413501739502,-0.0292997245788574),(0.0185552310943603,-0.0237409992218018,
0.0292994079589844),(0.0185552310943603,-0.0237380046844483,-0.0293034076690674),
(0.0185552310943603,-0.0237376537322998,0.0293030853271485),(0.0185552310943603,
-0.023451192855835,-0.0295894775390625),(0.0185552310943603,-0.0234508094787598,
0.0295890502929688),(0.0185552310943603,-0.023447826385498,-0.0295925216674804),
(0.0185552310943603,-0.0234474391937256,0.0295921001434326),(0.0185552310943603,
-0.0231375350952149,-0.0298469676971435),(0.0185552310943603,-0.0231373023986816,
0.0298466491699219),(0.0185552310943603,-0.0231270236968994,-0.0298547496795655),
(0.0185552310943603,-0.0231267948150635,0.0298544406890869),(0.0185552310943603,
-0.0227986392974854,-0.0300737590789795),(0.0185552310943603,-0.0227985935211181,
0.0300736789703369),(0.0185552310943603,-0.0227823314666748,-0.0300834922790527),
(0.0185552310943603,-0.0227822952270508,0.0300834178924561),(0.0185552310943603,
-0.0226197719573974,-0.0301750373840332),(0.0185552310943603,-0.0226197719573974,
0.0301750316619873),(0.0185552310943603,-0.0226014060974121,-0.0301847705841065),
(0.0185552310943603,-0.0226013965606689,0.0301847724914551),(0.0185552310943603,
-0.0224364070892334,-0.0302669181823731),(0.0185552310943603,-0.0224363899230957,
0.0302668857574463),(0.0185552310943603,-0.0224172878265381,-0.0302758331298828),
(0.0185552310943603,-0.0224172477722168,0.0302758026123047),(0.0185552310943603,
-0.0222469520568848,-0.0303499279022217),(0.0185552310943603,-0.0222468948364258,
0.0303497924804687),(0.0185552310943603,-0.0222278003692627,-0.0303576698303223),
(0.0185552310943603,-0.0222277221679687,0.0303575305938721),(0.0185552310943603,
-0.0220537300109864,-0.0304227600097657),(0.0185552310943603,-0.0220536518096924,
0.0304225387573242),(0.0185552310943603,-0.0220356960296631,-0.0304289684295654),
(0.0185552310943603,-0.022035608291626,0.0304287471771241),(0.0185552310943603,
-0.00198418819904327,-0.0304287490844727),(0.0185552310943603,-0.00196614420413971,
-0.0304225406646728),(0.0185552310943603,-0.00179207396507263,-0.0303575325012207),
(0.0185552310943603,-0.00177290093898773,-0.0303497924804687),(0.0185552310943603,
-0.00160254895687103,-0.0302758026123047),(0.0185552310943603,-0.0015834059715271,
-0.0302668857574463),(0.0185552310943603,-0.00141839897632599,-0.0301847724914551),
(0.0185552310943603,-0.00140002501010895,-0.0301750316619873),(0.0185552310943603,
-0.00123750054836273,-0.0300834178924561),(0.0185552310943603,-0.00122120273113251,
-0.0300736789703369),(0.0185552310943603,-0.00089300149679184,-0.0298544425964356),
(0.0185552310943603,-0.000882493734359741,-0.0298466510772705),(0.0185552310943603,
-0.000572356104850769,-0.0295921001434326),(0.0185552310943603,-0.000568986296653748,
-0.0295890522003174),(0.0185552310943603,-0.000282143563032151,-0.0293030853271485),
(0.0185552310943603,-0.000278797507286072,-0.0292994079589844),(0.0185552310943603,
-2.3810226470232E-5,-0.028990198135376),(0.0185552310943603,-1.56805198639631E-5,
-0.0289792652130127),(0.0185552368164063,-0.0248098869323731,-0.025682939529419),
(0.0185552368164063,-0.0248098869323731,0.0256829376220703),(0.0185552368164063,
-0.0198313083648682,-0.0306611576080322),(0.0185552368164063,-0.0198313083648682,
0.0306611576080322),(0.0185552368164063,-0.00418848848342895,-0.0306611576080322),
(0.0185552368164063,-0.00418848848342895,0.0306611576080322),(0.0185552368164063,
0.000790089786052704,-0.025682939529419),(0.0185552368164063,0.000790089786052704,
0.0256829376220703),(0.0185553569793701,-0.000572671413421631,0.0295917549133301),
(0.0185553646087646,-0.000569303393363953,0.0295886974334717),(0.0185553970336914,
-0.00318474197387696,0.0306446723937988),(0.0185554027557373,-0.00318263077735901,
0.0306445579528808),(0.0185554161071778,0.000773401081562043,0.026688756942749),
(0.018555419921875,0.000773265182971954,0.0266912345886231),(0.0185555458068847,
-0.00236474204063415,0.0305372047424316),(0.0185555839538574,-0.00237786149978637,
0.0305401840209961),(0.0185556373596192,-1.62046384066344E-5,0.0289788722991943),
(0.0185556507110596,-2.43526306003332E-5,0.0289897842407227),(0.0185557384490967,
-0.00028283828496933,0.0293024597167969),(0.0185557403564453,-0.000279490560293197,
0.0292987766265869),(0.0185559215545654,0.00073708313703537,0.0271009216308594),
(0.0185559215545654,0.000738136291503906,0.0270925827026367),(0.0185561866760254,
-0.00277880191802979,0.0306094455718995),(0.0185561885833741,-0.00277319669723511,
0.0306087436676025),(0.0195089149475097,-0.0198313083648682,-0.030661169052124),
(0.0195089149475097,-0.0198313083648682,0.030661169052124),(0.0195089149475097,
-0.00418848848342895,-0.030661169052124),(0.0195089149475097,-0.00418848848342895,
0.030661169052124),(0.0195089187622071,-0.0248098583221436,-0.025682939529419),
(0.0195089187622071,-0.0248098583221436,-3.00688725474174E-10),(0.0195089187622071,
-0.0248098583221436,0.0256829376220703),(0.0195089187622071,0.000790061831474304,
-0.025682939529419),(0.0195089187622071,0.000790061831474304,-3.00688725474174E-10),
(0.0195089187622071,0.000790061831474304,0.0256829376220703),(0.0200184402465821,
-0.0198313083648682,-0.030461259841919),(0.0200184402465821,-0.00418848848342895,
0.030461259841919),(0.0200184459686279,-0.0246099796295166,0.0256829376220703),
(0.0200184459686279,0.000590181171894074,-0.025682939529419),(0.0200185794830323,
-0.0198313083648682,0.0304616603851318),(0.0200185794830323,-0.00418848848342895,
-0.0304616603851318),(0.0200185852050782,-0.0246103763580322,-0.025682939529419),
(0.0200185852050782,0.000590580463409424,0.0256829376220703),(0.0200185966491699,
-0.0246104183197021,-3.00706631151116E-10),(0.0200185966491699,0.000590622484683991,
-3.00688782317593E-10),(0.0205448265075683,0.000439929753541946,-0.025682939529419),
(0.020544828414917,-0.0244597282409668,0.0256829376220703),(0.020544864654541,
-0.0198313083648682,-0.030311143875122),(0.020544864654541,-0.00418848848342895,
0.030311143875122),(0.0205449924468994,-0.0244604606628418,-0.025682939529419),
(0.0205449943542481,0.000440666109323501,0.0256829376220703),(0.0205450019836426,
-0.0244604892730713,-3.00725105262245E-10),(0.0205450019836426,0.000440692782402038,
-3.00688810739302E-10),(0.0205450325012207,-0.0198313083648682,0.0303118801116944),
(0.0205450325012207,-0.00418848848342895,-0.0303118801116944),(0.0210830821990967,
-0.024360050201416,-0.025682939529419),(0.0210830821990967,0.000340257585048675,
0.0256829376220703),(0.0210831336975097,-0.0243603916168213,0.0256829376220703),
(0.0210831336975097,0.000340592324733734,-0.025682939529419),(0.0210831642150879,
-0.0198313083648682,0.0302116680145263),(0.0210831642150879,-0.00418848848342895,
-0.0302116680145263),(0.0210831775665284,-0.024360673904419,-3.00744005699017E-10),
(0.0210831775665284,0.00034087809920311,-3.00688839161012E-10),(0.0210832138061523,
-0.0198313083648682,-0.0302120113372803),(0.0210832138061523,-0.00418848848342895,
0.0302120113372803),(0.0216282215118408,-0.0243100948333741,-0.025682939529419),
(0.0216282215118408,0.000290301620960236,0.0256829376220703),(0.021628252029419,
-0.0243107223510742,0.0256829376220703),(0.021628252029419,0.000290921837091446,
-0.025682939529419),(0.0216282539367676,-0.0243108291625976,-3.00763161931173E-10),
(0.0216282539367676,0.00029103335738182,-3.00688867582722E-10),(0.0216283226013184,
-0.0198313083648682,0.0301619110107422),(0.0216283226013184,-0.00418848848342895,
-0.0301619110107422),(0.0216283512115478,-0.0198313083648682,-0.0301625328063965),
(0.0216283512115478,-0.00418848848342895,0.0301625328063965),(0.0221756210327149,
-0.0243106956481933,-3.00782375006748E-10),(0.0221756210327149,0.000290898412466049,
-3.0068892442614E-10),(0.0221756229400635,-0.0243105792999268,-0.025682939529419),
(0.0221756229400635,0.00029078820347786,0.0256829376220703),(0.022175651550293,
-0.024309965133667,0.0256829376220703),(0.022175651550293,0.000290163666009903,
-0.025682939529419),(0.0221757221221924,-0.0198313083648682,0.030162540435791),
(0.0221757221221924,-0.00418848848342895,-0.030162540435791),(0.0221757526397705,
-0.0198313083648682,-0.0301619186401367),(0.0221757526397705,-0.00418848848342895,
0.0301619186401367),(0.0227207241058349,-0.0243603019714355,-3.00801502817194E-10),
(0.0227207241058349,0.000340504884719848,-3.00688952847849E-10),(0.0227207660675049,
-0.0243600196838379,-0.025682939529419),(0.0227207679748535,0.000340226858854294,
0.0256829376220703),(0.022720817565918,-0.024359676361084,0.0256829376220703),
(0.022720817565918,0.000339876145124435,-0.025682939529419),(0.0227208595275879,
-0.0198313083648682,0.0302120342254639),(0.0227208595275879,-0.00418848848342895,
-0.0302120342254639),(0.0227209091186523,-0.0198313083648682,-0.0302116928100586),
(0.0227209091186523,-0.00418848848342895,0.03021169090271),(0.0232589302062989,
-0.0244599857330322,-3.00820403253965E-10),(0.0232589302062989,0.000440189152956009,
-3.00688981269559E-10),(0.023258939743042,-0.0244599666595459,0.0256829376220703),
(0.023258939743042,0.000440166234970093,-0.025682939529419),(0.0232590370178223,
-0.0198313083648682,-0.030311918258667),(0.0232590370178223,-0.00418848848342895,
0.0303119163513183),(0.023259111404419,-0.0244592208862305,-0.025682939529419),
(0.023259111404419,0.000439429104328156,0.0256829376220703),(0.0232592048645019,
-0.0198313083648682,0.0303111801147461),(0.0232592048645019,-0.00418848848342895,
-0.0303111820220947),(0.023785327911377,-0.0246100063323975,-3.00838905786804E-10),
(0.023785327911377,0.000590209364891052,-3.00689038112978E-10),(0.0237853355407715,
-0.0246099815368652,0.0256829376220703),(0.0237853355407715,0.000590182900428772,
-0.025682939529419),(0.0237854824066162,-0.024609561920166,-0.025682939529419),
(0.0237854824066162,0.00058976823091507,0.0256829376220703),(0.0237854862213135,
-0.0198313083648682,-0.0304617118835449),(0.0237854862213135,-0.00418848848342895,
0.0304617118835449),(0.0237856273651123,-0.0198313083648682,0.0304613094329834),
(0.0237856273651123,-0.00418848848342895,-0.030461311340332),(0.0242117538452148,
-0.0236599006652832,-0.025682939529419),(0.0242117538452148,-0.0236599006652832,
0.0256829376220703),(0.0242117538452148,-0.0234599990844726,-0.025682939529419),
(0.0242117538452148,-0.0234599990844726,0.0256829376220703),(0.0242117538452148,
-0.000559796392917633,-0.025682939529419),(0.0242117538452148,-0.000559796392917633,
0.0256829376220703),(0.0242117538452148,-0.000359895050525666,-0.025682939529419),
(0.0242117538452148,-0.000359895050525665,0.0256829376220703),(0.024214075088501,
-0.0198313083648682,-0.0293000602722168),(0.024214075088501,-0.0198313083648682,
-0.029100061416626),(0.024214075088501,-0.0198313083648682,0.0291000614166259),
(0.024214075088501,-0.0198313083648682,0.0293000621795655),(0.024214075088501,
-0.00418848848342895,-0.0293000602722168),(0.024214075088501,-0.00418848848342895,
-0.0291000614166259),(0.024214075088501,-0.00418848848342895,0.029100061416626),
(0.024214075088501,-0.00418848848342895,0.0293000621795655),(0.0242948360443116,
0.000790099322795868,-3.00689066534687E-10),(0.0242948379516601,-0.0248098964691162,
-3.00856783042036E-10),(0.0242948551177978,-0.0248098964691162,-0.025682939529419),
(0.0242948551177978,-0.0248098964691162,0.0256829376220703),(0.0242948551177978,
0.000790099561214447,-0.025682939529419),(0.0242948551177978,0.000790099561214447,
0.0256829376220703),(0.0242951488494873,-0.0198313083648682,-0.0306612300872803),
(0.0242951488494873,-0.0198313083648682,0.0306612300872803),(0.0242951488494873,
-0.00418848848342895,-0.0306612300872803),(0.0242951488494873,-0.00418848848342895,
0.0306612300872803),(0.025705228805542,-0.0248098964691162,-0.025682939529419),
(0.025705228805542,-0.0248098964691162,0.0256829376220703),(0.025705228805542,
-0.0248069496154785,-0.02628293800354),(0.025705228805542,-0.0248069496154785,
0.02628293800354),(0.025705228805542,-0.0247934837341309,-0.0266784019470215),
(0.025705228805542,-0.0247934818267822,0.0266784420013428),(0.025705228805542,
-0.0247925853729248,-0.026694206237793),(0.025705228805542,-0.0247925853729248,
0.0266942081451416),(0.025705228805542,-0.0247573699951172,-0.0270907669067383),
(0.025705228805542,-0.0247573661804199,0.0270907917022705),(0.025705228805542,
-0.0247559280395508,-0.0271022567749024),(0.025705228805542,-0.0247559280395508,
0.0271022567749024),(0.025705228805542,-0.0246876621246338,-0.0274982585906983),
(0.025705228805542,-0.0246876621246338,0.0274982585906983),(0.025705228805542,
-0.0246864261627197,-0.0275037841796875),(0.025705228805542,-0.0246864261627197,
0.0275037822723389),(0.025705228805542,-0.0246374969482422,-0.0276982288360595),
(0.025705228805542,-0.0246374969482422,0.027698226928711),(0.025705228805542,
-0.0246367835998535,-0.027700777053833),(0.025705228805542,-0.0246367835998535,
0.0277007789611817),(0.025705228805542,-0.0245767288208008,-0.027895263671875),
(0.025705228805542,-0.0245767288208008,0.0278952655792236),(0.025705228805542,
-0.0245766105651855,0.0278956108093262),(0.025705228805542,-0.0245766086578369,
-0.0278956165313721),(0.025705228805542,-0.024506534576416,-0.0280859241485595),
(0.025705228805542,-0.024506534576416,0.0280859241485595),(0.025705228805542,
-0.0245056247711181,-0.0280882015228271),(0.025705228805542,-0.0245056247711181,
0.0280882015228271),(0.025705228805542,-0.0244256038665772,-0.0282739391326905),
(0.025705228805542,-0.0244256038665772,0.0282739391326905),(0.025705228805542,
-0.0244236812591553,-0.0282780876159668),(0.025705228805542,-0.0244236793518067,
0.0282780876159668),(0.025705228805542,-0.0243348503112793,-0.0284569702148438),
(0.025705228805542,-0.0243348503112793,0.0284569702148438),(0.025705228805542,
-0.0243324279785156,-0.0284615345001221),(0.025705228805542,-0.0243324279785156,
0.0284615345001221),(0.025705228805542,-0.0242334651947021,-0.0286365432739258),
(0.025705228805542,-0.0242334651947021,0.0286365413665771),(0.025705228805542,
-0.0242304878234863,-0.0286414909362793),(0.025705228805542,-0.0242304878234863,
0.0286414909362793),(0.025705228805542,-0.0240029106140137,-0.0289793357849121),
(0.025705228805542,-0.0240029106140137,0.0289793338775635),(0.025705228805542,
-0.0240005302429199,0.028982515335083),(0.025705228805542,-0.0240005226135254,
-0.0289825248718261),(0.025705228805542,-0.021846788406372,-0.0304896602630615),
(0.025705228805542,-0.0218467864990234,0.0304896602630615),(0.025705228805542,
-0.021845458984375,-0.0304900302886963),(0.025705228805542,-0.021845458984375,
0.0304900302886963),(0.025705228805542,-0.0216485824584961,-0.0305391654968262),
(0.025705228805542,-0.0216485824584961,0.0305391654968262),(0.025705228805542,
-0.0216467380523682,-0.0305395736694336),(0.025705228805542,-0.0216467380523682,
0.0305395717620849),(0.025705228805542,-0.0212482624053955,0.0306078071594238),
(0.025705228805542,-0.0212482566833496,-0.0306078071594238),(0.025705228805542,
-0.0212392349243164,0.0306089401245117),(0.025705228805542,-0.021239200592041,
-0.0306089458465576),(0.025705228805542,-0.0208420600891113,-0.0306445465087891),
(0.025705228805542,-0.0208420600891113,0.0306445465087891),(0.025705228805542,
-0.0208269367218018,0.0306454219818116),(0.025705228805542,-0.02082688331604,
-0.0306454257965088),(0.025705228805542,-0.020431303024292,-0.0306591320037842),
(0.025705228805542,-0.020431303024292,0.0306591300964356),(0.025705228805542,
-0.0198313083648682,-0.030661958694458),(0.025705228805542,-0.0198313083648682,
0.030661958694458),(0.025705228805542,-0.00418848848342895,-0.030661958694458),
(0.025705228805542,-0.00418848848342895,0.030661958694458),(0.025705228805542,
-0.00358849334716797,-0.0306591320037842),(0.025705228805542,-0.00358849334716797,
0.0306591300964356),(0.025705228805542,-0.00319286036491394,-0.0306454219818116),
(0.025705228805542,-0.00319284868240357,0.0306456394195556),(0.025705228805542,
-0.00317773723602295,-0.0306445465087891),(0.025705228805542,-0.0031777195930481,
0.0306447772979737),(0.025705228805542,-0.0027805609703064,-0.0306089401245117),
(0.025705228805542,-0.0027805016040802,0.0306094074249268),(0.025705228805542,
-0.00277153444290161,-0.0306078071594238),(0.025705228805542,-0.00277147030830383,
0.0306082744598389),(0.025705228805542,-0.00237305760383606,-0.0305395736694336),
(0.025705228805542,-0.00237305331230164,0.0305395908355713),(0.025705228805542,
-0.00237121391296387,-0.0305391654968262),(0.025705228805542,-0.00237121057510376,
0.0305391788482666),(0.025705228805542,-0.00217441534996032,0.0304897556304932),
(0.025705228805542,-0.00217433762550354,-0.0304900302886963),(0.025705228805542,
-0.00217308759689331,0.0304893856048584),(0.025705228805542,-0.00217301058769226,
-0.0304896602630615),(0.025705228805542,-1.92664824426174E-5,-0.028982515335083),
(0.025705228805542,-1.9100684672594E-5,0.0289826393127442),(0.025705228805542,
-1.68855227530003E-5,-0.0289793357849121),(0.025705228805542,-1.67115293443203E-5,
0.0289794464111328),(0.025705228805542,0.000210648193955421,0.0286414470672607),
(0.025705228805542,0.00021069148182869,-0.0286414928436279),(0.025705228805542,
0.000213618785142899,0.02863649559021),(0.025705228805542,0.000213667958974838,
-0.0286365432739258),(0.025705228805542,0.000312480002641678,0.0284614543914795),
(0.025705228805542,0.000312631517648697,-0.0284615345001221),(0.025705228805542,
0.000314901471138,0.0284568901062012),(0.025705228805542,0.000315053254365921,
-0.0284569702148438),(0.025705228805542,0.000403782963752746,0.0282780418395996),
(0.025705228805542,0.000403883457183838,-0.0282780876159668),(0.025705228805542,
0.000405708909034729,0.0282738933563233),(0.025705228805542,0.000405806899070739,
-0.0282739391326905),(0.025705228805542,0.000485828906297684,-0.0280882015228271),
(0.025705228805542,0.000485887974500656,0.0280882244110108),(0.025705228805542,
0.000486737728118897,-0.0280859241485595),(0.025705228805542,0.000486798346042633,
0.0280859508514404),(0.025705228805542,0.000556814730167389,-0.0278956108093262),
(0.025705228805542,0.000556931793689728,-0.0278952655792236),(0.025705228805542,
0.000557044684886932,0.0278956890106201),(0.025705228805542,0.000557161748409271,
0.0278953437805176),(0.025705228805542,0.000616987586021423,-0.0277007789611817),
(0.025705228805542,0.000617257058620453,0.027700855255127),(0.025705228805542,
0.000617701351642609,-0.027698226928711),(0.025705228805542,0.000617969572544098,
0.0276983013153076),(0.025705228805542,0.000666628956794739,-0.0275037841796875),
(0.025705228805542,0.000666631102561951,0.0275037822723389),(0.025705228805542,
0.000667854905128479,0.0274982566833496),(0.025705228805542,0.000667865097522736,
-0.0274982585906983),(0.025705228805542,0.000735673725605011,0.0271021995544433),
(0.025705228805542,0.000736131310462952,-0.0271022567749024),(0.025705228805542,
0.000737112820148468,0.0270907344818116),(0.025705228805542,0.00073757016658783,
-0.0270907917022705),(0.025705228805542,0.000772560894489288,0.0266941947937012),
(0.025705228805542,0.00077278858423233,-0.0266942081451416),(0.025705228805542,
0.000773470520973206,0.026678430557251),(0.025705228805542,0.000773684918880463,
-0.0266784420013428),(0.025705228805542,0.000787153840065002,-0.02628293800354),
(0.025705228805542,0.000787153840065002,0.02628293800354),(0.025705228805542,
0.000790100276470185,-0.025682939529419),(0.025705228805542,0.000790100276470185,
0.0256829376220703),(0.0257052307128906,-0.00140981554985046,0.0301842021942139),
(0.0257052307128907,-0.0237385349273681,-0.0292993278503418),(0.0257052307128907,
-0.0237385349273681,0.0292993259429931),(0.0257052307128907,-0.0237384796142578,
0.029299388885498),(0.0257052307128907,-0.0237384757995606,-0.0292993927001953),
(0.0257052307128907,-0.0234478492736817,-0.0295902233123779),(0.0257052307128907,
-0.0234478492736817,0.0295902233123779),(0.0257052307128907,-0.0234444885253907,
0.029593282699585),(0.0257052307128907,-0.023444486618042,-0.0295932846069336),
(0.0257052307128907,-0.0231310596466065,-0.0298524055480957),(0.0257052307128907,
-0.0231310577392578,0.0298524074554443),(0.0257052307128907,-0.0231243171691894,
-0.0298574485778809),(0.0257052307128907,-0.0231243171691894,0.0298574466705323),
(0.0257052307128907,-0.0227898921966553,-0.0300821895599365),(0.0257052307128907,
-0.0227898845672607,0.0300821933746338),(0.0257052307128907,-0.0227811470031739,
-0.0300874328613281),(0.0257052307128907,-0.0227811470031739,0.0300874309539795),
(0.0257052307128907,-0.0226099052429199,-0.0301840476989746),(0.0257052307128907,
-0.022609899520874,0.0301840496063232),(0.0257052307128907,-0.0226014404296875,
-0.030188533782959),(0.0257052307128907,-0.0226014404296875,0.030188533782959),
(0.0257052307128907,-0.0224265041351319,-0.0302753791809082),(0.0257052307128907,
-0.022426498413086,0.0302753810882569),(0.0257052307128907,-0.0224183578491211,
-0.0302791576385498),(0.0257052307128907,-0.0224183578491211,0.0302791557312012),
(0.0257052307128907,-0.0222366962432861,-0.030357515335083),(0.0257052307128907,
-0.0222366924285889,0.0303575172424316),(0.0257052307128907,-0.0222303829193116,
-0.0303600406646728),(0.0257052307128907,-0.0222303829193116,0.0303600406646728),
(0.0257052307128907,-0.0220441665649414,-0.0304287071228027),(0.0257052307128907,
-0.0220441608428955,0.0304287071228027),(0.0257052307128907,-0.0220397453308105,
-0.0304302024841308),(0.0257052307128907,-0.0220397453308105,0.0304302024841308),
(0.0257052307128907,-0.00198013591766357,0.0304299564361573),(0.0257052307128907,
-0.00198005139827729,-0.0304302024841308),(0.0257052307128907,-0.00197571873664856,
0.0304284648895264),(0.0257052307128907,-0.00197563600540161,-0.0304287090301514),
(0.0257052307128907,-0.00178944587707519,0.0303599624633789),(0.0257052307128907,
-0.00178941369056701,-0.0303600406646728),(0.0257052307128907,-0.00178313338756562,
0.0303574466705323),(0.0257052307128907,-0.00178310465812683,-0.0303575172424316),
(0.0257052307128907,-0.00160143804550171,-0.0302791576385498),(0.0257052307128907,
-0.00160139775276184,0.0302792453765869),(0.0257052307128907,-0.00159329736232758,
-0.0302753810882569),(0.0257052307128907,-0.0015932537317276,0.0302754745483398),
(0.0257052307128907,-0.00141835653781891,-0.030188533782959),(0.0257052307128907,
-0.00141827690601349,0.030188684463501),(0.0257052307128907,-0.00140989601612091,
-0.0301840515136719),(0.0257052307128907,-0.00123864960670471,-0.0300874328613281),
(0.0257052307128907,-0.00123860359191895,0.0300874919891357),(0.0257052307128907,
-0.00122991132736206,-0.0300821933746338),(0.0257052307128907,-0.00122986030578613,
0.0300822410583496),(0.0257052307128907,-0.000895602345466614,0.0298572807312012),
(0.0257052307128907,-0.000895478963851929,-0.0298574485778809),(0.0257052307128907,
-0.000888863801956177,0.0298522415161133),(0.0257052307128907,-0.000888738811016083,
-0.0298524074554443),(0.0257052307128907,-0.000575391352176666,0.0295931987762451),
(0.0257052307128907,-0.000575308382511139,-0.029593282699585),(0.0257052307128907,
-0.000572026014328003,0.0295901374816895),(0.0257052307128907,-0.000571947813034058,
-0.0295902252197266),(0.0257052307128907,-0.000281317204236984,-0.029299388885498),
(0.0257052307128907,-0.000281261026859284,-0.0292993278503418),(0.0257052307128907,
-0.000281236708164215,0.0292994613647461),(0.0257052307128907,-0.000281180590391159,
0.0292994003295899),(0.0260052280426025,-0.0263598976135254,-0.0258009395599365),
(0.0260052280426025,-0.0263598976135254,3.41526902047917E-7),(0.0260052280426025,
-0.0263598976135254,0.0258009395599365),(0.0260052280426025,-0.026356798171997,
-0.0263464546203614),(0.0260052280426025,-0.026356798171997,0.0263464546203614),
(0.0260052280426025,-0.0263351879119873,-0.0268917026519776),(0.0260052280426025,
-0.0263351879119873,0.0268917045593262),(0.0260052280426025,-0.0262783699035645,
-0.0274342460632324),(0.0260052280426025,-0.0262783699035645,0.0274342460632324),
(0.0260052280426025,-0.0261742973327636,-0.0279696559906006),(0.0260052280426025,
-0.0261742973327636,0.0279696559906006),(0.0260052280426025,-0.0260170803070068,
-0.0284919033050537),(0.0260052280426025,-0.0260170803070068,0.0284919033050537),
(0.0260052280426025,-0.0258063507080078,-0.0289949474334717),(0.0260052280426025,
-0.0258063507080078,0.0289949474334717),(0.0260052280426025,-0.0255452346801758,
-0.0294738006591797),(0.0260052280426025,-0.0255452327728272,0.0294738006591797),
(0.0260052280426025,-0.0252382659912109,-0.0299246234893799),(0.0260052280426025,
-0.0252382659912109,0.0299246234893799),(0.0260052280426025,-0.0251101360321045,
-0.025682939529419),(0.0260052280426025,-0.0251101360321045,3.41526902047918E-7),
(0.0260052280426025,-0.0251101360321045,0.0256829376220703),(0.0260052280426025,
-0.0251074390411377,-0.02628293800354),(0.0260052280426025,-0.0251074390411377,
0.02628293800354),(0.0260052280426025,-0.025092960357666,-0.0267200183868408),
(0.0260052280426025,-0.025092960357666,0.0267200183868408),(0.0260052280426025,
-0.0250540542602539,-0.0271552715301514),(0.0260052280426025,-0.0250540542602539,
0.0271552715301514),(0.0260052280426025,-0.0249791774749756,-0.0275861759185791),
(0.0260052280426025,-0.0249791774749756,0.0275861759185791),(0.0260052280426025,
-0.024925796508789,-0.0277982196807861),(0.0260052280426025,-0.024925796508789,
0.0277982196807861),(0.0260052280426025,-0.0248899555206299,-0.030344367980957),
(0.0260052280426025,-0.0248899555206299,0.030344367980957),(0.0260052280426025,
-0.0248608283996582,-0.0280079574584961),(0.0260052280426025,-0.0248608283996582,
0.0280079574584961),(0.0260052280426025,-0.024784818649292,-0.0282127895355224),
(0.0260052280426025,-0.024784818649292,0.0282127895355224),(0.0260052280426025,
-0.0246969680786133,-0.0284148063659668),(0.0260052280426025,-0.0246969680786133,
0.0284148063659668),(0.0260052280426025,-0.0245991516113282,-0.0286102256774903),
(0.0260052280426025,-0.0245991516113282,0.0286102256774903),(0.0260052280426025,
-0.0245042724609375,-0.0307300510406494),(0.0260052280426025,-0.0245042724609375,
0.0307300510406494),(0.0260052280426025,-0.0244900894165039,-0.0288021183013916),
(0.0260052280426025,-0.0244900894165039,0.0288021183013916),(0.0260052280426025,
-0.0243717956542968,-0.0289873294830323),(0.0260052280426025,-0.0243717956542968,
0.0289873313903808),(0.0260052280426025,-0.0242443790435791,-0.0291663818359375),
(0.0260052280426025,-0.0242443790435791,0.0291663818359375),(0.0260052280426025,
-0.0240845279693604,-0.0310783615112304),(0.0260052280426025,-0.0240845279693604,
0.0310783615112304),(0.0260052280426025,-0.0239642124176026,-0.0295050239562989),
(0.0260052280426025,-0.0239642124176026,0.0295050239562989),(0.0260052280426025,
-0.0236599998474121,-0.0261468620300293),(0.0260052280426025,-0.0236599998474121,
-0.0256829376220703),(0.0260052280426025,-0.0236599998474121,0.0256829376220703),
(0.0260052280426025,-0.0236599998474121,0.0261468620300293),(0.0260052280426025,
-0.0236598396301269,-0.02628293800354),(0.0260052280426025,-0.0236598396301269,
0.02628293800354),(0.0260052280426025,-0.0236533298492432,-0.0298159065246582),
(0.0260052280426025,-0.0236533298492432,0.0298159065246582),(0.0260052280426025,
-0.0236337051391602,-0.0313853282928467),(0.0260052280426025,-0.0236337051391602,
0.0313853282928467),(0.0260052280426025,-0.0233146839141846,-0.0300960731506347),
(0.0260052280426025,-0.0233146820068359,0.0300960731506347),(0.0260052280426025,
-0.0231548519134521,-0.0316464462280273),(0.0260052280426025,-0.0231548519134521,
0.0316464462280273),(0.0260052280426025,-0.0231356315612793,-0.0302234840393067),
(0.0260052280426025,-0.0231356315612793,0.030223482131958),(0.0260052280426025,
-0.0229504203796387,-0.0303417682647705),(0.0260052280426025,-0.0229504203796387,
0.0303417663574219),(0.0260052280426025,-0.0227585239410401,-0.0304508209228516),
(0.0260052280426025,-0.0227585239410401,0.0304508209228516),(0.0260052280426025,
-0.0226518077850342,-0.0318571758270264),(0.0260052280426025,-0.0226518077850342,
0.0318571758270264),(0.0260052280426025,-0.0225631237030029,-0.0305486183166504),
(0.0260052280426025,-0.0225631217956543,0.0305486183166504),(0.0260052280426025,
-0.0223610954284668,0.0306364650726319),(0.0260052280426025,-0.0223610935211181,
-0.0306364669799804),(0.0260052280426025,-0.0221562557220459,-0.0307124710083008),
(0.0260052280426025,-0.0221562557220459,0.0307124710083008),(0.0260052280426025,
-0.0221295604705811,-0.0320143928527832),(0.0260052280426025,-0.0221295604705811,
0.0320143928527832),(0.0260052280426025,-0.021946533203125,-0.030777437210083),
(0.0260052280426025,-0.021946533203125,0.030777437210083),(0.0260052280426025,
-0.021734489440918,-0.0308308277130127),(0.0260052280426025,-0.021734489440918,
0.0308308277130127),(0.0260052280426025,-0.0215941505432129,-0.032118465423584),
(0.0260052280426025,-0.0215941505432129,0.032118465423584),(0.0260052280426025,
-0.0213035945892334,-0.0309057598114014),(0.0260052280426025,-0.0213035945892334,
0.0309057598114014),(0.0260052280426025,-0.0210516090393067,-0.0321752853393555),
(0.0260052280426025,-0.0210516090393067,0.0321752815246582),(0.0260052280426025,
-0.0208683490753174,-0.0309447383880616),(0.0260052280426025,-0.0208683490753174,
0.0309447383880615),(0.0260052280426025,-0.0205063591003418,-0.0321968955993653),
(0.0260052280426025,-0.0205063591003418,0.0321968955993653),(0.0260052280426025,
-0.020431303024292,-0.0309592151641845),(0.0260052280426025,-0.020431303024292,
-0.0293000602722168),(0.0260052280426025,-0.020431303024292,0.0293000621795655),
(0.0260052280426025,-0.020431303024292,0.0309592132568359),(0.0260052280426025,
-0.019960844039917,-0.0321999931335449),(0.0260052280426025,-0.019960844039917,
0.0321999931335449),(0.0260052280426025,-0.0198313083648682,-0.0309605827331543),
(0.0260052280426025,-0.0198313083648682,-0.0293000602722168),(0.0260052280426025,
-0.0198313083648682,0.0293000621795655),(0.0260052280426025,-0.0198313083648682,
0.0309612655639649),(0.0260052280426025,-0.00418848848342895,-0.0309605827331543),
(0.0260052280426025,-0.00418848848342895,-0.0293000602722168),(0.0260052280426025,
-0.00418848848342895,0.0293000621795655),(0.0260052280426025,-0.00418848848342895,
0.0309609241485595),(0.0260052280426025,-0.00405895185470581,-0.0321999931335449),
(0.0260052280426025,-0.00405895185470581,0.0321999931335449),(0.0260052280426025,
-0.00358849358558655,-0.0309592151641845),(0.0260052280426025,-0.00358849358558655,
-0.0293000621795655),(0.0260052280426025,-0.00358849358558655,0.0293000621795655),
(0.0260052280426025,-0.00358849358558655,0.0309592132568359),(0.0260052280426025,
-0.0035134379863739,-0.0321968955993653),(0.0260052280426025,-0.0035134379863739,
0.0321968955993653),(0.0260052280426025,-0.00315144729614258,-0.0309447383880615),
(0.0260052280426025,-0.00315144729614258,0.0309447383880615),(0.0260052280426025,
-0.00296818828582763,-0.0321752815246582),(0.0260052280426025,-0.00296818828582763,
0.0321752853393555),(0.0260052280426025,-0.00271620225906372,0.0309057598114014),
(0.0260052280426025,-0.00271620202064514,-0.0309057598114014),(0.0260052280426025,
-0.00242564511299134,-0.032118465423584),(0.0260052280426025,-0.00242564511299134,
0.032118465423584),(0.0260052280426025,-0.00228530788421631,0.0308308277130127),
(0.0260052280426025,-0.00228530740737915,-0.0308308277130127),(0.0260052280426025,
-0.00207326412200928,0.030777437210083),(0.0260052280426025,-0.0020732638835907,
-0.030777437210083),(0.0260052280426025,-0.00189023530483246,-0.0320143928527832),
(0.0260052280426025,-0.00189023530483246,0.0320143928527832),(0.0260052280426025,
-0.00186354053020477,-0.0307124710083008),(0.0260052280426025,-0.00186354017257691,
0.0307124710083008),(0.0260052280426025,-0.00165870237350464,0.0306364650726319),
(0.0260052280426025,-0.00165870177745819,-0.0306364669799804),(0.0260052280426025,
-0.00145667362213135,0.0305486183166504),(0.0260052280426025,-0.00145667350292206,
-0.0305486183166504),(0.0260052280426025,-0.00136798930168152,0.0318571758270264),
(0.0260052280426025,-0.00136798918247223,-0.0318571758270264),(0.0260052280426025,
-0.00126127183437347,-0.0304508209228516),(0.0260052280426025,-0.00126127159595489,
0.0304508209228516),(0.0260052280426025,-0.00106937634944916,-0.0303417682647705),
(0.0260052280426025,-0.00106937611103058,0.0303417663574219),(0.0260052280426025,
-0.00088416463136673,-0.0302234840393067),(0.0260052280426025,-0.000884164273738861,
0.030223482131958),(0.0260052280426025,-0.000864943861961365,0.0316464462280273),
(0.0260052280426025,-0.00086494368314743,-0.0316464443206787),(0.0260052280426025,
-0.000705113768577576,-0.0300960731506347),(0.0260052280426025,-0.000705113410949707,
0.0300960731506347),(0.0260052280426025,-0.000386092185974121,0.0313853302001953),
(0.0260052280426025,-0.000386092007160187,-0.0313853282928467),(0.0260052280426025,
-0.000366467088460922,0.0298159065246582),(0.0260052280426025,-0.000366466343402862,
-0.0298159065246582),(0.0260052280426025,-0.000359956115484237,-0.02628293800354),
(0.0260052280426025,-0.000359956115484237,0.02628293800354),(0.0260052280426025,
-0.000359796375036239,-0.026146863937378),(0.0260052280426025,-0.000359796375036239,
-0.0256829376220703),(0.0260052280426025,-0.000359796375036239,0.0256829376220703),
(0.0260052280426025,-0.000359796375036239,0.0261468620300293),(0.0260052280426025,
-5.55838793516159E-5,0.0295050239562989),(0.0260052280426025,-5.5583119392395E-5,
-0.0295050239562989),(0.0260052280426025,6.47322237491608E-5,0.0310783615112304),
(0.0260052280426025,6.47323802113533E-5,-0.0310783596038819),(0.0260052280426025,
0.000224582180380821,0.0291663818359375),(0.0260052280426025,0.000224582374095916,
-0.0291663837432861),(0.0260052280426025,0.000351999402046203,0.0289873294830323),
(0.0260052280426025,0.000351999670267105,-0.0289873313903808),(0.0260052280426025,
0.000470292419195175,0.0288021183013916),(0.0260052280426025,0.000470292717218399,
-0.0288021183013916),(0.0260052280426025,0.000484475910663605,0.030730052947998),
(0.0260052280426025,0.000484476059675217,-0.0307300510406494),(0.0260052280426025,
0.000579354584217072,0.0286102256774903),(0.0260052280426025,0.000579354822635651,
-0.0286102256774903),(0.0260052280426025,0.000677171349525452,0.0284148063659668),
(0.0260052280426025,0.000677171766757965,-0.0284148063659668),(0.0260052280426025,
0.000765022575855255,0.0282127895355224),(0.0260052280426025,0.000765022933483124,
-0.0282127895355224),(0.0260052280426025,0.000841032445430756,0.0280079555511475),
(0.0260052280426025,0.000841032505035401,-0.0280079574584961),(0.0260052280426025,
0.000870159208774567,0.030344367980957),(0.0260052280426025,0.000870159327983856,
-0.030344367980957),(0.0260052280426025,0.000906000912189484,0.0277982196807861),
(0.0260052280426025,0.000906001031398773,-0.0277982196807861),(0.0260052280426025,
0.000959380507469177,0.0275861759185791),(0.0260052280426025,0.000959380805492401,
-0.0275861759185791),(0.0260052280426025,0.00103425812721252,0.0271552715301514),
(0.0260052280426025,0.0010342583656311,-0.0271552715301514),(0.0260052280426025,
0.0010731645822525,-0.0267200183868408),(0.0260052280426025,0.0010731645822525,
0.0267200183868408),(0.0260052280426025,0.00108764266967773,-0.02628293800354),
(0.0260052280426025,0.00108764266967773,0.02628293800354),(0.0260052280426025,
0.00109033894538879,-0.025682939529419),(0.0260052280426025,0.00109033894538879,
3.41526902047918E-7),(0.0260052280426025,0.00109033894538879,0.0256829376220703),
(0.0260052280426025,0.00121846890449524,0.0299246253967285),(0.0260052280426025,
0.00121846902370453,-0.0299246234893799),(0.0260052280426025,0.00152543711662293,
0.0294738006591797),(0.0260052280426025,0.00152543723583222,-0.0294737987518311),
(0.0260052280426025,0.00178655338287353,0.0289949493408203),(0.0260052280426025,
0.00178655350208282,-0.0289949474334716),(0.0260052280426025,0.00199728393554688,
0.0284919033050537),(0.0260052280426025,0.00199728405475617,-0.0284919013977051),
(0.0260052280426025,0.00215450143814087,-0.0279696559906006),(0.0260052280426025,
0.00215450143814087,0.0279696578979492),(0.0260052280426025,0.00225857281684876,
-0.0274342460632324),(0.0260052280426025,0.00225857281684876,0.0274342479705811),
(0.0260052280426025,0.00231539154052735,-0.0268917026519776),(0.0260052280426025,
0.00231539154052735,0.0268917045593262),(0.0260052280426025,0.00233700227737427,
0.0263464546203614),(0.0260052280426025,0.00233700251579284,-0.0263464527130127),
(0.0260052280426025,0.00234010171890259,-0.0258009395599365),(0.0260052280426025,
0.00234010171890259,3.41526902047917E-7),(0.0260052280426025,0.00234010171890259,
0.0258009414672851),(0.0347105827331543,-0.0236599998474121,0.0163982906341552),
(0.0347105827331543,-0.0236599998474121,0.0191316757202149),(0.0347105827331543,
-0.0194001369476318,0.0163982906341552),(0.0347105827331543,-0.0194001369476318,
0.0191316757202149),(0.0347105827331543,-0.0193413238525391,0.016401180267334),
(0.0347105827331543,-0.0193413238525391,0.0191287860870362),(0.0347105827331543,
-0.0192830810546875,0.0164098205566406),(0.0347105827331543,-0.0192830810546875,
0.0191201457977295),(0.0347105827331543,-0.0192259635925293,0.0164241275787353),
(0.0347105827331543,-0.0192259635925293,0.0191058387756348),(0.0347105827331543,
-0.019170524597168,0.0164439640045166),(0.0347105827331543,-0.019170524597168,
0.0190860023498535),(0.0347105827331543,-0.0191172981262207,0.0164691390991211),
(0.0347105827331543,-0.0191172981262207,0.019060827255249),(0.0347105827331543,
-0.0190667934417725,0.0164994106292724),(0.0347105827331543,-0.0190667934417725,
0.0190305576324463),(0.0347105827331543,-0.0190195007324219,0.0165344848632813),
(0.0347105827331543,-0.0190195007324219,0.0189954814910889),(0.0347105827331543,
-0.0189758720397949,0.0165740280151367),(0.0347105827331543,-0.0189758720397949,
0.0189559402465821),(0.0347105827331543,-0.0189363307952881,0.016617654800415),
(0.0347105827331543,-0.0189363307952881,0.0189123115539551),(0.0347105827331543,
-0.0189012546539307,0.0166649494171143),(0.0347105827331543,-0.0189012546539307,
0.0188650188446045),(0.0347105827331543,-0.0188709831237793,0.0167154541015625),
(0.0347105827331543,-0.0188709831237793,0.0188145141601563),(0.0347105827331543,
-0.0188458099365234,0.0167686805725097),(0.0347105827331543,-0.0188458099365234,
0.0187612857818603),(0.0347105827331543,-0.0188259735107422,0.0168241195678711),
(0.0347105827331543,-0.0188259735107422,0.0187058486938477),(0.0347105827331543,
-0.0188116645812989,0.0168812370300293),(0.0347105827331543,-0.0188116645812989,
0.0186487312316895),(0.0347105827331543,-0.0188030261993408,0.0169394798278808),
(0.0347105827331543,-0.0188030261993408,0.0185904884338379),(0.0347105827331543,
-0.0188001365661621,0.016998291015625),(0.0347105827331543,-0.0188001365661621,
0.0185316753387451),(0.0394294242858887,-0.0031949999332428,-0.0123502960205078),
(0.0394294242858887,-0.0031949999332428,0.00584331321716309),(0.0394294242858887,
-0.00319499969482422,-0.00797333717346191),(0.0394294242858887,-0.00319499969482422,
0.0100202722549438),(0.0394294242858887,-0.00035979637503624,-0.00797333717346191),
(0.0394294242858887,-0.00035979637503624,0.00584331321716309),(0.0394294242858887,
-0.00035979637503624,0.0100202722549438),(0.0394294242858887,-0.00035979637503624,
-0.0123502960205078),(0.0397294235229492,-0.00840046691894531,-0.0118502960205078),
(0.0397294235229492,-0.00840046691894531,-0.00847333717346191),(0.0397294235229492,
-0.00840046691894531,0.00634331321716309),(0.0397294235229492,-0.00840046691894531,
0.00952027225494385),(0.0397294235229492,-0.00577500057220459,0.00952027225494385),
(0.0397294235229492,-0.00577500009536743,-0.0118502960205078),(0.0397294235229492,
-0.00577500009536743,-0.00847333717346191),(0.0397294235229492,-0.00577500009536743,
0.00634331321716309),(0.0397294235229492,-0.00349500012397766,-0.0123502960205078),
(0.0397294235229492,-0.00349500012397766,0.00584331321716309),(0.0397294235229492,
-0.00349499988555908,-0.00797333717346191),(0.0397294235229492,-0.00349499988555908,
0.0100202722549438),(0.0400294227600097,-0.00547499990463257,-0.0118502960205078),
(0.0400294227600097,-0.00547499990463257,-0.00847333717346191),(0.0400294227600097,
-0.00547499990463257,0.00634331321716309),(0.0400294227600097,-0.00547499990463257,
0.00952027225494385),(0.040823558807373,-0.00349499988555908,-0.0123502960205078),
(0.040823558807373,-0.00349499988555908,-0.00797333717346191),(0.040823558807373,
-0.00349499988555908,0.00584331321716309),(0.040823558807373,-0.00349499988555908,
0.0100202722549438),(0.0409258155822754,-0.00467444038391113,-0.0123502960205078),
(0.0409258155822754,-0.00467444038391113,-0.00797333717346191),(0.0409258155822754,
-0.00467444038391113,0.00584331321716309),(0.0409258155822754,-0.00467444038391113,
0.0100202722549438),(0.0412241935729981,-0.00494328927993774,-0.0123502960205078),
(0.0412241935729981,-0.00494328927993774,-0.00797333717346191),(0.0412241935729981,
-0.00494328927993774,0.00584331321716309),(0.0412241935729981,-0.00494328927993774,
0.0100202722549438),(0.0442552299499511,-0.0236478118896484,-0.0266843070983887),
(0.0442552299499511,-0.021044246673584,0.0292878723144532),(0.0442552299499511,
-0.016920000076294,0.0119149837493896),(0.0442552299499511,-0.016920000076294,
0.0236149826049805),(0.0442552299499511,-0.00840046691894532,-0.0118502960205078),
(0.0442552299499511,-0.00840046691894532,0.00952027225494384),(0.0442552299499511,
-0.00547499990463257,-0.0118502960205078),(0.0442552299499511,-0.00547499990463257,
0.00952027225494384),(0.0442552299499511,-0.00494328927993774,-0.00797333717346191),
(0.0442552299499511,-0.00494328927993774,0.00584331321716308),(0.0442552299499511,
-0.00297554969787597,0.0292878723144532),(0.0442552299499511,-0.000359796375036239,
-0.026146863937378),(0.0442552299499512,-0.0236599998474121,-0.0261468620300293),
(0.0442552299499512,-0.0236599998474121,-0.000985016524791717),(0.0442552299499512,
-0.0236599998474121,0.0163982906341552),(0.0442552299499512,-0.0236599998474121,
0.0191316757202149),(0.0442552299499512,-0.0236599998474121,0.0261468620300293),
(0.0442552299499512,-0.0236584720611572,-0.0264156494140625),(0.0442552299499512,
-0.0236584720611572,0.0264156494140625),(0.0442552299499512,-0.0236478118896484,
0.0266843051910401),(0.0442552299499512,-0.0236197834014892,-0.0269516258239746),
(0.0442552299499512,-0.0236197834014892,0.0269516258239746),(0.0442552299499512,
-0.0235684471130371,-0.0272154235839844),(0.0442552299499512,-0.0235684471130371,
0.0272154235839844),(0.0442552299499512,-0.0234909076690674,-0.0274727230072021),
(0.0442552299499512,-0.0234909076690674,0.0274727230072021),(0.0442552299499512,
-0.0233869972229004,-0.027720552444458),(0.0442552299499512,-0.0233869972229004,
0.027720552444458),(0.0442552299499512,-0.0232582721710205,-0.0279564571380615),
(0.0442552299499512,-0.0232582721710205,0.0279564571380615),(0.0442552299499512,
-0.0231069736480713,-0.0281785564422607),(0.0442552299499512,-0.0231069736480713,
0.0281785564422607),(0.0442552299499512,-0.0229353313446045,-0.0283853549957276),
(0.0442552299499512,-0.0229353313446045,0.0283853549957276),(0.0442552299499512,
-0.0227452964782715,0.0285753898620606),(0.0442552299499512,-0.0227452945709228,
-0.0285753898620606),(0.0442552299499512,-0.0225384979248047,-0.028747034072876),
(0.0442552299499512,-0.0225384979248047,0.028747034072876),(0.0442552299499512,
-0.0223163986206055,-0.0288983306884765),(0.0442552299499512,-0.0223163986206055,
0.0288983306884765),(0.0442552299499512,-0.022080493927002,0.0290270576477051),
(0.0442552299499512,-0.0220804920196533,-0.0290270576477051),(0.0442552299499512,
-0.0218326644897461,-0.0291309661865235),(0.0442552299499512,-0.0218326644897461,
0.0291309661865235),(0.0442552299499512,-0.0215753631591797,-0.0292085056304931),
(0.0442552299499512,-0.0215753631591797,0.0292085075378418),(0.0442552299499512,
-0.0213115673065186,-0.0292598419189453),(0.0442552299499512,-0.0213115673065186,
0.029259843826294),(0.0442552299499512,-0.0210499992370606,-0.0245850162506103),
(0.0442552299499512,-0.0210499992370606,-0.0133850164413452),(0.0442552299499512,
-0.0210499992370606,-0.00663501644134522),(0.0442552299499512,-0.0210499992370606,
-0.000985016524791717),(0.0442552299499512,-0.0210499992370606,0.00466498327255249),
(0.0442552299499512,-0.0210447120666504,-0.0132772951126099),(0.0442552299499512,
-0.0210447120666504,0.00477270460128784),(0.0442552299499512,-0.0210447025299072,
-0.0246928443908691),(0.0442552299499512,-0.0210447025299072,-0.00674284458160401),
(0.0442552299499512,-0.021044246673584,-0.0292878723144532),(0.0442552299499512,
-0.0210288829803467,-0.0131705093383789),(0.0442552299499512,-0.0210288829803467,
0.00487949085235596),(0.0442552299499512,-0.0210288619995117,-0.0247996292114258),
(0.0442552299499512,-0.0210288619995117,-0.00684962892532349),(0.0442552299499512,
-0.0210026588439941,-0.01306578540802),(0.0442552299499512,-0.0210026588439941,
0.00498421478271484),(0.0442552299499512,-0.021002628326416,-0.0249043483734131),
(0.0442552299499512,-0.021002628326416,-0.00695434904098511),(0.0442552299499512,
-0.0209662971496582,-0.0129641380310059),(0.0442552299499512,-0.0209662971496582,
0.00508586168289185),(0.0442552299499512,-0.0209662570953369,-0.0250059909820557),
(0.0442552299499512,-0.0209662570953369,-0.00705599164962769),(0.0442552299499512,
-0.0209201488494873,-0.0128665456771851),(0.0442552299499512,-0.0209201488494873,
0.00518345403671265),(0.0442552299499512,-0.0209200992584229,-0.0251035785675049),
(0.0442552299499512,-0.0209200992584229,-0.0071535792350769),(0.0442552299499512,
-0.0208646545410156,-0.0127739448547363),(0.0442552299499512,-0.0208646545410156,
0.00527605485916138),(0.0442552299499512,-0.0208645973205566,-0.0251961727142334),
(0.0442552299499512,-0.0208645973205566,-0.00724617385864258),(0.0442552299499512,
-0.020800350189209,-0.0126872301101685),(0.0442552299499512,-0.020800350189209,
0.00536276960372925),(0.0442552299499512,-0.0208002853393555,-0.025282880783081),
(0.0442552299499512,-0.0208002853393555,-0.00733288145065308),(0.0442552299499512,
-0.0207755908966065,-0.0292985305786133),(0.0442552299499512,-0.0207755908966065,
0.0292985324859619),(0.0442552299499512,-0.0207278556823731,-0.0126072378158569),
(0.0442552299499512,-0.0207278556823731,0.00544276237487793),(0.0442552299499512,
-0.0207277851104736,-0.0253628673553467),(0.0442552299499512,-0.0207277851104736,
-0.00741286706924439),(0.0442552299499512,-0.020647871017456,-0.0125347356796265),
(0.0442552299499512,-0.020647871017456,0.00551526403427124),(0.0442552299499512,
-0.0206477928161621,-0.025435359954834),(0.0442552299499512,-0.0206477928161621,
-0.00748536062240601),(0.0442552299499512,-0.0205611610412598,-0.012470422744751),
(0.0442552299499512,-0.0205611610412598,0.00557957696914673),(0.0442552299499512,
-0.0205610790252686,-0.0254996643066406),(0.0442552299499512,-0.0205610790252686,
-0.00754966497421265),(0.0442552299499512,-0.0205068035125733,-0.0293000602722168),
(0.0442552299499512,-0.0205068035125733,0.0293000602722168),(0.0442552299499512,
-0.0204685668945313,-0.0124149198532104),(0.0442552299499512,-0.0204685668945313,
0.00563508081436157),(0.0442552299499512,-0.0204684810638428,-0.0255551605224609),
(0.0442552299499512,-0.0204684810638428,-0.00760515975952149),(0.0442552299499512,
-0.0203709793090821,-0.0123687601089478),(0.0442552299499512,-0.0203709793090821,
0.00568123960494995),(0.0442552299499512,-0.0203708896636963,-0.0256013107299804),
(0.0442552299499512,-0.0203708896636963,-0.00765130996704102),(0.0442552299499512,
-0.0202693347930908,-0.0123323888778686),(0.0442552299499512,-0.0202693347930908,
0.00571761083602905),(0.0442552299499512,-0.0202692432403564,-0.0256376724243164),
(0.0442552299499512,-0.0202692432403564,-0.00768767213821411),(0.0442552299499512,
-0.0201646137237549,-0.0123061552047729),(0.0442552299499512,-0.0201646137237549,
0.00574384450912476),(0.0442552299499512,-0.0201645202636719,-0.0256638965606689),
(0.0442552299499512,-0.0201645202636719,-0.00771389579772949),(0.0442552299499512,
-0.0200578289031983,-0.0122903146743774),(0.0442552299499512,-0.0200578289031983,
0.00575968551635742),(0.0442552299499512,-0.0200577354431152,-0.0256797275543213),
(0.0442552299499512,-0.0200577354431152,-0.00772972774505615),(0.0442552299499512,
-0.0199500007629395,-0.0256850166320801),(0.0442552299499512,-0.0199500007629395,
-0.0122850160598755),(0.0442552299499512,-0.0199500007629395,-0.00773501634597778),
(0.0442552299499512,-0.0199500007629395,0.00576498365402222),(0.0442552299499512,
-0.0194001369476318,0.0163982906341552),(0.0442552299499512,-0.0194001369476318,
0.0191316757202149),(0.0442552299499512,-0.0193413238525391,0.016401180267334),
(0.0442552299499512,-0.0193413238525391,0.0191287860870362),(0.0442552299499512,
-0.0192830810546875,0.0164098205566406),(0.0442552299499512,-0.0192830810546875,
0.0191201457977295),(0.0442552299499512,-0.0192259635925293,0.0164241275787353),
(0.0442552299499512,-0.0192259635925293,0.0191058387756348),(0.0442552299499512,
-0.019170524597168,0.0164439640045166),(0.0442552299499512,-0.019170524597168,
0.0190860023498535),(0.0442552299499512,-0.0191172981262207,0.0164691390991211),
(0.0442552299499512,-0.0191172981262207,0.019060827255249),(0.0442552299499512,
-0.0190667934417725,0.0164994106292724),(0.0442552299499512,-0.0190667934417725,
0.0190305576324463),(0.0442552299499512,-0.0190195007324219,0.0165344848632813),
(0.0442552299499512,-0.0190195007324219,0.0189954814910889),(0.0442552299499512,
-0.0189758720397949,0.0165740280151367),(0.0442552299499512,-0.0189758720397949,
0.0189559402465821),(0.0442552299499512,-0.0189363307952881,0.016617654800415),
(0.0442552299499512,-0.0189363307952881,0.0189123115539551),(0.0442552299499512,
-0.0189012546539307,0.0166649494171143),(0.0442552299499512,-0.0189012546539307,
0.0188650188446045),(0.0442552299499512,-0.0188709831237793,0.0167154541015625),
(0.0442552299499512,-0.0188709831237793,0.0188145141601563),(0.0442552299499512,
-0.0188458099365234,0.0167686805725097),(0.0442552299499512,-0.0188458099365234,
0.0187612857818603),(0.0442552299499512,-0.0188259735107422,0.0168241195678711),
(0.0442552299499512,-0.0188259735107422,0.0187058486938477),(0.0442552299499512,
-0.0188116645812989,0.0168812370300293),(0.0442552299499512,-0.0188116645812989,
0.0186487312316895),(0.0442552299499512,-0.0188030261993408,0.0169394798278808),
(0.0442552299499512,-0.0188030261993408,0.0185904884338379),(0.0442552299499512,
-0.0188001365661621,0.016998291015625),(0.0442552299499512,-0.0188001365661621,
0.0177649841308594),(0.0442552299499512,-0.0188001365661621,0.0185316753387451),
(0.0442552299499512,-0.0179501476287842,-0.0293000602722168),(0.0442552299499512,
-0.0179501476287842,-0.0256850166320801),(0.0442552299499512,-0.0179501476287842,
-0.0122850160598755),(0.0442552299499512,-0.0179501476287842,-0.0101618165969849),
(0.0442552299499512,-0.016920000076294,0.0177649841308594),(0.0442552299499512,
-0.0169156742095947,0.0237031192779541),(0.0442552299499512,-0.0169156646728515,
0.0118267602920532),(0.0442552299499512,-0.0169027214050293,0.0237904891967773),
(0.0442552299499512,-0.0169027042388916,0.0117393913269043),(0.0442552299499512,
-0.0168812675476074,0.0238761730194092),(0.0442552299499512,-0.0168812408447265,
0.0116537113189697),(0.0442552299499512,-0.0168515167236328,0.0239593391418457),
(0.0442552299499512,-0.016851484298706,0.0115705490112305),(0.0442552299499512,
-0.0168137569427491,0.0240391864776611),(0.0442552299499512,-0.0168137168884278,
0.0114907054901123),(0.0442552299499512,-0.0167683525085449,0.0241149501800537),
(0.0442552299499512,-0.0167683067321778,0.011414945602417),(0.0442552299499512,
-0.0167157402038574,0.0241858997344971),(0.0442552299499512,-0.0167156867980957,
0.0113440027236938),(0.0442552299499512,-0.0166564273834229,0.0242513484954834),
(0.0442552299499512,-0.0166563682556153,0.0112785606384277),(0.0442552299499512,
-0.0165909843444824,0.0243106670379639),(0.0442552299499512,-0.0165909214019775,
0.0112192468643188),(0.0442552299499512,-0.0165200424194336,0.0243632869720459),
(0.0442552299499512,-0.0165199737548828,0.0111666345596313),(0.0442552299499512,
-0.0164442825317383,0.0244086990356445),(0.0442552299499512,-0.0164442119598388,
0.0111212301254272),(0.0442552299499512,-0.0163644371032715,0.0244464664459228),
(0.0442552299499512,-0.0163643646240235,0.0110834703445435),(0.0442552299499512,
-0.0162812747955322,0.024476224899292),(0.0442552299499512,-0.0162811985015869,
0.0110537195205688),(0.0442552299499512,-0.0161955928802491,0.0244976882934571),
(0.0442552299499512,-0.0161955165863037,0.0110322637557983),(0.0442552299499512,
-0.0161082248687744,0.024510648727417),(0.0442552299499512,-0.0161081466674805,
0.0110193109512329),(0.0442552299499512,-0.0160200004577636,0.0110149831771851),
(0.0442552299499512,-0.0160200004577636,0.0245149841308594),(0.0442552299499512,
-0.0159502954483033,-0.0256850166320801),(0.0442552299499512,-0.0159502954483033,
-0.0122850160598755),(0.0442552299499512,-0.0159502954483033,-0.00773501634597778),
(0.0442552299499512,-0.0159502954483033,0.00576498365402222),(0.0442552299499512,
-0.0158424730300903,-0.0122903137207031),(0.0442552299499512,-0.0158424730300903,
0.00575968647003174),(0.0442552299499512,-0.0158424682617187,-0.0256797180175782),
(0.0442552299499512,-0.0158424682617187,-0.00772971868515015),(0.0442552299499512,
-0.0157356948852539,-0.0123061532974243),(0.0442552299499512,-0.0157356948852539,
0.00574384689331055),(0.0442552299499512,-0.0157356853485108,-0.0256638774871826),
(0.0442552299499512,-0.0157356853485108,-0.00771387815475464),(0.0442552299499512,
-0.0156309795379638,-0.0123323831558228),(0.0442552299499512,-0.0156309795379638,
0.00571761703491211),(0.0442552299499512,-0.0156309652328491,-0.0256376457214356),
(0.0442552299499512,-0.0156309652328491,-0.00768764591217041),(0.0442552299499512,
-0.0155293416976928,-0.0123687496185303),(0.0442552299499512,-0.0155293416976928,
0.00568125009536743),(0.0442552299499512,-0.0155293235778809,-0.0256012763977051),
(0.0442552299499512,-0.0155293235778809,-0.00765127563476563),(0.0442552299499512,
-0.0154317588806152,-0.0124149036407471),(0.0442552299499512,-0.0154317588806152,
0.00563509654998779),(0.0442552299499512,-0.015431736946106,-0.025555118560791),
(0.0442552299499512,-0.015431736946106,-0.00760511827468872),(0.0442552299499512,
-0.0153391675949097,-0.0124704008102417),(0.0442552299499512,-0.0153391675949097,
0.00557959938049316),(0.0442552299499512,-0.0153391427993774,-0.0254996166229248),
(0.0442552299499512,-0.0153391427993774,-0.00754961633682251),(0.0442552299499512,
-0.015252462387085,-0.0125347051620483),(0.0442552299499512,-0.015252462387085,
0.00551529455184937),(0.0442552299499512,-0.0152524356842041,-0.0254353065490723),
(0.0442552299499512,-0.0152524356842041,-0.00748530578613281),(0.0442552299499512,
-0.015172477722168,-0.01260719871521),(0.0442552299499512,-0.015172477722168,
0.00544280099868774),(0.0442552299499512,-0.0151724500656128,-0.0253628063201904),
(0.0442552299499512,-0.0151724500656128,-0.00741280651092529),(0.0442552299499512,
-0.0150999841690063,-0.0126871833801269),(0.0442552299499512,-0.0150999841690063,
0.00536281681060791),(0.0442552299499512,-0.0150999565124512,-0.0252828159332275),
(0.0442552299499512,-0.0150999565124512,-0.0073328161239624),(0.0442552299499512,
-0.0150356788635254,-0.0127738885879517),(0.0442552299499512,-0.0150356788635254,
0.0052761116027832),(0.0442552299499512,-0.0150356521606445,-0.0251961040496826),
(0.0442552299499512,-0.0150356521606445,-0.00724610424041748),(0.0442552299499512,
-0.0149801816940308,-0.0128664798736572),(0.0442552299499512,-0.0149801816940308,
0.00518352031707764),(0.0442552299499512,-0.0149801568984985,-0.0251035060882569),
(0.0442552299499512,-0.0149801568984985,-0.0071535062789917),(0.0442552299499512,
-0.0149340286254883,-0.0129640626907349),(0.0442552299499512,-0.0149340286254883,
0.0050859375),(0.0442552299499512,-0.014934006690979,-0.025005916595459),
(0.0442552299499512,-0.014934006690979,-0.00705591630935669),(0.0442552299499512,
-0.0148976621627808,-0.0130657005310059),(0.0442552299499512,-0.0148976621627808,
0.004984299659729),(0.0442552299499512,-0.0148976430892944,-0.0249042720794678),
(0.0442552299499512,-0.0148976430892944,-0.00695427179336548),(0.0442552299499512,
-0.014871431350708,-0.0131704158782959),(0.0442552299499512,-0.014871431350708,
0.00487958431243896),(0.0442552299499512,-0.0148714179992676,-0.0247995510101318),
(0.0442552299499512,-0.0148714179992676,-0.00684955024719238),(0.0442552299499512,
-0.0148555927276611,-0.0132771940231323),(0.0442552299499512,-0.0148555927276611,
0.00477280616760254),(0.0442552299499512,-0.0148555850982666,-0.0246927661895752),
(0.0442552299499512,-0.0148555850982666,-0.00674276638031006),(0.0442552299499512,
-0.0148502950668335,-0.0245850162506103),(0.0442552299499512,-0.0148502950668335,
-0.0189850158691406),(0.0442552299499512,-0.0148502950668335,-0.0133850164413452),
(0.0442552299499512,-0.0148502950668335,-0.00663501644134522),(0.0442552299499512,
-0.0148502950668335,-0.000985016524791717),(0.0442552299499512,-0.0148502950668335,
0.00466498327255249),(0.0442552299499512,-0.0125500001907349,-0.0245850162506103),
(0.0442552299499512,-0.0125500001907349,-0.0189850158691406),(0.0442552299499512,
-0.0125500001907349,-0.0133850164413452),(0.0442552299499512,-0.0125500001907349,
-0.00663501644134522),(0.0442552299499512,-0.0125500001907349,-0.000985016524791717),
(0.0442552299499512,-0.0125500001907349,0.00466498327255249),(0.0442552299499512,
-0.0125447130203247,-0.0132772951126099),(0.0442552299499512,-0.0125447130203247,
0.00477270460128784),(0.0442552299499512,-0.0125447025299072,-0.0246928443908691),
(0.0442552299499512,-0.0125447025299072,-0.00674284458160401),(0.0442552299499512,
-0.0125288820266724,-0.0131705093383789),(0.0442552299499512,-0.0125288820266724,
0.00487949085235596),(0.0442552299499512,-0.0125288610458374,-0.0247996292114258),
(0.0442552299499512,-0.0125288610458374,-0.00684962892532349),(0.0442552299499512,
-0.0125026588439941,-0.01306578540802),(0.0442552299499512,-0.0125026588439941,
0.00498421478271484),(0.0442552299499512,-0.012502628326416,-0.0249043483734131),
(0.0442552299499512,-0.012502628326416,-0.00695434904098511),(0.0442552299499512,
-0.0124662981033325,-0.0129641380310059),(0.0442552299499512,-0.0124662981033325,
0.00508586168289185),(0.0442552299499512,-0.0124662580490112,-0.0250059909820557),
(0.0442552299499512,-0.0124662580490112,-0.00705599164962768),(0.0442552299499512,
-0.0124201488494873,-0.0128665456771851),(0.0442552299499512,-0.0124201488494873,
0.00518345403671265),(0.0442552299499512,-0.0124200992584228,-0.0251035785675049),
(0.0442552299499512,-0.0124200992584228,-0.0071535792350769),(0.0442552299499512,
-0.0123646535873413,-0.0127739448547363),(0.0442552299499512,-0.0123646535873413,
0.00527605485916138),(0.0442552299499512,-0.0123645963668823,-0.0251961727142334),
(0.0442552299499512,-0.0123645963668823,-0.00724617385864258),(0.0442552299499512,
-0.012300350189209,-0.0126872301101685),(0.0442552299499512,-0.012300350189209,
0.00536276960372925),(0.0442552299499512,-0.0123002853393555,-0.025282880783081),
(0.0442552299499512,-0.0123002853393555,-0.00733288145065308),(0.0442552299499512,
-0.012227855682373,-0.0126072378158569),(0.0442552299499512,-0.012227855682373,
0.00544276237487793),(0.0442552299499512,-0.0122277841567993,-0.0253628673553467),
(0.0442552299499512,-0.0122277841567993,-0.00741286706924439),(0.0442552299499512,
-0.0121478700637817,-0.0125347356796265),(0.0442552299499512,-0.0121478700637817,
0.00551526403427124),(0.0442552299499512,-0.0121477928161621,-0.025435359954834),
(0.0442552299499512,-0.0121477928161621,-0.00748536062240601),(0.0442552299499512,
-0.0120611619949341,-0.012470422744751),(0.0442552299499512,-0.0120611619949341,
0.00557957696914673),(0.0442552299499512,-0.0120610799789429,-0.0254996643066406),
(0.0442552299499512,-0.0120610799789429,-0.00754966497421265),(0.0442552299499512,
-0.0119685668945312,-0.0124149198532104),(0.0442552299499512,-0.0119685668945312,
0.00563508081436157),(0.0442552299499512,-0.0119684801101685,-0.0255551605224609),
(0.0442552299499512,-0.0119684801101685,-0.00760515975952149),(0.0442552299499512,
-0.011870979309082,-0.0123687601089478),(0.0442552299499512,-0.011870979309082,
0.00568123960494995),(0.0442552299499512,-0.011870888710022,-0.0256013107299805),
(0.0442552299499512,-0.011870888710022,-0.00765130996704102),(0.0442552299499512,
-0.0117693357467651,-0.0123323888778686),(0.0442552299499512,-0.0117693357467651,
0.00571761083602905),(0.0442552299499512,-0.0117692432403564,-0.0256376724243164),
(0.0442552299499512,-0.0117692432403564,-0.00768767213821411),(0.0442552299499512,
-0.0116646137237549,-0.0123061552047729),(0.0442552299499512,-0.0116646137237549,
0.00574384450912476),(0.0442552299499512,-0.0116645202636719,-0.0256638965606689),
(0.0442552299499512,-0.0116645202636719,-0.00771389579772949),(0.0442552299499512,
-0.0115578289031982,-0.0122903146743774),(0.0442552299499512,-0.0115578289031982,
0.00575968551635742),(0.0442552299499512,-0.0115577354431152,-0.0256797275543213),
(0.0442552299499512,-0.0115577354431152,-0.00772972774505615),(0.0442552299499512,
-0.0114499998092651,-0.0122850160598755),(0.0442552299499512,-0.0114499998092651,
-0.00773501634597779),(0.0442552299499512,-0.0114499998092651,-0.0256850166320801),
(0.0442552299499512,-0.0114499998092651,0.00576498365402222),(0.0442552299499512,
-0.00940999984741211,-0.0101618165969849),(0.0442552299499512,-0.00940999984741211,
-0.00773501634597779),(0.0442552299499512,-0.00940999984741211,0.00576498365402222),
(0.0442552299499512,-0.00940999984741211,0.00793179273605347),(0.0442552299499512,
-0.00840046691894531,-0.0101618165969849),(0.0442552299499512,-0.00840046691894531,
-0.00847333717346191),(0.0442552299499512,-0.00840046691894531,0.00634331321716308),
(0.0442552299499512,-0.00840046691894531,0.00793179273605347),(0.0442552299499512,
-0.00736999988555908,-0.0256850166320801),(0.0442552299499512,-0.00736999988555908,
-0.0122850160598755),(0.0442552299499512,-0.00736999988555908,-0.00773501634597779),
(0.0442552299499512,-0.00736999988555908,0.00576498365402222),(0.0442552299499512,
-0.00726217746734619,-0.0122903137207031),(0.0442552299499512,-0.00726217746734619,
0.00575968647003174),(0.0442552299499512,-0.00726217269897461,-0.0256797180175782),
(0.0442552299499512,-0.00726217269897461,-0.00772971868515015),(0.0442552299499512,
-0.00715539932250977,-0.0123061532974243),(0.0442552299499512,-0.00715539932250977,
0.00574384689331055),(0.0442552299499512,-0.0071553897857666,-0.0256638774871826),
(0.0442552299499512,-0.0071553897857666,-0.00771387815475464),(0.0442552299499512,
-0.00705068397521973,-0.0123323831558228),(0.0442552299499512,-0.00705068397521973,
0.00571761703491211),(0.0442552299499512,-0.00705067014694214,-0.0256376457214356),
(0.0442552299499512,-0.00705067014694214,-0.00768764591217041),(0.0442552299499512,
-0.00694904613494873,-0.0123687496185303),(0.0442552299499512,-0.00694904613494873,
0.00568125009536743),(0.0442552299499512,-0.00694902801513672,-0.0256012763977051),
(0.0442552299499512,-0.00694902801513672,-0.00765127563476563),(0.0442552299499512,
-0.00685146331787109,-0.0124149036407471),(0.0442552299499512,-0.00685146331787109,
0.00563509654998779),(0.0442552299499512,-0.00685144186019897,-0.025555118560791),
(0.0442552299499512,-0.00685144186019897,-0.00760511827468872),(0.0442552299499512,
-0.00675887203216553,-0.0124704008102417),(0.0442552299499512,-0.00675887203216553,
0.00557959938049316),(0.0442552299499512,-0.00675884771347046,-0.0254996166229248),
(0.0442552299499512,-0.00675884771347046,-0.00754961633682251),(0.0442552299499512,
-0.00667216682434082,-0.0125347051620483),(0.0442552299499512,-0.00667216682434082,
0.00551529455184937),(0.0442552299499512,-0.00667214059829712,-0.0254353065490723),
(0.0442552299499512,-0.00667214059829712,-0.00748530578613281),(0.0442552299499512,
-0.00659218263626099,-0.01260719871521),(0.0442552299499512,-0.00659218263626099,
0.00544280099868774),(0.0442552299499512,-0.00659215497970581,-0.0253628063201904),
(0.0442552299499512,-0.00659215497970581,-0.00741280651092529),(0.0442552299499512,
-0.00651968908309937,-0.0126871833801269),(0.0442552299499512,-0.00651968908309937,
0.00536281681060791),(0.0442552299499512,-0.00651966142654419,-0.0252828159332275),
(0.0442552299499512,-0.00651966142654419,-0.0073328161239624),(0.0442552299499512,
-0.00645538377761841,-0.0127738885879517),(0.0442552299499512,-0.00645538377761841,
0.0052761116027832),(0.0442552299499512,-0.00645535707473755,-0.0251961040496826),
(0.0442552299499512,-0.00645535707473755,-0.00724610424041748),(0.0442552299499512,
-0.00639988660812378,-0.0128664798736572),(0.0442552299499512,-0.00639988660812378,
0.00518352031707764),(0.0442552299499512,-0.00639986181259155,-0.0251035060882569),
(0.0442552299499512,-0.00639986181259155,-0.0071535062789917),(0.0442552299499512,
-0.0063537335395813,-0.0129640626907349),(0.0442552299499512,-0.0063537335395813,
0.0050859375),(0.0442552299499512,-0.00635371112823486,-0.025005916595459),
(0.0442552299499512,-0.00635371112823486,-0.00705591630935669),(0.0442552299499512,
-0.00631736660003662,-0.0130657005310059),(0.0442552299499512,-0.00631736660003662,
0.004984299659729),(0.0442552299499512,-0.00631734800338745,-0.0249042720794678),
(0.0442552299499512,-0.00631734800338745,-0.00695427179336548),(0.0442552299499512,
-0.00630000019073487,0.0110149831771851),(0.0442552299499512,-0.00630000019073486,
0.0245149841308594),(0.0442552299499512,-0.00629113626480103,-0.0131704158782959),
(0.0442552299499512,-0.00629113626480103,0.00487958431243897),(0.0442552299499512,
-0.00629112339019775,-0.0247995510101318),(0.0442552299499512,-0.00629112339019775,
-0.00684955024719238),(0.0442552299499512,-0.00627529716491699,-0.0132771940231323),
(0.0442552299499512,-0.00627529716491699,0.00477280616760254),(0.0442552299499512,
-0.00627529001235962,-0.0246927661895752),(0.0442552299499512,-0.00627529001235962,
-0.00674276638031006),(0.0442552299499512,-0.00626999998092651,-0.0245850162506103),
(0.0442552299499512,-0.00626999998092651,-0.0189850158691406),(0.0442552299499512,
-0.00626999998092651,-0.0133850164413452),(0.0442552299499512,-0.00626999998092651,
-0.00663501644134522),(0.0442552299499512,-0.00626999998092651,0.00466498327255249),
(0.0442552299499512,-0.00621178150177002,0.024510648727417),(0.0442552299499512,
-0.00621177768707275,0.0110193176269531),(0.0442552299499512,-0.00612441730499268,
0.0244976902008057),(0.0442552299499512,-0.00612440967559815,0.0110322780609131),
(0.0442552299499512,-0.00603874158859253,0.0244762287139893),(0.0442552299499512,
-0.00603873014450073,0.0110537414550781),(0.0442552299499512,-0.00595558309555054,
0.0244464740753174),(0.0442552299499512,-0.00595556831359863,0.0110834989547729),
(0.0442552299499512,-0.00587574243545532,0.0244087123870849),(0.0442552299499512,
-0.00587572526931763,0.0111212635040283),(0.0442552299499512,-0.00579998636245728,
0.0243633060455323),(0.0442552299499512,-0.00579996633529663,0.0111666746139526),
(0.0442552299499512,-0.00572904539108276,0.0243106918334961),(0.0442552299499512,
-0.00572902393341065,0.011219292640686),(0.0442552299499512,-0.00566360378265381,
0.0242513790130615),(0.0442552299499512,-0.00566358137130737,0.0112786102294922),
(0.0442552299499512,-0.00560429096221924,0.0241859378814698),(0.0442552299499512,
-0.0056042685508728,0.0113440570831299),(0.0442552299499512,-0.00555167770385742,
0.0241149978637695),(0.0442552299499512,-0.00555165576934815,0.011415002822876),
(0.0442552299499512,-0.00550627088546753,0.0240392417907715),(0.0442552299499512,
-0.00550625038146973,0.0114907646179199),(0.0442552299499512,-0.00547499990463257,
-0.0101618165969849),(0.0442552299499512,-0.00547499990463257,-0.00847333717346191),
(0.0442552299499512,-0.00547499990463257,0.00634331321716309),(0.0442552299499512,
-0.00547499990463257,0.00793179273605347),(0.0442552299499512,-0.00546850919723511,
0.023959400177002),(0.0442552299499512,-0.00546849060058594,0.011570611000061),
(0.0442552299499512,-0.00543875455856323,0.02387624168396),(0.0442552299499512,
-0.00543873929977417,0.0116537742614746),(0.0442552299499512,-0.00541729354858399,
0.0237905654907227),(0.0442552299499512,-0.00541728258132935,0.0117394552230835),
(0.0442552299499512,-0.00540433406829834,0.0237032012939453),(0.0442552299499512,
-0.00540432834625244,0.0118268241882324),(0.0442552299499512,-0.00540000009536743,
0.0119149837493896),(0.0442552299499512,-0.00540000009536743,0.0177649841308594),
(0.0442552299499512,-0.00540000009536743,0.0236149826049805),(0.0442552299499512,
-0.00494328927993774,-0.0123502960205078),(0.0442552299499512,-0.00494328927993774,
-0.0101618165969849),(0.0442552299499512,-0.00494328927993774,0.00793179273605347),
(0.0442552299499512,-0.00494328927993774,0.0100202722549438),(0.0442552299499512,
-0.00351299357414246,-0.0293000602722168),(0.0442552299499512,-0.00351299357414246,
0.0293000602722168),(0.0442552299499512,-0.00324420642852783,-0.0292985305786133),
(0.0442552299499512,-0.00324420642852783,0.0292985324859619),(0.0442552299499512,
-0.00297554969787597,-0.0292878723144532),(0.0442552299499512,-0.00270822978019714,
-0.0292598419189453),(0.0442552299499512,-0.00270822978019714,0.029259843826294),
(0.0442552299499512,-0.00244443249702454,-0.0292085056304931),(0.0442552299499512,
-0.00244443249702454,0.0292085075378418),(0.0442552299499512,-0.00218713283538819,
-0.0291309661865235),(0.0442552299499512,-0.0021871325969696,0.0291309661865235),
(0.0442552299499512,-0.00193930351734161,-0.0290270576477051),(0.0442552299499512,
-0.00193930315971375,0.0290270576477051),(0.0442552299499512,-0.00170339870452881,
-0.0288983325958252),(0.0442552299499512,-0.00170339834690094,0.0288983306884765),
(0.0442552299499512,-0.00148129916191101,-0.028747034072876),(0.0442552299499512,
-0.00148129880428314,0.028747034072876),(0.0442552299499512,-0.00127450096607208,
-0.0285753898620606),(0.0442552299499512,-0.00127450060844421,0.0285753898620606),
(0.0442552299499512,-0.00108446574211121,-0.0283853549957276),(0.0442552299499512,
-0.00108446550369263,0.0283853549957276),(0.0442552299499512,-0.000912822306156158,
-0.0281785583496094),(0.0442552299499512,-0.000912822008132934,0.0281785564422607),
(0.0442552299499512,-0.00076152491569519,-0.0279564571380615),(0.0442552299499512,
-0.000761524617671967,0.0279564571380615),(0.0442552299499512,-0.000632799625396729,
-0.027720552444458),(0.0442552299499512,-0.00063279938697815,0.027720552444458),
(0.0442552299499512,-0.000528889656066895,-0.0274727230072021),(0.0442552299499512,
-0.00052888947725296,0.0274727230072021),(0.0442552299499512,-0.000451349943876267,
-0.0272154235839844),(0.0442552299499512,-0.000451349765062332,0.0272154235839844),
(0.0442552299499512,-0.000400013774633408,-0.0269516258239746),(0.0442552299499512,
-0.000400013655424118,0.0269516258239746),(0.0442552299499512,-0.000371984839439392,
-0.0266843070983887),(0.0442552299499512,-0.000371984779834747,0.0266843070983887),
(0.0442552299499512,-0.000361324936151505,-0.0264156494140625),(0.0442552299499512,
-0.000361324906349182,0.0264156494140625),(0.0442552299499512,-0.000360071748495102,
-0.0123502960205078),(0.0442552299499512,-0.000360071748495102,0.0100202722549438),
(0.0442552299499512,-0.000359939515590668,0.0177649841308594),(0.0442552299499512,
-0.000359939336776733,-0.0189850158691406),(0.0442552299499512,-0.00035979637503624,
0.0261468620300293),(0.0442552299499512,-0.000359796375036239,-0.00797333717346191),
(0.0442552299499512,-0.000359796375036239,0.00584331321716309),(0.0442552299499512,
-0.0236599998474121,-0.0101618165969848),(0.0442552299499512,-0.0236599998474121,
0.00793179273605347),(0.0456552276611328,-0.0263598976135254,-0.0258009395599365),
(0.0456552276611328,-0.0263598976135254,0.0258009414672851),(0.0456552276611328,
-0.026356798171997,-0.0263464488983154),(0.0456552276611328,-0.026356798171997,
0.026346450805664),(0.0456552276611328,-0.0263351955413818,-0.0268915996551513),
(0.0456552276611328,-0.0263351955413818,0.0268916015625),(0.0456552276611328,
-0.0263351879119873,-0.0268917026519776),(0.0456552276611328,-0.0263351879119873,
0.0268917045593262),(0.0456552276611328,-0.0262784042358398,-0.0274340095520019),
(0.0456552276611328,-0.0262784042358398,0.0274340114593506),(0.0456552276611328,
-0.0262783699035645,-0.0274342460632324),(0.0456552276611328,-0.0262783699035645,
0.0274342460632324),(0.0456552276611328,-0.0261743850708008,-0.0279693050384522),
(0.0456552276611328,-0.0261743831634522,0.0279693069458008),(0.0456552276611328,
-0.0261742973327637,-0.0279696559906006),(0.0456552276611328,-0.0261742973327637,
0.0279696559906006),(0.0456552276611328,-0.0260172271728515,-0.0284914932250976),
(0.0456552276611328,-0.0260172271728515,0.0284914951324463),(0.0456552276611328,
-0.0260170803070068,-0.0284919033050537),(0.0456552276611328,-0.0260170803070068,
0.0284919033050537),(0.0456552276611328,-0.0258065395355224,-0.0289945545196533),
(0.0456552276611328,-0.0258065395355224,0.0289945545196533),(0.0456552276611328,
-0.0258063507080078,-0.0289949474334717),(0.0456552276611328,-0.0258063507080078,
0.0289949493408203),(0.0456552276611328,-0.0255454273223877,-0.0294734840393067),
(0.0456552276611328,-0.0255454273223877,0.0294734840393067),(0.0456552276611328,
-0.0255452327728272,-0.0294738006591797),(0.0456552276611328,-0.0255452327728272,
0.0294738006591797),(0.0456552276611328,-0.0252384147644043,-0.0299244270324707),
(0.0456552276611328,-0.0252384128570556,0.0299244289398194),(0.0456552276611328,
-0.0252382659912109,-0.0299246234893799),(0.0456552276611328,-0.0252382659912109,
0.0299246253967285),(0.0456552276611328,-0.0248900146484375,-0.0303443031311035),
(0.0456552276611328,-0.0248900127410888,0.0303443050384521),(0.0456552276611328,
-0.0248899555206299,-0.030344367980957),(0.0456552276611328,-0.0248899555206299,
0.030344367980957),(0.0456552276611328,-0.0245042724609375,-0.0307300510406494),
(0.0456552276611328,-0.0245042724609375,0.0307300510406494),(0.0456552276611328,
-0.0245042095184326,-0.0307301082611084),(0.0456552276611328,-0.024504207611084,
0.030730110168457),(0.0456552276611328,-0.0240845279693604,-0.0310783615112304),
(0.0456552276611328,-0.0240845279693604,0.0310783615112304),(0.0456552276611328,
-0.0240843315124512,-0.0310785083770752),(0.0456552276611328,-0.0240843315124512,
0.0310785102844238),(0.0456552276611328,-0.0236337051391602,-0.0313853282928467),
(0.0456552276611328,-0.0236337051391602,0.0313853302001953),(0.0456552276611328,
-0.0236333885192871,-0.0313855228424073),(0.0456552276611328,-0.0236333885192871,
0.0313855228424073),(0.0456552276611328,-0.0231548519134521,-0.0316464443206787),
(0.0456552276611328,-0.0231548519134521,0.0316464462280273),(0.0456552276611328,
-0.0231544589996338,-0.031646635055542),(0.0456552276611328,-0.0231544589996338,
0.031646635055542),(0.0456552276611328,-0.0226518077850342,-0.0318571758270264),
(0.0456552276611328,-0.0226518077850342,0.0318571758270264),(0.0456552276611328,
-0.0226513996124268,-0.0318573226928711),(0.0456552276611328,-0.0226513977050781,
0.0318573226928711),(0.0456552276611328,-0.0221295604705811,-0.0320143928527832),
(0.0456552276611328,-0.0221295604705811,0.0320143928527832),(0.0456552276611328,
-0.0221292095184326,-0.0320144805908203),(0.0456552276611328,-0.0221292095184326,
0.0320144805908203),(0.0456552276611328,-0.0215941505432129,-0.032118465423584),
(0.0456552276611328,-0.0215941505432129,0.032118465423584),(0.0456552276611328,
-0.021593915939331,-0.0321184997558594),(0.0456552276611328,-0.021593915939331,
0.0321184997558594),(0.0456552276611328,-0.0210516090393067,-0.0321752815246582),
(0.0456552276611328,-0.0210516090393067,0.0321752853393555),(0.0456552276611328,
-0.0210515041351318,-0.0321752891540527),(0.0456552276611328,-0.0210515041351318,
0.0321752891540527),(0.0456552276611328,-0.0210499992370606,-0.0245850162506103),
(0.0456552276611328,-0.0210499992370606,-0.0133850164413452),(0.0456552276611328,
-0.0210499992370606,-0.00663501644134522),(0.0456552276611328,-0.0210499992370606,
0.00466498327255249),(0.0456552276611328,-0.0210447120666504,-0.0132772951126099),
(0.0456552276611328,-0.0210447120666504,0.00477270460128784),(0.0456552276611328,
-0.0210447025299072,-0.0246928420066833),(0.0456552276611328,-0.0210447025299072,
-0.0132771940231323),(0.0456552276611328,-0.0210447025299072,-0.00674284199873607),
(0.0456552276611328,-0.0210447025299072,0.00477280616760254),(0.0456552276611328,
-0.0210288829803467,-0.0131705093383789),(0.0456552276611328,-0.0210288829803467,
0.00487949085235596),(0.0456552276611328,-0.0210288639068603,-0.024799617767334),
(0.0456552276611328,-0.0210288639068603,-0.0131704158782959),(0.0456552276611328,
-0.0210288639068603,-0.00684961795806885),(0.0456552276611328,-0.0210288639068603,
0.00487958431243897),(0.0456552276611328,-0.0210288619995118,-0.0247996292114258),
(0.0456552276611328,-0.0210288619995118,-0.00684962892532349),(0.0456552276611328,
-0.0210026588439941,-0.01306578540802),(0.0456552276611328,-0.0210026588439941,
0.00498421478271484),(0.0456552276611328,-0.0210026340484619,-0.024904333114624),
(0.0456552276611328,-0.0210026340484619,-0.0130656995773315),(0.0456552276611328,
-0.0210026340484619,-0.00695433330535889),(0.0456552276611328,-0.0210026340484619,
0.00498430013656616),(0.0456552276611328,-0.021002628326416,-0.0249043483734131),
(0.0456552276611328,-0.021002628326416,-0.00695434904098511),(0.0456552276611328,
-0.0209662971496582,-0.0129641380310059),(0.0456552276611328,-0.0209662971496582,
0.00508586168289185),(0.0456552276611328,-0.0209662666320801,-0.0250059700012207),
(0.0456552276611328,-0.0209662666320801,-0.0129640626907349),(0.0456552276611328,
-0.0209662666320801,-0.00705597066879273),(0.0456552276611328,-0.0209662666320801,
0.00508593797683716),(0.0456552276611328,-0.0209662570953369,-0.0250059909820557),
(0.0456552276611328,-0.0209662570953369,-0.00705599164962768),(0.0456552276611328,
-0.0209201488494873,-0.0128665456771851),(0.0456552276611328,-0.0209201488494873,
0.00518345403671265),(0.0456552276611328,-0.0209201126098633,-0.0251035537719726),
(0.0456552276611328,-0.0209201126098633,-0.0128664798736572),(0.0456552276611328,
-0.0209201126098633,-0.0071535530090332),(0.0456552276611328,-0.0209201126098633,
0.00518352031707764),(0.0456552276611328,-0.0209200992584229,-0.0251035785675049),
(0.0456552276611328,-0.0209200992584229,-0.0071535792350769),(0.0456552276611328,
-0.0208646545410156,-0.0127739448547363),(0.0456552276611328,-0.0208646545410156,
0.00527605485916138),(0.0456552276611328,-0.020864616394043,-0.0251961460113525),
(0.0456552276611328,-0.020864616394043,-0.0127738885879517),(0.0456552276611328,
-0.020864616394043,-0.00724614524841309),(0.0456552276611328,-0.020864616394043,
0.0052761116027832),(0.0456552276611328,-0.0208645973205566,-0.0251961727142334),
(0.0456552276611328,-0.0208645973205566,-0.00724617385864258),(0.0456552276611328,
-0.020800350189209,-0.0126872301101685),(0.0456552276611328,-0.020800350189209,
0.00536276960372925),(0.0456552276611328,-0.0208003101348877,-0.0252828502655029),
(0.0456552276611328,-0.0208003101348877,-0.0126871833801269),(0.0456552276611328,
-0.0208003101348877,-0.00733284997940064),(0.0456552276611328,-0.0208003101348877,
0.00536281681060791),(0.0456552276611328,-0.0208002853393555,-0.025282880783081),
(0.0456552276611328,-0.0208002853393555,-0.00733288145065308),(0.0456552276611328,
-0.0207278556823731,-0.0126072378158569),(0.0456552276611328,-0.0207278556823731,
0.00544276237487793),(0.0456552276611328,-0.0207278175354004,-0.0253628330230713),
(0.0456552276611328,-0.0207278175354004,-0.01260719871521),(0.0456552276611328,
-0.0207278175354004,-0.00741283416748047),(0.0456552276611328,-0.0207278175354004,
0.00544280099868774),(0.0456552276611328,-0.0207277851104736,-0.0253628673553467),
(0.0456552276611328,-0.0207277851104736,-0.00741286706924439),(0.0456552276611328,
-0.020647871017456,-0.0125347356796265),(0.0456552276611328,-0.020647871017456,
0.00551526403427124),(0.0456552276611328,-0.0206478328704834,-0.0254353275299073),
(0.0456552276611328,-0.0206478328704834,-0.0125347051620483),(0.0456552276611328,
-0.0206478328704834,-0.00748532724380493),(0.0456552276611328,-0.0206478328704834,
0.00551529455184937),(0.0456552276611328,-0.0206477928161621,-0.025435359954834),
(0.0456552276611328,-0.0206477928161621,-0.00748536062240601),(0.0456552276611328,
-0.0205611610412598,-0.012470422744751),(0.0456552276611328,-0.0205611610412598,
0.00557957696914673),(0.0456552276611328,-0.020561128616333,-0.0254996318817138),
(0.0456552276611328,-0.020561128616333,-0.0124704008102417),(0.0456552276611328,
-0.020561128616333,-0.00754963254928589),(0.0456552276611328,-0.020561128616333,
0.00557959890365601),(0.0456552276611328,-0.0205610790252686,-0.0254996643066406),
(0.0456552276611328,-0.0205610790252686,-0.00754966497421265),(0.0456552276611328,
-0.0205063533782959,-0.0321968955993653),(0.0456552276611328,-0.0205063533782959,
0.0321968955993653),(0.0456552276611328,-0.0204685668945313,-0.0124149198532104),
(0.0456552276611328,-0.0204685668945313,0.00563508081436157),(0.0456552276611328,
-0.0204685363769531,-0.0255551300048828),(0.0456552276611328,-0.0204685363769531,
-0.0124149036407471),(0.0456552276611328,-0.0204685363769531,-0.00760512971878052),
(0.0456552276611328,-0.0204685363769531,0.00563509702682495),(0.0456552276611328,
-0.0204684810638428,-0.0255551605224609),(0.0456552276611328,-0.0204684810638428,
-0.00760515975952149),(0.0456552276611328,-0.0203709793090821,-0.0123687601089478),
(0.0456552276611328,-0.0203709793090821,0.00568123960494995),(0.0456552276611328,
-0.0203709545135498,-0.025601282119751),(0.0456552276611328,-0.0203709545135498,
-0.0123687496185303),(0.0456552276611328,-0.0203709545135498,-0.007651282787323),
(0.0456552276611328,-0.0203709545135498,0.00568125009536743),(0.0456552276611328,
-0.0203708896636963,-0.0256013107299805),(0.0456552276611328,-0.0203708896636963,
-0.00765130996704102),(0.0456552276611328,-0.0202693347930908,-0.0123323888778686),
(0.0456552276611328,-0.0202693347930908,0.00571761083602906),(0.0456552276611328,
-0.0202693176269532,-0.0123323831558228),(0.0456552276611328,-0.0202693176269532,
0.00571761655807495),(0.0456552276611328,-0.0202693157196045,-0.0256376495361328),
(0.0456552276611328,-0.0202693157196045,-0.00768764972686768),(0.0456552276611328,
-0.0202692432403564,-0.0256376724243164),(0.0456552276611328,-0.0202692432403564,
-0.00768767213821411),(0.0456552276611328,-0.0201646137237549,-0.0123061552047729),
(0.0456552276611328,-0.0201646137237549,0.00574384450912476),(0.0456552276611328,
-0.0201646022796631,-0.0123061532974243),(0.0456552276611328,-0.0201646022796631,
0.00574384689331055),(0.0456552276611328,-0.0201646003723145,-0.0256638793945313),
(0.0456552276611328,-0.0201646003723145,-0.00771388006210327),(0.0456552276611328,
-0.0201645202636719,-0.0256638965606689),(0.0456552276611328,-0.0201645202636719,
-0.00771389579772949),(0.0456552276611328,-0.020057826128873,-0.0122903143275868),
(0.0456552276611328,-0.020057826128873,0.00575968586314808),(0.0456552276611328,
-0.0200578231811523,-0.0256797199249267),(0.0456552276611328,-0.0200578231811523,
-0.00772971916198731),(0.0456552276611328,-0.0200577354431152,-0.0256797275543213),
(0.0456552276611328,-0.0200577354431152,-0.00772972774505615),(0.0456552276611328,
-0.019960844039917,-0.0321999931335449),(0.0456552276611328,-0.019960844039917,
0.0321999931335449),(0.0456552276611328,-0.0199500007629395,-0.0256850166320801),
(0.0456552276611328,-0.0199500007629395,-0.0122850160598755),(0.0456552276611328,
-0.0199500007629395,-0.00773501634597779),(0.0456552276611328,-0.0199500007629395,
0.00576498365402222),(0.0456552276611328,-0.016920000076294,0.0119149837493896),
(0.0456552276611328,-0.016920000076294,0.0236149826049805),(0.0456552276611328,
-0.0169156742095947,0.0237031192779541),(0.0456552276611328,-0.0169156665802002,
0.0237032012939453),(0.0456552276611328,-0.0169156652597281,0.0118267620526827),
(0.0456552276611328,-0.0169027214050293,0.0237904891967773),(0.0456552276611328,
-0.0169027061462403,0.0237905654907227),(0.0456552276611328,-0.0169027048110962,
0.0117393941879272),(0.0456552276611328,-0.0168812675476074,0.0238761730194092),
(0.0456552276611328,-0.0168812446594238,0.0116537237167358),(0.0456552276611328,
-0.0168812446594238,0.02387624168396),(0.0456552276611328,-0.0168812408447265,
0.0116537113189697),(0.0456552276611328,-0.0168515167236328,0.0239593391418457),
(0.0456552276611328,-0.0168514900207519,0.0115705661773682),(0.0456552276611328,
-0.0168514900207519,0.023959400177002),(0.0456552276611328,-0.016851484298706,
0.0115705490112305),(0.0456552276611328,-0.0168137569427491,0.0240391864776611),
(0.0456552276611328,-0.0168137283325196,0.0114907264709473),(0.0456552276611328,
-0.0168137283325196,0.0240392417907715),(0.0456552276611328,-0.0168137168884278,
0.0114907054901123),(0.0456552276611328,-0.0167683525085449,0.0241149501800537),
(0.0456552276611328,-0.0167683219909668,0.0114149694442749),(0.0456552276611328,
-0.0167683219909668,0.0241149978637695),(0.0456552276611328,-0.0167683067321778,
0.011414945602417),(0.0456552276611328,-0.0167157402038574,0.0241858997344971),
(0.0456552276611328,-0.0167157096862793,0.0113440294265747),(0.0456552276611328,
-0.0167157096862793,0.0241859378814698),(0.0456552276611328,-0.0167156867980957,
0.0113440027236938),(0.0456552276611328,-0.0166564273834229,0.0242513484954834),
(0.0456552276611328,-0.0166563968658447,0.0112785873413086),(0.0456552276611328,
-0.0166563968658447,0.0242513790130615),(0.0456552276611328,-0.0166563682556153,
0.0112785606384277),(0.0456552276611328,-0.0165909843444824,0.0243106670379639),
(0.0456552276611328,-0.0165909538269043,0.011219274520874),(0.0456552276611328,
-0.0165909538269043,0.0243106918334961),(0.0456552276611328,-0.0165909214019775,
0.0112192468643188),(0.0456552276611328,-0.0165200424194336,0.0243632869720459),
(0.0456552276611328,-0.0165200138092041,0.0111666612625122),(0.0456552276611328,
-0.0165200138092041,0.0243633060455323),(0.0456552276611328,-0.0165199737548828,
0.0111666345596313),(0.0456552276611328,-0.0164442825317383,0.0244086990356445),
(0.0456552276611328,-0.016444257736206,0.0111212549209595),(0.0456552276611328,
-0.016444257736206,0.0244087123870849),(0.0456552276611328,-0.0164442119598388,
0.0111212301254272),(0.0456552276611328,-0.0163644371032715,0.0244464664459228),
(0.0456552276611328,-0.0163644180297851,0.011083493232727),(0.0456552276611328,
-0.0163644161224365,0.0244464740753174),(0.0456552276611328,-0.0163643646240235,
0.0110834703445435),(0.0456552276611328,-0.0162812747955322,0.024476224899292),
(0.0456552276611328,-0.0162812595367432,0.0110537376403809),(0.0456552276611328,
-0.0162812595367432,0.0244762287139893),(0.0456552276611328,-0.0162811985015869,
0.0110537195205688),(0.0456552276611328,-0.0161955900192261,0.0244976888656616),
(0.0456552276611328,-0.0161955833435058,0.0110322771072388),(0.0456552276611328,
-0.0161955165863037,0.0110322637557983),(0.0456552276611328,-0.0161082229614258,
0.024510648727417),(0.0456552276611328,-0.0161082191467285,0.0110193176269531),
(0.0456552276611328,-0.0161081466674805,0.0110193109512329),(0.0456552276611328,
-0.0160200004577636,0.0110149831771851),(0.0456552276611328,-0.0160200004577636,
0.0245149841308594),(0.0456552276611328,-0.0159502954483033,-0.0256850166320801),
(0.0456552276611328,-0.0159502954483033,-0.0122850160598755),(0.0456552276611328,
-0.0159502954483033,-0.00773501634597779),(0.0456552276611328,-0.0159502954483033,
0.00576498365402222),(0.0456552276611328,-0.0158424730300903,-0.0122903137207031),
(0.0456552276611328,-0.0158424730300903,0.00575968647003174),(0.0456552276611328,
-0.0158424708626487,-0.0256797190579501),(0.0456552276611328,-0.0158424708626487,
-0.00772971920533614),(0.0456552276611328,-0.0157356948852539,-0.0123061532974243),
(0.0456552276611328,-0.0157356948852539,0.00574384689331055),(0.0456552276611328,
-0.0157356884696267,-0.025663878180764),(0.0456552276611328,-0.0157356884696267,
-0.00771387884833596),(0.0456552276611328,-0.0156309785842896,-0.0256376495361328),
(0.0456552276611328,-0.0156309785842896,-0.0123323831558228),(0.0456552276611328,
-0.0156309785842896,-0.00768764972686768),(0.0456552276611328,-0.0156309785842896,
0.00571761703491211),(0.0456552276611328,-0.0156309652328491,-0.0256376457214356),
(0.0456552276611328,-0.0156309652328491,-0.00768764591217041),(0.0456552276611328,
-0.0155293416976928,-0.0123687496185303),(0.0456552276611328,-0.0155293416976928,
0.00568125009536743),(0.0456552276611328,-0.0155293407440185,-0.025601282119751),
(0.0456552276611328,-0.0155293407440185,-0.00765128326416016),(0.0456552276611328,
-0.0155293235778809,-0.0256012763977051),(0.0456552276611328,-0.0155293235778809,
-0.00765127563476563),(0.0456552276611328,-0.0154317588806152,-0.0255551300048828),
(0.0456552276611328,-0.0154317588806152,-0.00760512971878052),(0.0456552276611328,
-0.0154317579269409,-0.0124149036407471),(0.0456552276611328,-0.0154317579269409,
0.00563509654998779),(0.0456552276611328,-0.015431736946106,-0.025555118560791),
(0.0456552276611328,-0.015431736946106,-0.00760511827468872),(0.0456552276611328,
-0.0153391675949097,-0.0124704008102417),(0.0456552276611328,-0.0153391675949097,
0.00557959938049316),(0.0456552276611328,-0.0153391666412354,-0.0254996318817138),
(0.0456552276611328,-0.0153391666412354,-0.00754963207244873),(0.0456552276611328,
-0.0153391427993774,-0.0254996166229248),(0.0456552276611328,-0.0153391427993774,
-0.00754961633682251),(0.0456552276611328,-0.015252462387085,-0.0254353275299073),
(0.0456552276611328,-0.015252462387085,-0.0125347051620483),(0.0456552276611328,
-0.015252462387085,-0.00748532724380493),(0.0456552276611328,-0.015252462387085,
0.00551529455184937),(0.0456552276611328,-0.0152524356842041,-0.0254353065490723),
(0.0456552276611328,-0.0152524356842041,-0.00748530578613281),(0.0456552276611328,
-0.015172477722168,-0.0253628330230713),(0.0456552276611328,-0.015172477722168,
-0.01260719871521),(0.0456552276611328,-0.015172477722168,-0.00741283416748047),
(0.0456552276611328,-0.015172477722168,0.00544280099868774),(0.0456552276611328,
-0.0151724500656128,-0.0253628063201904),(0.0456552276611328,-0.0151724500656128,
-0.00741280651092529),(0.0456552276611328,-0.0150999841690063,-0.0252828502655029),
(0.0456552276611328,-0.0150999841690063,-0.0126871833801269),(0.0456552276611328,
-0.0150999841690063,-0.00733284997940064),(0.0456552276611328,-0.0150999841690063,
0.00536281681060791),(0.0456552276611328,-0.0150999565124512,-0.0252828159332275),
(0.0456552276611328,-0.0150999565124512,-0.0073328161239624),(0.0456552276611328,
-0.0150356798171997,-0.0127738885879517),(0.0456552276611328,-0.0150356798171997,
0.00527611207962036),(0.0456552276611328,-0.0150356788635254,-0.0251961441040039),
(0.0456552276611328,-0.0150356788635254,-0.00724614477157593),(0.0456552276611328,
-0.0150356521606445,-0.0251961040496826),(0.0456552276611328,-0.0150356521606445,
-0.00724610424041748),(0.0456552276611328,-0.0149801816940308,-0.0251035537719726),
(0.0456552276611328,-0.0149801816940308,-0.0128664798736572),(0.0456552276611328,
-0.0149801816940308,-0.00715355348587036),(0.0456552276611328,-0.0149801816940308,
0.00518352031707764),(0.0456552276611328,-0.0149801568984985,-0.0251035060882569),
(0.0456552276611328,-0.0149801568984985,-0.0071535062789917),(0.0456552276611328,
-0.0149340286254883,-0.0250059700012207),(0.0456552276611328,-0.0149340286254883,
-0.0129640626907349),(0.0456552276611328,-0.0149340286254883,-0.00705597066879273),
(0.0456552276611328,-0.0149340286254883,0.0050859375),(0.0456552276611328,
-0.014934006690979,-0.025005916595459),(0.0456552276611328,-0.014934006690979,
-0.00705591630935669),(0.0456552276611328,-0.0148976621627808,-0.024904333114624),
(0.0456552276611328,-0.0148976621627808,-0.0130656995773315),(0.0456552276611328,
-0.0148976621627808,-0.00695433282852173),(0.0456552276611328,-0.0148976621627808,
0.00498430013656616),(0.0456552276611328,-0.0148976430892944,-0.0249042720794678),
(0.0456552276611328,-0.0148976430892944,-0.00695427179336548),(0.0456552276611328,
-0.014871431350708,-0.024799617767334),(0.0456552276611328,-0.014871431350708,
-0.0131704149246216),(0.0456552276611328,-0.014871431350708,-0.00684961748123169),
(0.0456552276611328,-0.014871431350708,0.00487958478927612),(0.0456552276611328,
-0.0148714179992676,-0.0247995510101318),(0.0456552276611328,-0.0148714179992676,
-0.00684955024719238),(0.0456552276611328,-0.0148555927276611,-0.0246928386688232),
(0.0456552276611328,-0.0148555927276611,-0.0132771940231323),(0.0456552276611328,
-0.0148555927276611,-0.00674283933639526),(0.0456552276611328,-0.0148555927276611,
0.00477280569076538),(0.0456552276611328,-0.0148555850982666,-0.0246927661895752),
(0.0456552276611328,-0.0148555850982666,-0.00674276638031006),(0.0456552276611328,
-0.0148502950668335,-0.0245850162506103),(0.0456552276611328,-0.0148502950668335,
-0.0133850164413452),(0.0456552276611328,-0.0148502950668335,-0.00663501644134522),
(0.0456552276611328,-0.0148502950668335,0.00466498327255249),(0.0456552276611328,
-0.0125500001907349,-0.0245850162506103),(0.0456552276611328,-0.0125500001907349,
-0.0133850164413452),(0.0456552276611328,-0.0125500001907349,-0.00663501644134522),
(0.0456552276611328,-0.0125500001907349,0.00466498327255249),(0.0456552276611328,
-0.0125447130203247,-0.0132772951126099),(0.0456552276611328,-0.0125447130203247,
0.00477270460128784),(0.0456552276611328,-0.0125447025299072,-0.0246928420066833),
(0.0456552276611328,-0.0125447025299072,-0.0132771940231323),(0.0456552276611328,
-0.0125447025299072,-0.00674284199873607),(0.0456552276611328,-0.0125447025299072,
0.00477280616760254),(0.0456552276611328,-0.0125288820266724,-0.0131705093383789),
(0.0456552276611328,-0.0125288820266724,0.00487949085235596),(0.0456552276611328,
-0.0125288639068603,-0.0131704158782959),(0.0456552276611328,-0.0125288639068603,
0.00487958431243897),(0.0456552276611328,-0.012528862953186,-0.024799617767334),
(0.0456552276611328,-0.012528862953186,-0.00684961795806885),(0.0456552276611328,
-0.0125288610458374,-0.0247996292114258),(0.0456552276611328,-0.0125288610458374,
-0.00684962892532349),(0.0456552276611328,-0.0125026588439941,-0.01306578540802),
(0.0456552276611328,-0.0125026588439941,0.00498421478271484),(0.0456552276611328,
-0.0125026330947876,-0.024904333114624),(0.0456552276611328,-0.0125026330947876,
-0.0130656995773315),(0.0456552276611328,-0.0125026330947876,-0.00695433330535889),
(0.0456552276611328,-0.0125026330947876,0.00498430013656616),(0.0456552276611328,
-0.012502628326416,-0.0249043483734131),(0.0456552276611328,-0.012502628326416,
-0.00695434904098511),(0.0456552276611328,-0.0124662981033325,-0.0129641380310059),
(0.0456552276611328,-0.0124662981033325,0.00508586168289185),(0.0456552276611328,
-0.0124662666320801,-0.0250059700012207),(0.0456552276611328,-0.0124662666320801,
-0.0129640626907349),(0.0456552276611328,-0.0124662666320801,-0.00705597066879273),
(0.0456552276611328,-0.0124662666320801,0.00508593797683716),(0.0456552276611328,
-0.0124662580490112,-0.0250059909820557),(0.0456552276611328,-0.0124662580490112,
-0.00705599164962768),(0.0456552276611328,-0.0124201488494873,-0.0128665456771851),
(0.0456552276611328,-0.0124201488494873,0.00518345403671265),(0.0456552276611328,
-0.0124201135635376,-0.0251035537719726),(0.0456552276611328,-0.0124201135635376,
-0.0128664798736572),(0.0456552276611328,-0.0124201135635376,-0.0071535530090332),
(0.0456552276611328,-0.0124201135635376,0.00518352031707764),(0.0456552276611328,
-0.0124200992584229,-0.0251035785675049),(0.0456552276611328,-0.0124200992584229,
-0.0071535792350769),(0.0456552276611328,-0.0123646535873413,-0.0127739448547363),
(0.0456552276611328,-0.0123646535873413,0.00527605485916138),(0.0456552276611328,
-0.012364616394043,-0.0127738885879517),(0.0456552276611328,-0.012364616394043,
0.0052761116027832),(0.0456552276611328,-0.0123646154403686,-0.0251961460113525),
(0.0456552276611328,-0.0123646154403686,-0.00724614524841309),(0.0456552276611328,
-0.0123645963668823,-0.0251961727142334),(0.0456552276611328,-0.0123645963668823,
-0.00724617385864258),(0.0456552276611328,-0.012300350189209,-0.0126872301101685),
(0.0456552276611328,-0.012300350189209,0.00536276960372925),(0.0456552276611328,
-0.012300311088562,-0.0252828502655029),(0.0456552276611328,-0.012300311088562,
-0.0126871833801269),(0.0456552276611328,-0.012300311088562,-0.00733284997940064),
(0.0456552276611328,-0.012300311088562,0.00536281681060791),(0.0456552276611328,
-0.0123002853393555,-0.025282880783081),(0.0456552276611328,-0.0123002853393555,
-0.00733288145065308),(0.0456552276611328,-0.012227855682373,-0.0126072378158569),
(0.0456552276611328,-0.012227855682373,0.00544276237487793),(0.0456552276611328,
-0.0122278175354004,-0.0253628330230713),(0.0456552276611328,-0.0122278175354004,
-0.01260719871521),(0.0456552276611328,-0.0122278175354004,-0.00741283416748047),
(0.0456552276611328,-0.0122278175354004,0.00544280099868774),(0.0456552276611328,
-0.0122277841567993,-0.0253628673553467),(0.0456552276611328,-0.0122277841567993,
-0.00741286706924439),(0.0456552276611328,-0.0121478700637817,-0.0125347356796265),
(0.0456552276611328,-0.0121478700637817,0.00551526403427124),(0.0456552276611328,
-0.0121478328704834,-0.0254353275299073),(0.0456552276611328,-0.0121478328704834,
-0.0125347051620483),(0.0456552276611328,-0.0121478328704834,-0.00748532724380493),
(0.0456552276611328,-0.0121478328704834,0.00551529455184937),(0.0456552276611328,
-0.0121477928161621,-0.025435359954834),(0.0456552276611328,-0.0121477928161621,
-0.00748536062240601),(0.0456552276611328,-0.0120611619949341,-0.012470422744751),
(0.0456552276611328,-0.0120611619949341,0.00557957696914673),(0.0456552276611328,
-0.012061128616333,-0.0254996318817138),(0.0456552276611328,-0.012061128616333,
-0.0124704008102417),(0.0456552276611328,-0.012061128616333,-0.00754963254928589),
(0.0456552276611328,-0.012061128616333,0.00557959890365601),(0.0456552276611328,
-0.0120610799789429,-0.0254996643066406),(0.0456552276611328,-0.0120610799789429,
-0.00754966497421265),(0.0456552276611328,-0.0119685668945312,-0.0124149198532104),
(0.0456552276611328,-0.0119685668945312,0.00563508081436157),(0.0456552276611328,
-0.0119685373306274,-0.0255551300048828),(0.0456552276611328,-0.0119685373306274,
-0.00760512971878052),(0.0456552276611328,-0.0119685363769531,-0.0124149036407471),
(0.0456552276611328,-0.0119685363769531,0.00563509702682495),(0.0456552276611328,
-0.0119684801101685,-0.0255551605224609),(0.0456552276611328,-0.0119684801101685,
-0.00760515975952149),(0.0456552276611328,-0.011870979309082,-0.0123687601089478),
(0.0456552276611328,-0.011870979309082,0.00568123960494995),(0.0456552276611328,
-0.0118709545135498,-0.025601282119751),(0.0456552276611328,-0.0118709545135498,
-0.0123687496185303),(0.0456552276611328,-0.0118709545135498,-0.007651282787323),
(0.0456552276611328,-0.0118709545135498,0.00568125009536743),(0.0456552276611328,
-0.011870888710022,-0.0256013107299805),(0.0456552276611328,-0.011870888710022,
-0.00765130996704102),(0.0456552276611328,-0.0117693357467651,-0.0123323888778686),
(0.0456552276611328,-0.0117693357467651,0.00571761083602906),(0.0456552276611328,
-0.0117693166732788,-0.0256376495361328),(0.0456552276611328,-0.0117693166732788,
-0.0123323831558228),(0.0456552276611328,-0.0117693166732788,-0.00768764972686768),
(0.0456552276611328,-0.0117693166732788,0.00571761655807495),(0.0456552276611328,
-0.0117692432403564,-0.0256376724243164),(0.0456552276611328,-0.0117692432403564,
-0.00768767213821411),(0.0456552276611328,-0.0116646137237549,-0.0123061552047729),
(0.0456552276611328,-0.0116646137237549,0.00574384450912476),(0.0456552276611328,
-0.0116646013259888,-0.0123061532974243),(0.0456552276611328,-0.0116646013259888,
0.00574384689331055),(0.0456552276611328,-0.0116646003723144,-0.0256638793945313),
(0.0456552276611328,-0.0116646003723144,-0.00771388006210327),(0.0456552276611328,
-0.0116645202636719,-0.0256638965606689),(0.0456552276611328,-0.0116645202636719,
-0.00771389579772949),(0.0456552276611328,-0.0115578264756636,-0.0122903143275868),
(0.0456552276611328,-0.0115578264756636,0.00575968586314808),(0.0456552276611328,
-0.011557822227478,-0.0256797199249267),(0.0456552276611328,-0.011557822227478,
-0.00772971916198731),(0.0456552276611328,-0.0115577354431152,-0.0256797275543213),
(0.0456552276611328,-0.0115577354431152,-0.00772972774505615),(0.0456552276611328,
-0.0114499998092651,-0.0122850160598755),(0.0456552276611328,-0.0114499998092651,
0.00576498365402222),(0.0456552276611328,-0.0114499998092651,-0.0256850166320801),
(0.0456552276611328,-0.0114499998092651,-0.00773501634597779),(0.0456552276611328,
-0.00736999988555908,-0.0256850166320801),(0.0456552276611328,-0.00736999988555908,
-0.0122850160598755),(0.0456552276611328,-0.00736999988555908,-0.00773501634597779),
(0.0456552276611328,-0.00736999988555908,0.00576498365402222),(0.0456552276611328,
-0.00726217746734619,-0.0122903137207031),(0.0456552276611328,-0.00726217746734619,
0.00575968647003174),(0.0456552276611328,-0.00726217582009055,-0.0256797190579501),
(0.0456552276611328,-0.00726217582009055,-0.00772971920533614),(0.0456552276611328,
-0.00715539932250977,-0.0123061532974243),(0.0456552276611328,-0.00715539932250977,
0.00574384689331055),(0.0456552276611328,-0.00715539290688255,-0.025663878180764),
(0.0456552276611328,-0.00715539290688255,-0.00771387884833596),(0.0456552276611328,
-0.00705068349838257,-0.0123323831558228),(0.0456552276611328,-0.00705068349838257,
0.00571761703491211),(0.0456552276611328,-0.00705068302154541,-0.0256376495361328),
(0.0456552276611328,-0.00705068302154541,-0.00768764972686768),(0.0456552276611328,
-0.00705067014694214,-0.0256376457214356),(0.0456552276611328,-0.00705067014694214,
-0.00768764591217041),(0.0456552276611328,-0.00694904613494873,-0.025601282119751),
(0.0456552276611328,-0.00694904613494873,-0.0123687496185303),(0.0456552276611328,
-0.00694904613494873,-0.00765128326416016),(0.0456552276611328,-0.00694904613494873,
0.00568125009536743),(0.0456552276611328,-0.00694902801513672,-0.0256012763977051),
(0.0456552276611328,-0.00694902801513672,-0.00765127563476563),(0.0456552276611328,
-0.00685146331787109,-0.0255551300048828),(0.0456552276611328,-0.00685146331787109,
-0.0124149036407471),(0.0456552276611328,-0.00685146331787109,-0.00760512971878052),
(0.0456552276611328,-0.00685146331787109,0.00563509654998779),(0.0456552276611328,
-0.00685144186019897,-0.025555118560791),(0.0456552276611328,-0.00685144186019897,
-0.00760511827468872),(0.0456552276611328,-0.00675887203216553,-0.0124704008102417),
(0.0456552276611328,-0.00675887203216553,0.00557959938049316),(0.0456552276611328,
-0.00675887107849121,-0.0254996318817138),(0.0456552276611328,-0.00675887107849121,
-0.00754963207244873),(0.0456552276611328,-0.00675884771347046,-0.0254996166229248),
(0.0456552276611328,-0.00675884771347046,-0.00754961633682251),(0.0456552276611328,
-0.00667216682434082,-0.0254353275299073),(0.0456552276611328,-0.00667216682434082,
-0.0125347051620483),(0.0456552276611328,-0.00667216682434082,-0.00748532724380493),
(0.0456552276611328,-0.00667216682434082,0.00551529455184937),(0.0456552276611328,
-0.00667214059829712,-0.0254353065490723),(0.0456552276611328,-0.00667214059829712,
-0.00748530578613281),(0.0456552276611328,-0.00659218263626099,-0.0253628330230713),
(0.0456552276611328,-0.00659218263626099,-0.01260719871521),(0.0456552276611328,
-0.00659218263626099,-0.00741283416748047),(0.0456552276611328,-0.00659218263626099,
0.00544280099868774),(0.0456552276611328,-0.00659215497970581,-0.0253628063201904),
(0.0456552276611328,-0.00659215497970581,-0.00741280651092529),(0.0456552276611328,
-0.00651968908309937,-0.0252828502655029),(0.0456552276611328,-0.00651968908309937,
-0.0126871833801269),(0.0456552276611328,-0.00651968908309937,-0.00733284997940064),
(0.0456552276611328,-0.00651968908309937,0.00536281681060791),(0.0456552276611328,
-0.00651966142654419,-0.0252828159332275),(0.0456552276611328,-0.00651966142654419,
-0.0073328161239624),(0.0456552276611328,-0.00645538425445557,-0.0251961441040039),
(0.0456552276611328,-0.00645538425445557,-0.0127738885879517),(0.0456552276611328,
-0.00645538425445557,-0.00724614477157593),(0.0456552276611328,-0.00645538425445557,
0.00527611207962036),(0.0456552276611328,-0.00645535707473755,-0.0251961040496826),
(0.0456552276611328,-0.00645535707473755,-0.00724610424041748),(0.0456552276611328,
-0.00639988708496094,-0.0251035537719726),(0.0456552276611328,-0.00639988708496094,
-0.00715355348587036),(0.0456552276611328,-0.00639988660812378,-0.0128664798736572),
(0.0456552276611328,-0.00639988660812378,0.00518352031707764),(0.0456552276611328,
-0.00639986181259156,-0.0251035060882569),(0.0456552276611328,-0.00639986181259156,
-0.0071535062789917),(0.0456552276611328,-0.0063537335395813,-0.0250059700012207),
(0.0456552276611328,-0.0063537335395813,-0.0129640626907349),(0.0456552276611328,
-0.0063537335395813,-0.00705597066879273),(0.0456552276611328,-0.0063537335395813,
0.0050859375),(0.0456552276611328,-0.00635371112823486,-0.025005916595459),
(0.0456552276611328,-0.00635371112823486,-0.00705591630935669),(0.0456552276611328,
-0.00631736660003662,-0.024904333114624),(0.0456552276611328,-0.00631736660003662,
-0.0130656995773315),(0.0456552276611328,-0.00631736660003662,-0.00695433282852173),
(0.0456552276611328,-0.00631736660003662,0.00498430013656616),(0.0456552276611328,
-0.00631734800338745,-0.0249042720794678),(0.0456552276611328,-0.00631734800338745,
-0.00695427179336548),(0.0456552276611328,-0.00630000019073487,0.0110149831771851),
(0.0456552276611328,-0.00630000019073487,0.0245149841308594),(0.0456552276611328,
-0.00629113674163818,-0.0131704149246216),(0.0456552276611328,-0.00629113674163818,
0.00487958478927612),(0.0456552276611328,-0.00629113626480103,-0.024799617767334),
(0.0456552276611328,-0.00629113626480103,-0.00684961748123169),(0.0456552276611328,
-0.00629112339019775,-0.0247995510101318),(0.0456552276611328,-0.00629112339019775,
-0.00684955024719238),(0.0456552276611328,-0.00627529716491699,-0.0246928386688232),
(0.0456552276611328,-0.00627529716491699,-0.0132771940231323),(0.0456552276611328,
-0.00627529716491699,-0.00674283933639526),(0.0456552276611328,-0.00627529716491699,
0.00477280569076538),(0.0456552276611328,-0.00627529001235962,-0.0246927661895752),
(0.0456552276611328,-0.00627529001235962,-0.00674276638031006),(0.0456552276611328,
-0.00626999998092651,-0.0245850162506103),(0.0456552276611328,-0.00626999998092651,
-0.0133850164413452),(0.0456552276611328,-0.00626999998092651,-0.00663501644134522),
(0.0456552276611328,-0.00626999998092651,0.00466498327255249),(0.0456552276611328,
-0.00621178150177002,0.024510648727417),(0.0456552276611328,-0.00621178007125855,
0.0110193176269531),(0.0456552276611328,-0.00612441730499268,0.0244976902008057),
(0.0456552276611328,-0.00612441162629561,0.0110322778008201),(0.0456552276611328,
-0.00603874111175537,0.0244762287139893),(0.0456552276611328,-0.00603874063491821,
0.0110537385940552),(0.0456552276611328,-0.00603873014450073,0.0110537414550781),
(0.0456552276611328,-0.00595558309555054,0.0110834922790527),(0.0456552276611328,
-0.00595558309555054,0.0244464740753174),(0.0456552276611328,-0.00595556831359863,
0.0110834989547729),(0.0456552276611328,-0.00587574291229248,0.0111212539672852),
(0.0456552276611328,-0.00587574243545532,0.0244087123870849),(0.0456552276611328,
-0.00587572526931763,0.0111212635040283),(0.0456552276611328,-0.00579998588562012,
0.0243633060455323),(0.0456552276611328,-0.00579998540878296,0.0111666612625122),
(0.0456552276611328,-0.00579996633529663,0.0111666746139526),(0.0456552276611328,
-0.00572904539108277,0.0243106918334961),(0.0456552276611328,-0.00572904539108276,
0.011219274520874),(0.0456552276611328,-0.00572902393341065,0.011219292640686),
(0.0456552276611328,-0.00566360378265381,0.0112785873413086),(0.0456552276611328,
-0.00566360378265381,0.0242513790130615),(0.0456552276611328,-0.00566358137130737,
0.0112786102294922),(0.0456552276611328,-0.00560429096221924,0.0113440284729004),
(0.0456552276611328,-0.00560429096221924,0.0241859378814698),(0.0456552276611328,
-0.0056042685508728,0.0113440570831299),(0.0456552276611328,-0.00555167818069458,
0.0241149978637695),(0.0456552276611328,-0.00555167770385742,0.0114149694442749),
(0.0456552276611328,-0.00555165576934814,0.011415002822876),(0.0456552276611328,
-0.00550627088546753,0.0114907264709473),(0.0456552276611328,-0.00550627088546753,
0.0240392398834228),(0.0456552276611328,-0.00550625038146973,0.0114907646179199),
(0.0456552276611328,-0.00546850919723511,0.0115705661773682),(0.0456552276611328,
-0.00546850919723511,0.023959400177002),(0.0456552276611328,-0.00546849060058594,
0.011570611000061),(0.0456552276611328,-0.00543875455856323,0.0116537246704102),
(0.0456552276611328,-0.00543875455856323,0.02387624168396),(0.0456552276611328,
-0.00543873929977417,0.0116537742614746),(0.0456552276611328,-0.00541729354858399,
0.0117394008636475),(0.0456552276611328,-0.00541729354858399,0.0237905654907227),
(0.0456552276611328,-0.00541728258132935,0.0117394552230835),(0.0456552276611328,
-0.00540433406829834,0.0118267650604248),(0.0456552276611328,-0.00540433406829834,
0.0237032012939453),(0.0456552276611328,-0.00540432834625244,0.0118268241882324),
(0.0456552276611328,-0.00540000009536743,0.0119149837493896),(0.0456552276611328,
-0.00540000009536743,0.0236149826049805),(0.0456552276611328,-0.00405895185470581,
-0.0321999931335449),(0.0456552276611328,-0.00405895185470581,0.0321999931335449),
(0.0456552276611328,-0.00351346683502197,0.0321965026855469),(0.0456552276611328,
-0.00351344227790833,-0.0321968955993653),(0.0456552276611328,-0.00296835255622863,
0.0321748085021973),(0.0456552276611328,-0.00296829223632813,-0.0321752891540527),
(0.0456552276611328,-0.00296824645996094,0.0321748008728028),(0.0456552276611328,
-0.00296818828582763,-0.0321752815246582),(0.0456552276611328,-0.00242589378356933,
0.0321184959411621),(0.0456552276611328,-0.00242588114738464,-0.0321184997558594),
(0.0456552276611328,-0.00242565846443176,0.0321184616088867),(0.0456552276611328,
-0.00242564511299134,-0.032118465423584),(0.0456552276611328,-0.0018906934261322,
0.0320140647888183),(0.0456552276611328,-0.0018905861377716,-0.0320144805908203),
(0.0456552276611328,-0.00189033854007721,0.0320139770507812),(0.0456552276611328,
-0.00189023530483246,-0.0320143928527832),(0.0456552276611328,-0.0013684811592102,
0.0318571014404297),(0.0456552276611328,-0.00136839759349823,-0.0318573226928711),
(0.0456552276611328,-0.00136807096004486,0.0318569545745849),(0.0456552276611328,
-0.00136798918247223,-0.0318571758270264),(0.0456552276611328,-0.00086535781621933,
0.0316466026306153),(0.0456552276611328,-0.000865337550640106,-0.031646635055542),
(0.0456552276611328,-0.000864963889122009,0.0316464138031006),(0.0456552276611328,
-0.00086494368314743,-0.0316464443206787),(0.0456552276611328,-0.000386592626571656,
0.0313852424621582),(0.0456552276611328,-0.000386408179998398,-0.0313855228424073),
(0.0456552276611328,-0.000386276930570602,0.0313850498199463),(0.0456552276611328,
-0.000386092036962509,-0.0313853282928467),(0.0456552276611328,6.43699839711189E-5,
0.0310782890319824),(0.0456552276611328,6.453537940979E-5,-0.0310785083770752),
(0.0456552276611328,6.45664855837822E-5,0.0310781421661377),(0.0456552276611328,
6.47323802113533E-5,-0.0310783596038819),(0.0456552276611328,0.000484396904706955,
0.030730094909668),(0.0456552276611328,0.000484412252902985,-0.0307301082611084),
(0.0456552276611328,0.00048446062207222,0.0307300357818604),(0.0456552276611328,
0.000484476059675217,-0.0307300510406494),(0.0456552276611328,0.000870049178600311,
0.0303442668914795),(0.0456552276611328,0.000870107114315033,0.0303442020416259),
(0.0456552276611328,0.000870159327983856,-0.030344367980957),(0.0456552276611328,
0.000870217502117157,-0.0303443031311035),(0.0456552276611328,0.00121807479858398,
0.0299243297576904),(0.0456552276611328,0.00121822237968445,0.0299241333007812),
(0.0456552276611328,0.00121846902370453,-0.0299246234893799),(0.0456552276611328,
0.00121861743927002,-0.0299244270324707),(0.0456552276611328,0.00152504336833954,
0.0294735488891602),(0.0456552276611328,0.00152523684501648,0.0294732341766357),
(0.0456552276611328,0.00152543723583222,-0.0294737987518311),(0.0456552276611328,
0.00152563071250916,-0.0294734840393067),(0.0456552276611328,0.00178651058673859,
0.0289949245452881),(0.0456552276611328,0.00178655350208282,-0.0289949474334717),
(0.0456552276611328,0.00178670048713684,0.0289945297241211),(0.0456552276611328,
0.00178674292564392,-0.0289945545196533),(0.0456552276611328,0.00199703180789947,
0.0284918117523194),(0.0456552276611328,0.0019971786737442,0.0284913997650146),
(0.0456552276611328,0.00199728405475617,-0.0284919013977051),(0.0456552276611328,
0.00199743056297303,-0.0284914932250976),(0.0456552276611328,0.00215396404266357,
0.0279695262908936),(0.0456552276611328,0.00215405178070069,0.0279691696166992),
(0.0456552276611328,0.00215450143814087,-0.0279696559906006),(0.0456552276611328,
0.00215458774566651,-0.0279693050384522),(0.0456552276611328,0.00225852036476135,
0.0274342288970947),(0.0456552276611328,0.0022585551738739,0.0274339923858643),
(0.0456552276611328,0.00225857281684876,-0.0274342460632324),(0.0456552276611328,
0.00225860714912415,-0.0274340095520019),(0.0456552276611328,0.00231494545936584,
0.0268916454315186),(0.0456552276611328,0.00231495237350464,0.0268915386199951),
(0.0456552276611328,0.00231539154052735,-0.0268917026519776),(0.0456552276611328,
0.00231539845466614,-0.0268915996551513),(0.0456552276611328,0.00233641290664673,
0.0263463821411133),(0.0456552276611328,0.00233700251579284,-0.0263464488983154),
(0.0456552276611328,0.00234010171890259,-0.0258009395599365),(0.0456552276611328,
0.00234010171890259,0.0258009414672851),(0.0462552299499511,-0.0257636909484864,
0.0177649841308594),(0.0462552299499511,-0.0200286273956299,-0.0316038341522217),
(0.0462552299499511,-0.0169715900421143,0.0107554683685303),(0.0462552299499511,
-0.00399116969108581,0.0316038360595703),(0.0462552299499512,-0.0257636909484864,
-0.0258687705993652),(0.0462552299499512,-0.0257636909484864,-0.0189850158691406),
(0.0462552299499512,-0.0257636909484864,-0.000985016524791717),(0.0462552299499512,
-0.0257636909484864,0.0258687725067139),(0.0462552299499512,-0.0257609176635742,
-0.0263577861785888),(0.0462552299499512,-0.0257609176635742,0.0263577861785888),
(0.0462552299499512,-0.0257415943145752,-0.0268466510772705),(0.0462552299499512,
-0.0257415943145752,0.0268466529846191),(0.0462552299499512,-0.0256907920837403,
-0.027333143234253),(0.0462552299499512,-0.0256907920837403,0.0273331451416015),
(0.0462552299499512,-0.0255977249145508,-0.0278132610321045),(0.0462552299499512,
-0.0255977249145508,0.0278132629394531),(0.0462552299499512,-0.0254570922851562,
-0.0282815761566162),(0.0462552299499512,-0.0254570922851562,0.0282815780639649),
(0.0462552299499512,-0.0252685203552246,-0.0287326526641846),(0.0462552299499512,
-0.0252685203552246,0.0287326545715332),(0.0462552299499512,-0.0250347709655761,
-0.0291619987487793),(0.0462552299499512,-0.0250347709655761,0.029162000656128),
(0.0462552299499512,-0.0247598705291748,-0.0295661563873291),(0.0462552299499512,
-0.0247598705291748,0.0295661582946777),(0.0462552299499512,-0.0244478435516358,
-0.0299423789978027),(0.0462552299499512,-0.0244478435516358,0.0299423809051514),
(0.0462552299499512,-0.0241022338867188,-0.0302879867553711),(0.0462552299499512,
-0.0241022338867188,0.0302879886627197),(0.0462552299499512,-0.0237260131835937,
-0.0306000137329102),(0.0462552299499512,-0.0237260131835937,0.0306000156402588),
(0.0462552299499512,-0.0233218536376953,-0.0308749141693116),(0.0462552299499512,
-0.0233218536376953,0.0308749160766601),(0.0462552299499512,-0.0228925094604492,
-0.0311086654663086),(0.0462552299499512,-0.0228925094604492,0.0311086654663086),
(0.0462552299499512,-0.0224414310455323,-0.0312972354888916),(0.0462552299499512,
-0.0224414310455323,0.0312972373962403),(0.0462552299499512,-0.0219731178283692,
-0.0314378700256348),(0.0462552299499512,-0.0219731178283692,0.0314378719329834),
(0.0462552299499512,-0.0216499996185303,-0.0245850162506103),(0.0462552299499512,
-0.0216499996185303,-0.0189850158691406),(0.0462552299499512,-0.0216499996185303,
-0.0133850164413452),(0.0462552299499512,-0.0216499996185303,-0.00663501644134522),
(0.0462552299499512,-0.0216499996185303,-0.000985016524791717),(0.0462552299499512,
-0.0216499996185303,0.00466498327255249),(0.0462552299499512,-0.0216418132781982,
-0.0247516498565674),(0.0462552299499512,-0.0216418132781982,-0.0132183818817139),
(0.0462552299499512,-0.0216418132781982,-0.00680165004730225),(0.0462552299499512,
-0.0216418132781982,0.004831618309021),(0.0462552299499512,-0.0216173343658447,
-0.0249166736602783),(0.0462552299499512,-0.0216173343658447,-0.0130533609390259),
(0.0462552299499512,-0.0216173343658447,-0.00696667337417602),(0.0462552299499512,
-0.0216173343658447,0.00499663925170898),(0.0462552299499512,-0.0215767974853515,
-0.0250785064697265),(0.0462552299499512,-0.0215767974853515,-0.0128915271759033),
(0.0462552299499512,-0.0215767974853515,-0.00712850618362427),(0.0462552299499512,
-0.0215767974853515,0.00515847253799439),(0.0462552299499512,-0.0215205936431885,
-0.0252355823516846),(0.0462552299499512,-0.0215205936431885,-0.0127344512939453),
(0.0462552299499512,-0.0215205936431885,-0.00728558206558228),(0.0462552299499512,
-0.0215205936431885,0.00531554937362671),(0.0462552299499512,-0.0214930000305176,
-0.0315309352874756),(0.0462552299499512,-0.0214930000305176,0.0315309371948243),
(0.0462552299499512,-0.0214492664337158,-0.0253863906860352),(0.0462552299499512,
-0.0214492664337158,-0.0125836410522461),(0.0462552299499512,-0.0214492664337158,
-0.00743639135360718),(0.0462552299499512,-0.0214492664337158,0.00546635866165161),
(0.0462552299499512,-0.0213634967803955,-0.0255294876098633),(0.0462552299499512,
-0.0213634967803955,-0.0124405460357666),(0.0462552299499512,-0.0213634967803955,
-0.0075794882774353),(0.0462552299499512,-0.0213634967803955,0.00560945415496826),
(0.0462552299499512,-0.0212641162872315,-0.0256634864807129),(0.0462552299499512,
-0.0212641162872315,-0.012306547164917),(0.0462552299499512,-0.0212641162872315,
-0.0077134861946106),(0.0462552299499512,-0.0212641162872315,0.00574345302581787),
(0.0462552299499512,-0.0211520824432373,-0.0257870979309082),(0.0462552299499512,
-0.0211520824432373,-0.0121829347610474),(0.0462552299499512,-0.0211520824432373,
-0.00783709812164307),(0.0462552299499512,-0.0211520824432373,0.00586706495285034),
(0.0462552299499512,-0.0210284690856933,-0.025899133682251),(0.0462552299499512,
-0.0210284690856933,-0.0120708999633789),(0.0462552299499512,-0.0210284690856933,
-0.00794913339614868),(0.0462552299499512,-0.0210284690856933,0.00597910022735596),
(0.0462552299499512,-0.0210065078735352,-0.0315817394256592),(0.0462552299499512,
-0.0210065078735352,0.0315817413330078),(0.0462552299499512,-0.0208944721221924,
-0.0119715194702148),(0.0462552299499512,-0.0208944721221924,0.00607848024368286),
(0.0462552299499512,-0.0208944702148437,-0.0259985141754151),(0.0462552299499512,
-0.0208944702148437,-0.00804851341247559),(0.0462552299499512,-0.0207513751983643,
-0.0260842819213867),(0.0462552299499512,-0.0207513751983643,-0.0118857507705688),
(0.0462552299499512,-0.0207513751983643,-0.00813428211212158),(0.0462552299499512,
-0.0207513751983643,0.00616424942016602),(0.0462552299499512,-0.0206005649566651,
-0.026155611038208),(0.0462552299499512,-0.0206005649566651,-0.0118144226074219),
(0.0462552299499512,-0.0206005649566651,-0.00820561027526856),(0.0462552299499512,
-0.0206005649566651,0.00623557710647583),(0.0462552299499512,-0.0205176410675049,
-0.0316010627746582),(0.0462552299499512,-0.0205176410675049,0.0316010646820069),
(0.0462552299499512,-0.0204434890747071,-0.0262118129730224),(0.0462552299499512,
-0.0204434890747071,-0.0117582197189331),(0.0462552299499512,-0.0204434890747071,
-0.00826181316375733),(0.0462552299499512,-0.0204434890747071,0.00629178047180176),
(0.0462552299499512,-0.0202816562652588,-0.0262523517608643),(0.0462552299499512,
-0.0202816562652588,-0.0117176818847656),(0.0462552299499512,-0.0202816562652588,
-0.00830235099792481),(0.0462552299499512,-0.0202816562652588,0.00633231782913208),
(0.0462552299499512,-0.0201166343688965,-0.0262768306732178),(0.0462552299499512,
-0.0201166343688965,-0.0116932029724121),(0.0462552299499512,-0.0201166343688965,
-0.00832682991027832),(0.0462552299499512,-0.0201166343688965,0.00635679721832276),
(0.0462552299499512,-0.0200286273956299,0.0316038360595703),(0.0462552299499512,
-0.0199500007629395,-0.0262850170135498),(0.0462552299499512,-0.0199500007629395,
-0.0116850166320801),(0.0462552299499512,-0.0199500007629395,-0.00833501625061035),
(0.0462552299499512,-0.0199500007629395,0.00636498355865479),(0.0462552299499512,
-0.0175200004577637,0.0119149837493896),(0.0462552299499512,-0.0175200004577637,
0.0177649841308594),(0.0462552299499512,-0.0175200004577637,0.0236149826049805),
(0.0462552299499512,-0.0175127773284912,0.0117679538726807),(0.0462552299499512,
-0.0175127773284912,0.0237620143890381),(0.0462552299499512,-0.0174911766052246,
0.0116223449707031),(0.0462552299499512,-0.0174911766052246,0.023907621383667),
(0.0462552299499512,-0.0174554100036621,0.0240504150390625),(0.0462552299499512,
-0.0174554080963135,0.0114795513153076),(0.0462552299499512,-0.017405818939209,
0.0113409547805786),(0.0462552299499512,-0.0174058170318603,0.0241890125274658),
(0.0462552299499512,-0.017342882156372,0.0112078886032104),(0.0462552299499512,
-0.017342882156372,0.024322078704834),(0.0462552299499512,-0.017267204284668,
0.0244483394622803),(0.0462552299499512,-0.0172672023773194,0.0110816259384155),
(0.0462552299499512,-0.017179515838623,0.0109633922576904),(0.0462552299499512,
-0.0171795139312744,0.0245665740966797),(0.0462552299499512,-0.017080659866333,
0.010854323387146),(0.0462552299499512,-0.017080659866333,0.0246756439208984),
(0.0462552299499512,-0.0169715900421143,0.0247744979858399),(0.0462552299499512,
-0.0168533573150635,0.0106677799224853),(0.0462552299499512,-0.0168533573150635,
0.0248621864318847),(0.0462552299499512,-0.0167270965576172,0.0105921020507812),
(0.0462552299499512,-0.0167270946502685,0.0249378662109375),(0.0462552299499512,
-0.0165940284729004,0.0105291652679443),(0.0462552299499512,-0.0165940284729004,
0.0250008010864258),(0.0462552299499512,-0.0164554328918457,0.0250503921508789),
(0.0462552299499512,-0.016455430984497,0.0104795742034912),(0.0462552299499512,
-0.0163126392364502,0.0250861606597901),(0.0462552299499512,-0.0163126373291015,
0.0104438056945801),(0.0462552299499512,-0.0161670303344726,0.0104222068786621),
(0.0462552299499512,-0.0161670303344726,0.025107759475708),(0.0462552299499512,
-0.0160200004577636,0.0104149837493896),(0.0462552299499512,-0.0160200004577636,
0.0251149826049804),(0.0462552299499512,-0.0159502954483033,-0.0262850170135498),
(0.0462552299499512,-0.0159502954483033,-0.0116850166320801),(0.0462552299499512,
-0.0159502954483033,-0.00833501625061035),(0.0462552299499512,-0.0159502954483033,
0.00636498355865479),(0.0462552299499512,-0.0157836618423462,-0.0262768306732178),
(0.0462552299499512,-0.0157836618423462,-0.00832682991027832),(0.0462552299499512,
-0.0157836599349976,-0.0116932029724121),(0.0462552299499512,-0.0157836599349976,
0.00635679674148559),(0.0462552299499512,-0.0156186399459839,-0.0117176818847656),
(0.0462552299499512,-0.0156186399459839,0.00633231782913208),(0.0462552299499512,
-0.0156186380386353,-0.0262523517608643),(0.0462552299499512,-0.0156186380386353,
-0.00830235099792481),(0.0462552299499512,-0.0154568061828613,-0.0117582197189331),
(0.0462552299499512,-0.0154568061828613,0.00629178047180176),(0.0462552299499512,
-0.015456805229187,-0.0262118129730224),(0.0462552299499512,-0.015456805229187,
-0.00826181316375733),(0.0462552299499512,-0.0152997303009033,-0.026155611038208),
(0.0462552299499512,-0.0152997303009033,-0.00820561027526856),(0.0462552299499512,
-0.015299729347229,-0.0118144226074219),(0.0462552299499512,-0.015299729347229,
0.00623557710647583),(0.0462552299499512,-0.0151489210128784,-0.0260842819213867),
(0.0462552299499512,-0.0151489210128784,-0.00813428211212158),(0.0462552299499512,
-0.0151489200592041,-0.0118857507705688),(0.0462552299499512,-0.0151489200592041,
0.00616424942016602),(0.0462552299499512,-0.0150058240890503,-0.0119715194702148),
(0.0462552299499512,-0.0150058240890503,0.00607848072052002),(0.0462552299499512,
-0.015005823135376,-0.0259985141754151),(0.0462552299499512,-0.015005823135376,
-0.00804851341247559),(0.0462552299499512,-0.0148718252182007,-0.0258991336822509),
(0.0462552299499512,-0.0148718252182007,-0.0120708999633789),(0.0462552299499512,
-0.0148718252182007,-0.00794913339614868),(0.0462552299499512,-0.0148718252182007,
0.00597910022735596),(0.0462552299499512,-0.0147482137680054,-0.0257870979309082),
(0.0462552299499512,-0.0147482137680054,-0.0121829347610474),(0.0462552299499512,
-0.0147482137680054,-0.00783709812164307),(0.0462552299499512,-0.0147482137680054,
0.00586706495285034),(0.0462552299499512,-0.0146361780166626,-0.0256634864807129),
(0.0462552299499512,-0.0146361780166626,-0.012306547164917),(0.0462552299499512,
-0.0146361780166626,-0.0077134861946106),(0.0462552299499512,-0.0146361780166626,
0.00574345302581787),(0.0462552299499512,-0.0145367984771728,-0.0124405450820923),
(0.0462552299499512,-0.0145367984771728,0.00560945510864258),(0.0462552299499512,
-0.0145367975234985,-0.0255294876098633),(0.0462552299499512,-0.0145367975234985,
-0.00757948732376099),(0.0462552299499512,-0.0144510297775269,-0.0253863925933838),
(0.0462552299499512,-0.0144510297775269,-0.00743639183044434),(0.0462552299499512,
-0.0144510288238525,-0.0125836420059204),(0.0462552299499512,-0.0144510288238525,
0.00546635818481445),(0.0462552299499512,-0.0143797016143799,-0.0252355823516846),
(0.0462552299499512,-0.0143797016143799,-0.00728558206558228),(0.0462552299499512,
-0.0143797016143799,-0.0127344512939453),(0.0462552299499512,-0.0143797016143799,
0.00531554889678955),(0.0462552299499512,-0.0143234987258911,-0.0250785064697265),
(0.0462552299499512,-0.0143234987258911,-0.0128915271759033),(0.0462552299499512,
-0.0143234987258911,-0.00712850570678711),(0.0462552299499512,-0.0143234987258911,
0.0051584734916687),(0.0462552299499512,-0.0142829608917236,-0.0249166717529297),
(0.0462552299499512,-0.0142829608917236,-0.00696667242050171),(0.0462552299499512,
-0.0142829608917236,-0.0130533599853516),(0.0462552299499512,-0.0142829608917236,
0.0049966402053833),(0.0462552299499512,-0.0142584819793701,-0.024751651763916),
(0.0462552299499512,-0.0142584819793701,-0.0132183828353882),(0.0462552299499512,
-0.0142584819793701,-0.00680165147781372),(0.0462552299499512,-0.0142584819793701,
0.00483161735534668),(0.0462552299499512,-0.0142502956390381,-0.0245850162506103),
(0.0462552299499512,-0.0142502956390381,-0.0189850158691406),(0.0462552299499512,
-0.0142502956390381,-0.0133850164413452),(0.0462552299499512,-0.0142502956390381,
-0.00663501644134522),(0.0462552299499512,-0.0142502956390381,-0.000985016524791717),
(0.0462552299499512,-0.0142502956390381,0.00466498327255249),(0.0462552299499512,
-0.0131499996185303,-0.0245850162506103),(0.0462552299499512,-0.0131499996185303,
-0.0189850158691406),(0.0462552299499512,-0.0131499996185303,-0.0133850164413452),
(0.0462552299499512,-0.0131499996185303,-0.00663501644134522),(0.0462552299499512,
-0.0131499996185303,-0.000985016524791717),(0.0462552299499512,-0.0131499996185303,
0.00466498327255249),(0.0462552299499512,-0.0131418132781982,-0.0247516498565674),
(0.0462552299499512,-0.0131418132781982,-0.0132183818817139),(0.0462552299499512,
-0.0131418132781982,-0.00680165004730225),(0.0462552299499512,-0.0131418132781982,
0.004831618309021),(0.0462552299499512,-0.0131173343658447,-0.0249166736602783),
(0.0462552299499512,-0.0131173343658447,-0.0130533609390259),(0.0462552299499512,
-0.0131173343658447,-0.00696667337417602),(0.0462552299499512,-0.0131173343658447,
0.00499663925170898),(0.0462552299499512,-0.0130767965316772,-0.0250785064697265),
(0.0462552299499512,-0.0130767965316772,-0.0128915271759033),(0.0462552299499512,
-0.0130767965316772,-0.00712850618362427),(0.0462552299499512,-0.0130767965316772,
0.00515847253799439),(0.0462552299499512,-0.0130205936431885,-0.0252355823516846),
(0.0462552299499512,-0.0130205936431885,-0.0127344512939453),(0.0462552299499512,
-0.0130205936431885,-0.00728558206558228),(0.0462552299499512,-0.0130205936431885,
0.00531554937362671),(0.0462552299499512,-0.0129492664337158,-0.0253863906860352),
(0.0462552299499512,-0.0129492664337158,-0.00743639135360718),(0.0462552299499512,
-0.0129492654800415,-0.0125836410522461),(0.0462552299499512,-0.0129492654800415,
0.00546635866165161),(0.0462552299499512,-0.0128634977340698,-0.0124405460357666),
(0.0462552299499512,-0.0128634977340698,0.00560945415496826),(0.0462552299499512,
-0.0128634967803955,-0.0255294876098633),(0.0462552299499512,-0.0128634967803955,
-0.0075794882774353),(0.0462552299499512,-0.0127641172409058,-0.0256634864807129),
(0.0462552299499512,-0.0127641172409058,-0.012306547164917),(0.0462552299499512,
-0.0127641172409058,-0.0077134861946106),(0.0462552299499512,-0.0127641172409058,
0.00574345302581787),(0.0462552299499512,-0.012652081489563,-0.0257870979309082),
(0.0462552299499512,-0.012652081489563,-0.0121829347610474),(0.0462552299499512,
-0.012652081489563,-0.00783709812164307),(0.0462552299499512,-0.012652081489563,
0.00586706495285034),(0.0462552299499512,-0.0125284700393677,-0.0258991336822509),
(0.0462552299499512,-0.0125284700393677,-0.0120708999633789),(0.0462552299499512,
-0.0125284700393677,-0.00794913339614868),(0.0462552299499512,-0.0125284700393677,
0.00597910022735596),(0.0462552299499512,-0.0123944721221924,-0.0119715194702148),
(0.0462552299499512,-0.0123944721221924,0.00607848024368286),(0.0462552299499512,
-0.0123944711685181,-0.0259985141754151),(0.0462552299499512,-0.0123944711685181,
-0.00804851341247559),(0.0462552299499512,-0.0122513751983643,-0.0260842819213867),
(0.0462552299499512,-0.0122513751983642,-0.00813428211212158),(0.0462552299499512,
-0.0122513742446899,-0.0118857507705688),(0.0462552299499512,-0.0122513742446899,
0.00616424942016602),(0.0462552299499512,-0.0121005659103394,-0.026155611038208),
(0.0462552299499512,-0.0121005659103394,-0.00820561027526856),(0.0462552299499512,
-0.012100564956665,-0.0118144226074219),(0.0462552299499512,-0.012100564956665,
0.00623557710647583),(0.0462552299499512,-0.0119434900283813,-0.0117582197189331),
(0.0462552299499512,-0.0119434900283813,0.00629178047180176),(0.0462552299499512,
-0.011943489074707,-0.0262118129730224),(0.0462552299499512,-0.011943489074707,
-0.00826181316375733),(0.0462552299499512,-0.0117816572189331,-0.0117176818847656),
(0.0462552299499512,-0.0117816572189331,0.00633231782913208),(0.0462552299499512,
-0.0117816562652588,-0.0262523517608643),(0.0462552299499512,-0.0117816562652588,
-0.00830235099792481),(0.0462552299499512,-0.0116166353225708,-0.0262768306732178),
(0.0462552299499512,-0.0116166353225708,-0.00832682991027832),(0.0462552299499512,
-0.0116166334152222,-0.0116932029724121),(0.0462552299499512,-0.0116166334152222,
0.00635679721832276),(0.0462552299499512,-0.0114499998092651,-0.0262850170135498),
(0.0462552299499512,-0.0114499998092651,-0.0116850166320801),(0.0462552299499512,
-0.0114499998092651,0.00636498355865479),(0.0462552299499512,-0.0114499998092651,
-0.00833501625061035),(0.0462552299499512,-0.00736999988555908,-0.0262850170135498),
(0.0462552299499512,-0.00736999988555908,-0.0116850166320801),(0.0462552299499512,
-0.00736999988555908,-0.00833501625061035),(0.0462552299499512,-0.00736999988555908,
0.00636498355865479),(0.0462552299499512,-0.00720336627960205,-0.0262768306732178),
(0.0462552299499512,-0.00720336627960205,-0.00832682991027832),(0.0462552299499512,
-0.00720336484909058,-0.0116932029724121),(0.0462552299499512,-0.00720336484909058,
0.0063567967414856),(0.0462552299499512,-0.00703834438323975,-0.0117176818847656),
(0.0462552299499512,-0.00703834438323975,0.00633231782913208),(0.0462552299499512,
-0.00703834295272827,-0.0262523517608643),(0.0462552299499512,-0.00703834295272827,
-0.00830235099792481),(0.0462552299499512,-0.00687651062011719,-0.0117582197189331),
(0.0462552299499512,-0.00687651062011719,0.00629178047180176),(0.0462552299499512,
-0.00687651014328003,-0.0262118129730224),(0.0462552299499512,-0.00687651014328003,
-0.00826181316375733),(0.0462552299499512,-0.00671943473815918,-0.026155611038208),
(0.0462552299499512,-0.00671943473815918,-0.00820561027526856),(0.0462552299499512,
-0.00671943426132202,-0.0118144226074219),(0.0462552299499512,-0.00671943426132202,
0.00623557710647583),(0.0462552299499512,-0.00656862545013428,-0.0260842819213867),
(0.0462552299499512,-0.00656862545013428,-0.00813428211212158),(0.0462552299499512,
-0.00656862449645996,-0.0118857507705688),(0.0462552299499512,-0.00656862449645996,
0.00616424942016602),(0.0462552299499512,-0.00642552900314331,-0.0119715194702148),
(0.0462552299499512,-0.00642552900314331,0.00607848072052002),(0.0462552299499512,
-0.00642552852630615,-0.0259985141754151),(0.0462552299499512,-0.00642552852630615,
-0.00804851341247559),(0.0462552299499512,-0.00630000019073487,0.0104149837493896),
(0.0462552299499512,-0.00630000019073487,0.0251149826049804),(0.0462552299499512,
-0.0062915301322937,-0.0258991336822509),(0.0462552299499512,-0.0062915301322937,
-0.0120708999633789),(0.0462552299499512,-0.0062915301322937,-0.00794913339614868),
(0.0462552299499512,-0.0062915301322937,0.00597910022735596),(0.0462552299499512,
-0.00616791868209839,-0.0257870979309082),(0.0462552299499512,-0.00616791868209839,
-0.0121829347610474),(0.0462552299499512,-0.00616791868209839,-0.00783709812164307),
(0.0462552299499512,-0.00616791868209839,0.00586706495285034),(0.0462552299499512,
-0.00615297031402588,0.0104222068786621),(0.0462552299499512,-0.00615296888351441,
0.025107759475708),(0.0462552299499512,-0.00605588293075562,-0.0256634864807129),
(0.0462552299499512,-0.00605588293075562,-0.012306547164917),(0.0462552299499512,
-0.00605588293075562,-0.0077134861946106),(0.0462552299499512,-0.00605588293075562,
0.00574345302581787),(0.0462552299499512,-0.00600736236572266,0.0250861606597901),
(0.0462552299499512,-0.00600736141204834,0.0104438056945801),(0.0462552299499512,
-0.00595650339126587,-0.0124405450820923),(0.0462552299499512,-0.00595650339126587,
0.00560945510864258),(0.0462552299499512,-0.00595650243759156,-0.00757948732376099),
(0.0462552299499512,-0.00595650243759155,-0.0255294876098633),(0.0462552299499512,
-0.00587073421478272,-0.0253863925933838),(0.0462552299499512,-0.00587073421478272,
-0.00743639183044434),(0.0462552299499512,-0.00587073373794556,-0.0125836420059204),
(0.0462552299499512,-0.00587073373794556,0.00546635818481445),(0.0462552299499512,
-0.00586456823348999,0.0250503921508789),(0.0462552299499512,-0.00586456775665283,
0.0104795742034912),(0.0462552299499512,-0.0057994065284729,-0.0252355823516846),
(0.0462552299499512,-0.0057994065284729,-0.00728558206558228),(0.0462552299499512,
-0.00579940605163574,-0.0127344512939453),(0.0462552299499512,-0.00579940605163574,
0.00531554889678955),(0.0462552299499512,-0.00574320316314697,-0.0250785064697265),
(0.0462552299499512,-0.00574320316314697,-0.0128915271759033),(0.0462552299499512,
-0.00574320316314697,-0.00712850570678711),(0.0462552299499512,-0.00574320316314697,
0.0051584734916687),(0.0462552299499512,-0.00572597169876099,0.0250008010864258),
(0.0462552299499512,-0.00572597169876098,0.0105291652679443),(0.0462552299499512,
-0.00570266580581665,-0.0130533599853516),(0.0462552299499512,-0.00570266580581665,
0.0049966402053833),(0.0462552299499512,-0.00570266532897949,-0.0249166717529297),
(0.0462552299499512,-0.00570266532897949,-0.00696667242050171),(0.0462552299499512,
-0.00567818641662598,-0.024751651763916),(0.0462552299499512,-0.00567818641662598,
-0.0132183828353882),(0.0462552299499512,-0.00567818641662598,-0.00680165147781372),
(0.0462552299499512,-0.00567818641662598,0.00483161735534668),(0.0462552299499512,
-0.00567000007629395,-0.0245850162506103),(0.0462552299499512,-0.00567000007629395,
-0.0189850158691406),(0.0462552299499512,-0.00567000007629395,-0.0133850164413452),
(0.0462552299499512,-0.00567000007629395,-0.00663501644134522),(0.0462552299499512,
-0.00567000007629395,-0.000985016524791717),(0.0462552299499512,-0.00567000007629395,
0.00466498327255249),(0.0462552299499512,-0.00559290456771851,0.0105921020507812),
(0.0462552299499512,-0.00559290409088135,0.0249378643035889),(0.0462552299499512,
-0.00546664333343506,0.0248621864318847),(0.0462552299499512,-0.0054666428565979,
0.0106677808761597),(0.0462552299499512,-0.0053484091758728,0.0107554683685303),
(0.0462552299499512,-0.0053484091758728,0.0247744979858399),(0.0462552299499512,
-0.00523933982849121,0.010854323387146),(0.0462552299499512,-0.00523933982849121,
0.0246756439208984),(0.0462552299499512,-0.00514048528671265,0.0109633922576904),
(0.0462552299499512,-0.00514048528671265,0.0245665740966797),(0.0462552299499512,
-0.00505279684066773,0.0244483413696289),(0.0462552299499512,-0.00505279636383057,
0.0110816268920898),(0.0462552299499512,-0.00497711849212647,0.0112078876495361),
(0.0462552299499512,-0.00497711801528931,0.024322078704834),(0.0462552299499512,
-0.00491418218612671,0.0113409547805786),(0.0462552299499512,-0.00491418218612671,
0.0241890125274658),(0.0462552299499512,-0.00486459112167358,0.0114795522689819),
(0.0462552299499512,-0.00486459112167358,0.0240504150390625),(0.0462552299499512,
-0.00482882261276245,0.0116223459243774),(0.0462552299499512,-0.00482882261276245,
0.023907621383667),(0.0462552299499512,-0.00480722332000733,0.0117679529190063),
(0.0462552299499512,-0.00480722332000733,0.0237620124816895),(0.0462552299499512,
-0.00480000019073486,0.0119149837493896),(0.0462552299499512,-0.00480000019073486,
0.0177649841308594),(0.0462552299499512,-0.00480000019073486,0.0236149826049805),
(0.0462552299499512,-0.00399116969108581,-0.0316038341522217),(0.0462552299499512,
-0.00350215482711792,-0.0316010627746582),(0.0462552299499512,-0.00350215482711792,
0.0316010646820069),(0.0462552299499512,-0.0030132884979248,-0.0315817394256592),
(0.0462552299499512,-0.0030132884979248,0.0315817413330078),(0.0462552299499512,
-0.00252679657936097,-0.0315309352874756),(0.0462552299499512,-0.00252679657936097,
0.0315309371948243),(0.0462552299499512,-0.00204667901992798,-0.0314378700256348),
(0.0462552299499512,-0.00204667901992798,0.0314378719329834),(0.0462552299499512,
-0.001578364610672,-0.0312972354888916),(0.0462552299499512,-0.001578364610672,
0.0312972373962403),(0.0462552299499512,-0.00112728667259216,-0.0311086654663086),
(0.0462552299499512,-0.00112728667259216,0.0311086654663086),(0.0462552299499512,
-0.000697941958904266,-0.0308749141693116),(0.0462552299499512,-0.000697941958904266,
0.0308749160766601),(0.0462552299499512,-0.000293783605098725,0.0306000156402588),
(0.0462552299499512,-0.000293783575296402,-0.0306000137329102),(0.0462552299499512,
8.24381858110428E-5,0.0302879886627197),(0.0462552299499512,8.2438200712204E-5,
-0.0302879867553711),(0.0462552299499512,0.00042804691195488,-0.0299423789978027),
(0.0462552299499512,0.00042804691195488,0.0299423809051514),(0.0462552299499512,
0.000740074336528778,-0.0295661563873291),(0.0462552299499512,0.000740074336528778,
0.0295661582946777),(0.0462552299499512,0.00101497423648834,-0.0291619987487793),
(0.0462552299499512,0.00101497423648834,0.029162000656128),(0.0462552299499512,
0.00124872434139252,-0.0287326526641846),(0.0462552299499512,0.00124872434139252,
0.0287326545715332),(0.0462552299499512,0.001437295794487,-0.0282815761566162),
(0.0462552299499512,0.001437295794487,0.0282815780639649),(0.0462552299499512,
0.00157792925834656,-0.0278132610321045),(0.0462552299499512,0.00157792925834656,
0.0278132629394531),(0.0462552299499512,0.00167099571228027,-0.027333143234253),
(0.0462552299499512,0.00167099571228027,0.0273331451416015),(0.0462552299499512,
0.00172179877758026,-0.0268466510772705),(0.0462552299499512,0.00172179877758026,
0.0268466529846191),(0.0462552299499512,0.00174112200737,-0.0263577861785888),
(0.0462552299499512,0.00174112200737,0.0263577861785888),(0.0462552299499512,
0.00174389386177063,-0.0258687705993652),(0.0462552299499512,0.00174389386177063,
-0.0189850158691406),(0.0462552299499512,0.00174389386177063,-0.000985016524791719),
(0.0462552299499512,0.00174389386177063,0.0177649841308594),(0.0462552299499512,
0.00174389386177063,0.0258687725067139)));
#29=TESSELLATED_SHELL('Part 1',(#27),$);
#30=SHAPE_DEFINITION_REPRESENTATION(#42,#31);
#31=SHAPE_REPRESENTATION('Part 1',(#32),#37);
#32=AXIS2_PLACEMENT_3D('',#35,#33,#34);
#33=DIRECTION('',(0.,0.,1.));
#34=DIRECTION('',(1.,0.,0.));
#35=CARTESIAN_POINT('',(0.,0.,0.));
#36=MECHANICAL_DESIGN_GEOMETRIC_PRESENTATION_REPRESENTATION('',(#12,#13),
#37);
#37=(
GEOMETRIC_REPRESENTATION_CONTEXT(3)
GLOBAL_UNCERTAINTY_ASSIGNED_CONTEXT((#38))
GLOBAL_UNIT_ASSIGNED_CONTEXT((#41,#40,#39))
REPRESENTATION_CONTEXT('Part 1','TOP_LEVEL_ASSEMBLY_PART')
);
#38=UNCERTAINTY_MEASURE_WITH_UNIT(LENGTH_MEASURE(1.E-8),#41,
'DISTANCE_ACCURACY_VALUE','Maximum Tolerance applied to model');
#39=(
NAMED_UNIT(*)
SI_UNIT($,.STERADIAN.)
SOLID_ANGLE_UNIT()
);
#40=(
NAMED_UNIT(*)
PLANE_ANGLE_UNIT()
SI_UNIT($,.RADIAN.)
);
#41=(
LENGTH_UNIT()
NAMED_UNIT(*)
SI_UNIT($,.METRE.)
);
#42=PRODUCT_DEFINITION_SHAPE('','',#43);
#43=PRODUCT_DEFINITION('','',#45,#44);
#44=PRODUCT_DEFINITION_CONTEXT('',#51,'design');
#45=PRODUCT_DEFINITION_FORMATION_WITH_SPECIFIED_SOURCE('','',#47,
 .NOT_KNOWN.);
#46=PRODUCT_RELATED_PRODUCT_CATEGORY('','',(#47));
#47=PRODUCT('Part 1','Part 1','Part 1',(#49));
#48=PRODUCT_CATEGORY('','');
#49=PRODUCT_CONTEXT('',#51,'mechanical');
#50=APPLICATION_PROTOCOL_DEFINITION('international standard',
'ap242_managed_model_based_3d_engineering',2020,#51);
#51=APPLICATION_CONTEXT('managed model based 3d engineering');
ENDSEC;
END-ISO-10303-21;
